store_id,uptime_last_hour(in minutes),uptime_last_day(in hours),uptime_last_week(in hours),downtime_last_hour(in minutes),downtime_last_day(in hours),downtime_last_week(in hours)
00017c6a-7a77-4a95-bb2d-40647868aff6,60.00,8.53,58.77,0.00,1.97,16.73
000bba84-20af-4a8b-b68a-368922cc6ad1,0.00,0.00,0.00,60.00,24.00,168.00
003222af-0b64-4f8c-b5c3-d2dc24636f02,60.00,11.25,78.75,0.00,0.00,0.00
00505ad5-7cf5-42f1-a7e4-252e42273e77,60.00,11.69,81.89,0.00,1.80,12.49
0059ffee-d90a-4355-afd3-b14e7030d2a5,60.00,12.74,91.33,0.00,1.24,8.59
006006cb-7763-42bb-af62-0101f6bc2de1,60.00,10.03,72.30,0.00,2.47,17.20
0066c6a3-6a89-40a1-b11f-64526666c771,0.00,0.00,0.00,60.00,15.98,111.88
006c9910-9126-4bb9-b5d8-cd37bc14790b,0.00,0.00,0.00,60.00,24.00,168.00
007257d2-73df-4c35-8a67-859f988b63f0,60.00,13.24,89.77,0.00,2.26,18.73
007a6957-bf78-4062-9a01-b39641f0c126,60.00,9.64,67.58,0.00,2.86,19.92
009c0a31-4856-4f4b-a2a1-a53145db6f45,60.00,13.20,92.25,0.00,0.30,2.24
009e533c-bbc6-4a3f-afda-ae1f9ab5dc87,0.00,0.00,0.00,60.00,10.00,70.00
00bcec56-84f9-4a91-a3b8-c63ba60c69fe,60.00,14.27,100.75,0.00,0.23,0.75
00bfac82-9546-429a-b137-39797e9dbe6c,60.00,8.68,60.85,0.00,2.32,16.15
00d3080b-63b0-46c3-ad41-35ba3e84e922,60.00,13.33,95.42,0.00,0.16,1.08
00e3e0a6-a94a-4abe-8ab7-138e7215993a,60.00,13.41,93.94,0.00,0.07,0.45
00e70d3c-7c2a-4633-b779-797f36f77dda,60.00,8.97,62.84,0.00,2.03,14.16
012c2916-6822-4202-9cc0-a9a20abe3ec4,60.00,12.50,89.50,0.00,0.00,0.00
0130723a-06f8-4377-9170-abe3b932eff8,60.00,11.25,78.75,0.00,0.00,0.00
013ba14b-3518-427a-8130-8379e9ab198c,0.00,0.00,0.00,60.00,11.50,80.50
0143bd74-2221-4765-9064-ce416f00ee6e,0.00,0.00,0.00,60.00,15.50,108.50
0157421c-0a63-4941-a409-37dfe713c8dd,60.00,8.52,79.88,0.00,5.47,20.03
0158621b-c033-47e1-98c0-14be931d7670,60.00,9.86,71.08,0.00,2.64,18.42
01611b02-d799-4a60-840a-38f16fdaf84b,60.00,9.79,70.50,0.00,0.21,1.50
0164431d-ed09-425d-b9fc-0527ea355c6b,60.00,8.87,41.43,0.00,2.13,35.57
0165ef34-3a7d-4e1f-870d-20a63d8fbcb3,60.00,12.14,86.92,0.00,0.86,6.05
01b0e90e-4bbb-4bad-a0d0-fa9f4eae8c82,60.00,17.00,121.00,0.00,0.00,0.00
01b363c7-9360-413f-9d81-560519758d27,0.00,0.00,0.00,60.00,24.00,168.00
01bba31b-d858-4fc2-9768-47b9bc394441,0.00,0.00,0.00,60.00,12.50,117.50
01c792cd-2acb-4dd2-89b3-9f58ee057494,60.00,10.72,75.14,0.00,2.78,19.36
01da0a2e-7341-448d-a66f-920fccd80e37,60.00,9.10,65.79,0.00,2.40,16.71
01dd1a67-9582-4c07-9c47-22990be20152,60.00,9.44,68.14,0.00,1.06,7.36
01e38f5a-0a56-4668-b0d1-9af60bbe4fb5,51.15,5.99,41.99,8.85,2.01,14.01
01ec731b-b8d5-4de7-a557-2d78816129f9,0.00,0.00,0.00,60.00,12.00,85.97
0206379e-d0cb-4afb-95ad-4518d07316de,60.00,11.17,79.93,0.00,2.81,19.98
02118686-3776-481b-89f1-a5cc03884878,60.00,8.15,58.79,0.00,2.35,16.71
021a3c1a-8328-4b6a-96a7-9fecc6975fd0,60.00,10.65,74.54,0.00,0.60,4.21
021d0906-a2c2-4c3d-8920-085fb075879c,0.00,0.00,0.00,60.00,13.50,96.50
021d7a16-0bed-4856-83bc-12cfcf53706b,60.00,10.39,74.76,0.00,2.61,18.21
022ba325-8587-4897-98ff-7ec3ab2882c1,60.00,8.98,62.94,0.00,2.85,19.89
022cd15f-9128-49b1-90e4-5938be627015,60.00,14.46,106.38,0.00,1.29,9.12
0233b870-8996-4137-a1c8-3e4ea98180c9,60.00,8.67,60.80,0.00,1.99,13.87
0243e64c-623b-454f-bb57-e3fda1f46373,60.00,16.80,117.54,0.00,0.20,1.46
0261c842-c16e-4f50-a9d3-04018068f88b,0.00,0.00,0.00,60.00,13.50,96.50
02837d4e-3d98-44ee-8533-1c6821ae5ab8,0.00,0.00,0.00,0.00,0.00,53.00
028611d6-7305-4314-8355-fed01489c446,0.00,0.00,0.00,60.00,13.50,94.50
0291c820-61c0-4677-a883-cc86a5ff35e1,60.00,9.85,69.02,0.00,2.65,18.48
02d16654-0bcf-49e1-9e3a-019555d6795a,60.00,17.00,131.97,0.00,0.00,0.00
02d6a0db-6c3d-4226-9563-5f861681ca30,60.00,8.31,58.26,0.00,2.35,16.41
02d77d60-f220-47ee-bcbe-d6639deee994,60.00,10.15,71.15,0.00,2.35,16.35
02dcc084-0b71-4a95-8781-f2e195aeace6,60.00,14.03,97.88,0.00,2.97,21.12
02e00fcb-db53-4633-aed6-5e964085d9e3,60.00,12.59,90.27,0.00,1.39,9.64
02e3f453-bc00-4f84-a9ce-26f97ec3eacd,0.00,0.00,0.00,60.00,11.50,82.48
02e9a94c-1f23-48b7-b040-f8a9ceae10b8,0.00,0.00,0.00,60.00,8.00,68.00
031543eb-84ff-4d73-a811-b3bb44ac0c79,60.00,8.87,62.19,0.00,2.13,14.81
031782b3-fdfd-44c6-b0f4-c59b2cad6fcb,60.00,10.55,74.09,0.00,2.94,20.30
031901e1-53bc-4bf0-a3b3-527b2f192f9f,0.00,0.00,0.00,60.00,11.50,80.50
03243548-0353-4656-8079-7b2f89245a58,60.00,9.90,69.37,0.00,2.60,18.13
0328b718-040e-4a09-9ea0-3d079d67fd87,0.00,0.00,0.00,60.00,13.25,92.75
0333f5b6-8846-40f7-9d17-6a637f0c93b7,0.00,0.00,0.00,60.00,14.00,100.00
034ce982-3714-44d2-92bd-2ecbb19418f3,60.00,9.79,66.80,0.00,2.71,22.70
034e20db-6a14-485a-810a-f9ca5d80116f,0.00,0.00,0.00,0.00,0.00,1.00
0366438a-d363-479d-89ef-33759e4b0eff,0.00,0.00,0.00,60.00,12.00,84.98
03747da9-40cf-4b33-bec4-d6479751aac1,60.00,12.63,90.14,0.00,0.37,2.82
037ece62-20c9-4af6-9c98-5b1f65224237,60.00,10.23,71.69,0.00,2.27,15.81
0383e8f9-4fe2-4cfa-a4ca-879d6bf62839,60.00,11.36,81.62,0.00,2.62,18.30
03842999-9dd1-4e78-9ba7-cf4fd2ee8d82,60.00,10.45,67.23,0.00,2.38,22.60
03904864-f270-42c1-b993-9710c911509a,60.00,8.77,53.09,0.00,2.56,26.25
03a8d396-bb73-431e-b05d-d30f31af22ea,60.00,11.54,82.89,0.00,2.46,17.11
03d6ef9e-9da3-4c40-81a8-76b698c58af1,60.00,23.98,167.88,0.00,-0.00,0.00
03e68343-17dd-4c83-b885-a392ffe1ec29,60.00,8.52,59.72,0.00,2.15,14.95
03edf5ed-e502-47f3-8a4a-2fe6cd05a712,60.00,13.29,92.04,0.00,0.69,6.88
0415b056-3528-4711-a237-77126336b89d,21.84,8.57,63.89,38.16,2.43,13.11
04303893-f2a7-4fc5-b28d-c8479c8cb081,60.00,8.69,60.90,0.00,2.31,16.10
0430dd56-c95b-405b-8fc2-3c4dda8b8367,0.00,0.00,0.00,60.00,11.00,77.00
0439f0ee-e1aa-43d1-b92f-7c4a301dd366,0.00,0.00,0.00,60.00,11.50,80.50
04462056-c979-46a1-bd3b-f1ed1dad404b,60.00,9.68,69.81,0.00,2.82,19.69
044f0666-228e-43a8-ae30-05c01adf6c9c,0.00,0.00,0.00,60.00,17.50,122.50
045d0d07-62dd-41bb-a14f-c36a147131dc,0.00,0.00,0.00,60.00,15.00,107.50
0482449a-75a3-4eb9-bafc-0a47ec179c2d,60.00,8.98,62.93,0.00,2.02,14.07
048b2d55-9b75-4d3c-bdba-d6036879a70a,60.00,16.00,112.00,0.00,0.00,0.00
04dc9f06-c976-4658-8a60-8e3a3fdd2b6e,0.00,0.00,0.00,60.00,10.50,75.50
04f696a6-bb96-44da-83f6-aba3df0db6dd,0.00,0.00,0.00,0.00,0.00,1.00
0509ef68-88a9-4cce-8616-6e5020fa6082,60.00,11.94,85.49,0.00,0.06,0.48
05282852-b122-45ac-84b8-a2c942fb6f51,60.00,9.03,63.29,0.00,1.97,13.71
052cf0ff-4f2a-4dff-855a-660c777d2b69,60.00,7.92,108.50,0.00,0.00,0.00
0546fd35-fb37-4527-97da-072a5c414bfa,60.00,11.48,82.46,0.00,1.52,10.54
0576222f-4d63-43ed-ab35-4a13bbf57d92,60.00,12.50,87.50,0.00,0.00,0.00
058fa7c5-7188-4f3f-887d-5b57961ba6bd,60.00,8.16,58.83,0.00,2.34,16.67
05ba7e4d-7f9a-4e24-9688-d77977f2ef3c,60.00,9.59,45.38,0.00,0.41,26.62
05c494b1-9f50-4e50-b065-7f153e9c9e19,0.00,0.00,0.00,60.00,12.00,84.00
05c68e05-c705-41a7-b69d-e45575fa3203,60.00,8.98,42.14,0.00,2.85,40.70
05e1765c-23c2-4328-b480-720f4eb0216a,60.00,19.03,133.08,0.00,1.31,9.25
05ed635e-3c11-423b-9800-721455624627,0.00,0.00,0.00,60.00,13.00,95.00
05eee01a-d332-4b19-8247-ce97fc1ff841,0.00,0.00,0.00,60.00,13.50,94.50
05f95809-82d2-41ce-a7d9-63c827ff6272,60.00,9.86,71.09,0.00,2.64,18.41
05f9c84d-2aa9-4d8b-a0c6-b6238a7659dd,60.00,9.84,70.96,0.00,2.66,18.54
0625bc76-e197-47be-a81e-07f920acfed1,60.00,13.19,92.34,0.00,0.29,2.04
0635382c-90bb-4fc0-ad07-1fd196e03aab,0.00,0.00,0.00,60.00,15.00,105.00
065393fb-674a-42e9-98e0-a66e88eda5dc,0.00,0.00,0.00,60.00,12.50,87.50
065820d9-397c-48e6-8f26-8033dc60ac49,0.00,0.00,0.00,60.00,10.50,73.50
0658e85b-df86-42e4-aba4-3ba34a00b810,0.00,0.00,0.00,0.00,1.06,66.90
066985a2-f522-4570-aea5-0b8b47f67528,0.00,0.00,0.00,60.00,13.50,94.50
0684c0f7-7b0a-421e-9c59-6886a225f925,60.00,9.64,69.53,0.00,2.86,19.97
06ad5ed8-6501-4d6e-8cb5-5cc2c657bf0a,60.00,9.72,68.13,0.00,2.78,19.37
06cefc5b-a6d0-4772-8bcc-b30609d2b2aa,0.00,0.00,0.00,0.00,1.08,67.00
06fec79a-9873-488a-9c6b-494c8294924b,0.00,0.00,0.00,60.00,11.50,80.50
072291a8-62d6-4721-b014-ac78983cfce5,0.00,0.00,0.00,60.00,24.00,168.00
074d5280-f7ed-4071-9697-88ab3af8bb62,60.00,9.75,68.24,0.00,0.25,2.26
075267fc-b2d6-46e1-b0e9-6afd75648fe2,0.00,0.00,0.00,60.00,11.00,77.00
0784b45b-19ed-4e45-b825-dde04b19783b,0.00,0.00,0.00,60.00,7.92,67.97
079c8703-2de8-4e41-a0db-7c8b192dc05c,60.00,13.24,92.48,0.00,0.26,2.02
07a320ae-e5ee-4a3c-b78e-8e4529026189,0.00,0.00,0.00,60.00,8.50,68.50
07ac5d39-ff8c-4d99-87d7-3376c65aa834,60.00,11.30,81.23,0.00,2.68,18.69
07b75ac2-241b-4a1d-80af-e8252e5495e8,60.00,17.00,119.00,0.00,0.00,0.00
07c9442d-c907-4e2f-abff-acc8cec5d222,60.00,8.92,77.00,0.00,0.00,0.00
07c97831-a322-433b-8a05-2eb23ec5c459,60.00,11.61,80.33,0.00,2.39,19.66
07e22d07-7019-4fa6-bdcf-dc328c2ece17,60.00,10.23,89.71,0.00,2.75,9.27
07e4fd7f-c6cd-4277-8f60-f30259608cbf,0.00,0.00,0.00,0.00,4.06,34.43
07fcdf4b-3dd4-40e6-bd55-5f4014d1cbc5,60.00,9.75,59.23,0.00,0.25,11.27
0821e15e-55f7-45ea-b634-9ec92fe00951,60.00,17.50,122.50,0.00,0.00,0.00
082390d5-018f-4c46-900a-002334f86d75,0.00,0.00,0.00,60.00,9.75,78.25
0824fff2-c17b-49ca-9565-28882b07dc94,60.00,10.19,71.38,0.00,2.31,16.12
083ed017-8335-4f5a-a366-c5bef530a704,60.00,9.80,67.64,0.00,0.45,4.11
084c379d-a9a1-47f4-9c44-7783a3d8422c,0.00,0.00,0.00,60.00,15.50,108.50
08641830-2851-4831-aa22-fe13572d3d52,60.00,10.19,71.39,0.00,0.31,14.11
08713845-29a2-4d5f-8aaa-e480e45425a7,0.00,0.00,0.00,60.00,14.00,100.00
08771e13-f497-4842-8a04-73e16c0474b1,60.00,15.00,101.27,0.00,1.00,14.70
0890433c-1729-4973-a1d3-a9fd4b8fef04,60.00,13.27,92.67,0.00,0.23,1.83
089b570b-b6fc-46f3-aedf-b8e4be1c1347,0.00,0.00,0.00,60.00,14.75,103.50
08a80ec8-2f56-4462-aa33-4792249cc456,0.00,0.00,0.00,60.00,12.00,94.50
08af04ec-1d39-4792-9cb5-81a483348277,60.00,8.87,62.13,0.00,1.80,12.53
08d0a3e9-6f41-4b80-a014-00c1500397fa,0.00,0.00,0.00,60.00,8.00,68.00
08e7b05e-f050-4599-93da-2a7b9e7ab350,60.00,9.50,66.07,0.00,2.00,14.43
08fbdf80-23c7-45ef-af61-4d96eef55939,0.00,0.00,0.00,60.00,19.00,133.00
091f8ba5-23f5-42f1-9d22-a14ec4117e07,0.00,0.00,0.00,60.00,24.00,168.00
092389b6-ad83-432b-9032-dbbfd9240ddd,0.00,0.00,0.00,60.00,13.50,90.50
093e1a63-a8d3-4148-8b17-af25e84c261c,0.00,0.00,0.00,60.00,12.00,84.00
09479b10-1fc7-4918-8a4e-6685bbc6eb51,0.00,0.00,0.00,60.00,11.50,80.50
094997a6-5252-4447-8e55-ec7cce81096f,19.62,8.56,60.83,40.38,2.44,16.17
094bc999-9283-4d07-a937-16fbd3fe47f6,60.00,9.74,68.69,0.00,0.26,1.81
094c0921-98a0-4b04-ada0-52f0f6622e22,0.00,0.00,0.00,0.00,0.00,35.50
0958d0f6-5d0d-4b9a-9558-05d6e785620d,0.00,0.00,0.00,60.00,12.00,85.97
09618efb-e8c3-44f3-83f2-5bdba16aedd5,0.00,0.00,0.00,60.00,10.00,70.50
0966252c-8aa8-4df2-9b5e-12d70133962f,60.00,8.83,61.91,0.00,2.17,15.09
09a25b19-799b-4f88-83b5-a75e3fa7d202,60.00,8.67,62.74,0.00,1.83,12.76
09b607b1-5c38-4860-ae26-b5077e59c738,60.00,16.95,118.60,0.00,0.53,3.79
09c76f4c-bf56-4af6-b37c-7c4b62d372ac,0.00,0.00,0.00,60.00,12.50,87.50
09cff62e-0332-46d4-a416-ab7184056a05,0.00,0.00,0.00,60.00,12.00,94.50
09dd70d2-72d0-4269-b10b-739420acde31,0.00,0.00,0.00,60.00,13.00,103.00
09e52001-23f7-427c-ba88-44783e7fdfb9,0.00,0.00,0.00,60.00,11.50,80.50
09f658e0-10ee-469c-af5a-e44f74646cc3,0.00,0.00,0.00,60.00,12.00,84.00
0a09a2de-955d-44b1-98ce-9dab582ab6a8,60.00,11.58,80.17,0.00,2.42,19.83
0a1d42a2-f6ad-4c6b-9617-375126714502,60.00,3.09,26.25,0.00,9.41,61.25
0a20cafc-d4a6-4bdb-a52a-e2c2e8f2a976,0.00,0.00,0.00,60.00,10.42,75.42
0a3e62a2-c31f-49c2-be6e-e125fb6328c8,0.00,0.00,0.00,60.00,13.50,94.50
0a50074c-9657-440d-b399-e21525f8a216,60.00,8.95,62.74,0.00,2.05,14.26
0a72a6a2-bff0-4e09-afe2-cfd2ffadefae,60.00,9.87,71.16,0.00,2.63,18.34
0aaec145-16d9-482f-a298-9ea0d46124fa,0.00,0.00,0.00,60.00,12.50,89.50
0ab1cbc7-5cdd-439b-af54-557a14b55b56,0.00,0.00,0.00,60.00,13.00,103.00
0ab69999-06a5-46aa-8d58-0aecbd94abcf,60.00,14.21,104.60,0.00,1.54,10.87
0ad06e9f-7eb8-4b79-94af-25c48e3b1b78,60.00,16.80,117.51,0.00,0.20,1.49
0ae10fd2-556d-4db1-abc4-41acd095e9bc,60.00,9.64,65.63,0.00,0.36,4.87
0ae91163-7078-420d-9c9f-25e96d2127ea,60.00,17.00,118.00,0.00,0.00,0.00
0afb1f47-3f8c-4243-b2cd-5c6406d5a4bc,60.00,13.34,99.37,0.00,0.15,1.12
0b2ffa63-52ad-489a-bbec-9f73de2b45e8,60.00,16.81,117.54,0.00,0.19,3.46
0b30a877-421a-42d1-80f4-324bc4f460f8,0.00,0.00,0.00,60.00,8.98,72.88
0b4d7373-372a-4719-8ff9-2d6eddfc4249,60.00,8.68,60.80,0.00,2.32,16.20
0b543008-ece8-4811-94b7-243f3ee445d6,60.00,16.70,154.43,0.00,2.28,8.27
0b5d3b31-6493-474b-9ef3-0b7447756616,60.00,8.97,62.87,0.00,2.03,14.13
0b63ed40-d9ff-4272-9908-3c7876a5eabd,60.00,11.56,83.00,0.00,2.44,16.99
0b63f634-c630-45ad-b26a-a3c2f5fa97e7,0.00,0.00,0.00,60.00,14.00,97.00
0b68a1f6-fe34-4812-b810-37057bb526a5,60.00,18.93,132.52,0.00,0.07,0.48
0b737678-e76a-405d-a13a-3715b3240199,0.00,0.00,0.00,60.00,15.25,106.75
0b86a98a-48b1-4253-aba3-59ee8231a22e,60.00,8.16,57.17,0.00,2.34,16.33
0ba0bc0f-a65e-409e-b6e7-838021fc85d1,60.00,11.54,81.72,0.00,1.71,12.03
0ba209da-36cd-44c8-a1dd-782d5dfad450,60.00,10.18,73.36,0.00,2.32,16.14
0bab2448-2ab5-49f3-ab34-28f34b5eaaf9,60.00,9.72,68.11,0.00,2.78,19.39
0bc0fc3c-1973-4456-bf54-e14e4ae12170,60.00,11.67,83.74,0.00,1.33,9.23
0bcf55b0-4714-4084-b312-4cb3d1075003,60.00,9.86,71.09,0.00,2.64,18.41
0bd9e1f0-4f56-466b-a229-9d6ed262ec6f,60.00,10.07,70.57,0.00,2.43,16.93
0c635edf-84f7-434f-a8bf-40354c2ab23e,60.00,17.92,125.43,0.00,0.08,0.57
0c67b2e1-6349-40bc-b1cd-e59f47ffda5f,60.00,8.52,59.72,0.00,2.15,14.95
0c920bb4-d41d-4bc3-823b-936ed9c9b385,60.00,16.80,115.73,0.00,0.70,6.77
0c992e40-98b2-4081-a47f-74bcd5b4008c,60.00,11.67,83.81,0.00,2.31,16.11
0ca52b72-9ac2-45da-8824-78a44e96e3d0,60.00,10.17,71.24,0.00,2.33,16.26
0cb18ddb-c9e1-497f-9229-99752e41144f,60.00,10.80,73.56,0.00,0.45,5.19
0cb45c6f-6516-4e1a-8e28-9a3afef3f7c5,60.00,8.98,62.94,0.00,1.52,10.56
0ccc4add-57b0-4d00-aaca-58c76136be59,60.00,9.23,64.69,0.00,2.27,15.81
0cdcb7fe-71db-45ed-b14e-2779e2b3a071,60.00,9.82,69.25,0.00,0.18,1.25
0ced9b3d-7465-4ccb-8b69-8d3869afbb19,60.00,13.93,114.15,0.00,3.05,4.73
0cf4c8fc-4479-470a-9b26-ed6b6dd2dbde,60.00,10.49,75.43,0.00,0.26,1.82
0d126a39-f3d5-4066-9fe5-9ba30f666f7f,0.00,0.00,0.00,60.00,10.00,71.00
0d1f3c70-f30f-4a50-8fea-d4fe8f914c5f,60.00,11.41,81.96,0.00,2.58,17.96
0d2388d6-5ac1-4cd7-8a70-08ad55c9141d,60.00,17.00,119.00,0.00,0.00,0.00
0d257b29-f267-4449-aa8e-c0e783eb841b,0.00,0.00,0.00,60.00,11.50,80.50
0d78c700-8921-4abb-982d-a2c8284d1bec,60.00,10.00,72.00,0.00,0.00,0.00
0d7d9253-2314-4797-814f-d283a3cebc00,60.00,9.67,87.41,0.00,3.33,5.56
0dac031c-ab82-4e0d-ba97-e550bf055d69,0.00,5.73,52.62,0.00,1.60,10.13
0dbad7a9-23c3-4001-99e3-755de308e928,60.00,13.27,94.69,0.00,0.23,1.81
0dbaefcd-2552-44b3-a2fe-7cb10ee8a672,0.00,0.00,0.00,60.00,12.50,87.50
0dc2139c-9540-4c8d-aab0-bf90bd0dd9ff,60.00,8.72,63.10,0.00,2.53,17.65
0dc5a4f0-f020-4ff0-b1ac-f6b64936e24f,0.00,0.00,0.00,60.00,15.50,108.50
0dcdb4e9-9acf-4c24-a588-314ebe8395d2,0.00,0.00,0.00,60.00,11.50,80.50
0de090df-f7c7-452e-9893-349563cc02d6,60.00,10.77,68.41,0.00,0.48,10.34
0def886f-b664-4d60-91ae-71ff23134577,0.00,0.00,0.00,60.00,14.00,100.00
0df89218-fde7-4fc6-83da-1c2fc7b480a0,60.00,12.63,89.86,0.00,1.36,10.05
0df9efde-41eb-4883-a735-ddaac7184a08,0.00,0.00,0.00,60.00,12.98,93.98
0e134369-9e96-4759-b811-a78f80571740,60.00,8.64,62.51,0.00,2.86,19.99
0e2cd555-0ca8-4db3-99b2-0b54f969eaa2,60.00,16.00,112.00,0.00,0.00,0.00
0e310432-573a-49e8-a75c-ad9268b10cf4,60.00,13.90,85.61,0.00,0.02,5.39
0e38cb2f-600d-4f8d-9982-905a2b0fc06c,60.00,8.97,62.85,0.00,2.53,17.65
0e38d10b-fb0a-45b4-bf42-43205455695c,0.00,0.00,0.00,60.00,9.75,78.25
0e71b501-c981-4268-8fbd-63cdc5d285e1,0.00,0.00,0.00,60.00,11.50,82.48
0e778630-cc42-40a0-9b44-18602454c90f,60.00,13.28,98.76,0.00,0.22,1.74
0e80489e-0b5b-4fff-bcc3-31bcc4e6c733,60.00,13.20,92.46,0.00,0.30,2.04
0ea9d2fc-17cf-4d77-9147-b4775864b5e1,0.00,0.00,0.00,60.00,24.00,168.00
0eae663e-bccd-48a3-a998-ef33853be2e1,0.00,0.00,0.00,60.00,24.00,168.00
0eae8642-9aea-49d7-bf56-ab99114f0a8a,60.00,14.11,98.54,0.00,2.86,20.22
0eb76f7a-284b-4d02-8a21-c35ceefaeced,0.00,0.00,0.00,60.00,11.50,82.48
0ebd8dc1-0972-43df-833c-ec302423b4b6,60.00,8.36,58.59,0.00,2.31,16.08
0ebda6ee-4b42-4c26-b374-7e3b5c17a84e,60.00,14.28,103.89,0.00,1.47,10.36
0ecb240a-05f3-416e-b2aa-8cd4478fcdbd,60.00,9.78,68.56,0.00,2.72,18.94
0efe4eb0-4769-4a30-81ff-19fac0f571d0,60.00,17.00,119.00,0.00,0.00,0.00
0f2070b7-9ac9-4e56-9c2a-0abf16f10c80,0.00,0.00,0.00,60.00,8.92,72.00
0f2778f5-9b40-4c19-bd93-4dba7761386c,60.00,8.98,62.94,0.00,1.52,10.56
0f650df2-4fad-4fd9-8af3-2e7c0c8405c9,60.00,10.16,71.20,0.00,2.34,16.30
0f68cf51-10bd-4789-8aff-c9da54ceb384,60.00,9.14,64.04,0.00,1.86,12.96
0f695357-7a33-4d86-b797-2f3450c91111,60.00,9.49,66.48,0.00,2.35,16.35
0f6cae78-502d-416b-870e-c2b86ab151ca,60.00,8.31,58.22,0.00,2.36,16.45
0f6ffa59-b050-4ae5-b0db-431a59537407,0.00,0.00,0.00,60.00,14.00,100.00
0f721b99-b645-44dc-bf6d-a5b9a417d4e4,0.00,0.00,0.00,60.00,13.50,94.50
0f8e5020-8a7d-49dc-9819-69042c7e2639,60.00,12.41,88.95,0.00,1.59,11.05
0f8f8a33-6ccb-4be1-8e5d-8cbd48ee6a03,0.00,0.00,0.00,60.00,17.50,122.50
0fa45136-e56d-4896-94ef-fc09a7060d0b,0.00,0.00,0.00,60.00,14.00,100.00
0fb49f61-2dd2-4ba8-87b5-4c9f2c0e748e,60.00,8.66,62.63,0.00,0.34,2.37
0fb4daf9-d8dd-47f3-80e2-0d4b84822bcd,60.00,10.59,75.18,0.00,2.41,19.82
0fdc41ad-acee-4531-817f-cd37383ddb63,60.00,16.64,113.41,0.00,0.34,4.47
0fdd7089-05b5-43db-8124-e7b3b09486d7,0.00,0.00,0.00,60.00,13.50,94.50
0fef9d09-d12d-4061-be10-3aac87182ca0,0.00,0.00,0.00,60.00,13.00,95.00
0ff2c99f-18e3-47d9-ac90-93cfbf3bcf5b,60.00,10.67,74.93,0.00,2.82,19.45
100142fe-7fb2-47d7-ab03-a9cd6eee75a0,60.00,11.24,78.72,0.00,2.26,15.78
1008a3b1-9be3-453f-b76c-b16a1828091f,60.00,13.63,94.07,0.00,0.37,4.93
10246e4f-d8fc-4cc3-bfa6-fe6635d91218,0.00,0.00,0.00,60.00,12.98,102.88
1025a8eb-7cf0-4524-b118-01a0a7ce290f,60.00,6.52,47.72,0.00,2.48,11.28
102ecc17-7364-4cef-bc8f-281a9111a3b1,0.00,0.00,0.00,60.00,10.50,73.50
103b39e4-a131-4d66-a866-543db37bd65e,0.00,0.00,0.00,60.00,11.50,80.50
103d5e50-4e8d-4dd1-b3f4-5b89adadd309,60.00,16.90,118.21,0.00,0.60,4.29
10442a84-8d19-49d1-b3a9-cf83c783b65b,60.00,9.93,72.56,0.00,5.07,32.44
1084f329-0d3e-4851-870e-6f510dd6b0cb,0.00,0.00,0.00,60.00,14.00,100.00
1090c19c-95ef-4c1b-a631-71f84202883d,0.00,0.00,0.00,60.00,11.50,82.50
1097ef5c-079f-4ebc-a60e-fb55fbb0f928,0.00,0.00,0.00,60.00,24.00,168.00
1099985e-d98b-45d4-abc3-50e333ae5b1d,60.00,8.77,63.44,0.00,2.73,19.07
109a59be-022c-4ff7-9520-c3462dee42b1,60.00,12.63,90.19,0.00,0.37,2.78
10c81ddb-a95f-4205-ab40-8413a52d5175,60.00,8.98,62.94,0.00,2.85,19.89
10d2237d-31ff-4b11-800a-8eac9c9a7ae8,60.00,11.50,80.50,0.00,0.00,0.00
10d4d8bc-13bf-46b9-a75b-149276c0fab7,60.00,7.83,67.93,0.00,0.15,1.05
10d59c9c-e83a-4ec0-b17f-d86544470cf6,60.00,16.90,118.24,0.00,0.08,0.65
10e99d27-1012-411d-b59f-7e0ffc133d82,60.00,11.57,80.10,0.00,2.41,19.81
1103179b-05dc-47e0-a64c-b3879aa096d7,0.00,0.00,0.00,60.00,18.00,126.00
112b09ab-0dcc-4e3a-aae2-3d6c093caabc,60.00,11.58,83.16,0.00,2.41,16.76
1130ba0c-9cf2-4403-ab9e-fd79c6135cc8,60.00,10.03,69.23,0.00,2.47,18.27
1144009c-9a88-49c7-bd8a-6c80fa5e2fc7,60.00,11.65,80.67,0.00,2.33,19.24
115284fb-c230-4471-b59a-6ad82a603088,60.00,10.00,70.50,0.00,0.00,0.00
1156a33e-c1d2-470f-b28a-2b77418ae23d,60.00,8.87,59.18,0.00,1.80,15.48
115c8f08-a1e3-4452-b1c9-34b261a5c35a,0.00,0.00,0.00,60.00,15.00,111.00
117d42d1-5c27-47cf-a514-cd97b3b7b824,0.00,0.00,0.00,0.00,10.50,73.50
11822b39-c555-420e-b58a-02462aad6ef0,60.00,17.00,119.00,0.00,0.00,0.00
11a2369b-80a9-45a9-a24f-a2ecb8fb928c,0.00,0.00,0.00,60.00,8.92,60.50
11a3fb78-21c5-4da8-a7c5-f7037eaddf79,60.00,11.00,77.00,0.00,0.00,0.00
11a4d94e-87d9-45fa-9752-fd6ca4b458c9,60.00,9.55,62.94,0.00,0.95,12.56
11bf8793-b9e6-486d-ad98-2e6239c530a7,0.00,0.00,0.00,60.00,12.50,87.50
11ddfc4e-f85f-4667-9bd0-ab3a73b88bbe,60.00,6.24,61.98,0.00,6.26,25.52
11eb3d89-0967-4a93-9491-10bbd4c177e0,60.00,14.11,98.55,0.00,2.88,20.33
11ed5b1d-4939-4c5e-9da0-cbd28fbf2c03,60.00,8.91,62.48,0.00,1.75,12.19
11f7f3f7-0448-4a06-950f-d27a226fa632,60.00,9.26,64.91,0.00,1.74,12.09
12090bc5-fb06-4f50-9c89-a7c3cd1cd96f,60.00,11.59,83.24,0.00,2.41,16.76
120fa506-2c40-4955-b9a4-f128824ee294,0.00,0.00,0.00,60.00,8.92,60.50
12176ba4-c426-4876-a213-c0b587e76fae,60.00,17.00,121.00,0.00,0.00,0.00
1232cda7-5b80-4c2d-a80a-1b2e3c5abea6,60.00,12.50,88.50,0.00,0.00,0.00
12381e87-a967-44d9-ab36-2929a53ad1ba,21.06,5.45,50.00,38.94,5.05,23.50
1240acf5-63d3-43f2-8e29-9d2a2a1568a7,0.00,0.00,0.00,60.00,14.00,100.00
124a291b-1087-40fd-85cd-f5d52eafec76,60.00,9.86,71.07,0.00,2.64,18.43
1265e7fb-5374-4bf0-8a09-f6ce0fbd0ee4,60.00,11.42,82.03,0.00,2.58,17.97
1271d4a9-a307-471b-9685-0d3cd4d3ea6e,60.00,11.56,80.04,0.00,2.44,19.96
12735f5f-9d27-4792-bb8d-22521a8dc4c6,60.00,13.21,94.54,0.00,0.28,1.88
1274a4f9-fd6f-4eaa-99b9-a1e67a01e19b,0.00,0.00,0.00,60.00,8.00,62.00
12977046-2137-459c-892c-6fc6dededa10,60.00,7.72,54.07,0.00,2.78,19.43
12a242b4-b338-4b1c-b02b-478f315d2582,60.00,17.00,119.00,0.00,0.00,0.00
12a42eb4-fd0b-476d-807d-783bf6b2bd58,60.00,9.75,68.25,0.00,0.00,0.00
12cd50cb-4979-4fbf-9cfe-81ec55806ce8,60.00,8.15,58.76,0.00,2.35,16.74
12d529f6-0e7d-4486-b860-b5b104f20e95,60.00,11.60,83.28,0.00,2.40,16.72
131994eb-d652-444f-a6b6-6e3e954a1fd7,60.00,9.66,67.66,0.00,2.84,19.84
131c169d-9d27-4493-8584-de1b139fc50a,0.00,0.00,0.00,60.00,8.92,60.50
132b73ef-0769-40d9-9b7e-b74b4b4a6158,0.00,0.00,0.00,55.31,12.00,84.00
133ac8d8-8516-4407-9fe3-1385959c0d0b,60.00,8.86,62.11,0.00,2.14,14.89
1365e640-f36c-4706-ae9d-725f47fe91f8,60.00,16.96,115.62,0.00,0.03,2.26
13673d18-6f54-44fd-b2ed-e93b1ee1e119,0.00,0.00,0.00,60.00,13.50,94.50
136bf0c2-6da7-4611-b4f1-18d117326ac6,60.00,6.25,56.21,0.00,4.75,20.79
13838788-019d-42a6-a517-d228dc5be476,60.00,9.56,68.94,0.00,0.19,1.31
13a15f2a-f366-4061-a6d3-6f04820c7609,0.00,0.00,0.00,60.00,14.50,101.50
13a6b94a-096a-4a78-ab24-62382fcb45ae,0.00,0.00,0.00,60.00,11.50,80.50
13b3c002-1845-4a08-b9f0-0889e5b01df9,60.00,12.11,84.28,0.00,11.87,66.64
13b4c99f-e70c-43e8-95a4-ee242688c8f5,60.00,12.00,95.94,0.00,1.00,7.06
13ba1680-52de-4a0a-88a8-cebc0b0446cc,0.00,0.00,0.00,60.00,14.00,100.00
13d62256-77a7-442d-a118-69778560f5fa,60.00,10.50,73.50,0.00,0.00,0.00
13fe35b8-ae29-4ccb-9abf-0f180e3b4dbd,60.00,10.19,73.41,0.00,2.31,16.09
140bb3cb-ae21-459a-a66d-46f5ba6dd958,0.00,0.00,0.00,60.00,13.92,91.00
14196838-65a0-4837-9aee-c8c86bd95eef,0.00,0.00,0.00,60.00,11.50,80.50
1427aed8-3f67-4323-a874-2547ae18670a,60.00,16.66,116.56,0.00,0.32,2.33
14369046-5c65-4602-a571-6edbd3e8d47f,60.00,16.89,115.18,0.00,0.11,2.82
14413fd1-e908-4759-ac41-92e2e69d2421,60.00,6.57,30.61,0.00,4.43,46.39
1445362d-45fa-4c3e-8b5e-ec560b5ea57c,0.00,0.00,0.00,60.00,13.00,103.00
145f9648-2249-4c03-94fc-dfdc9baff8e7,60.00,10.02,70.20,0.00,2.48,17.30
147e3a95-671f-4c6e-8608-d0da0a2e16d9,60.00,13.03,87.24,0.00,0.47,7.26
14819fb5-12e8-45f2-b0b1-2f4312fd7a07,60.00,16.82,117.68,0.00,0.18,1.32
148391b1-76a0-4b50-9c6c-cfdbf5a2a332,60.00,9.72,70.10,0.00,2.78,19.40
1486afdf-8421-4447-8f09-271b54339e36,0.00,0.00,0.00,60.00,13.50,96.50
148c3e64-864e-4e94-9069-7dab059c1e89,0.00,0.00,0.00,60.00,13.50,94.50
1497912d-8a53-46f4-9e15-c21721e6680f,60.00,11.49,82.50,0.00,2.51,17.50
149aab93-d9ff-4b44-89a9-d24558fe51fc,0.00,0.00,0.00,60.00,7.92,67.97
149e4691-a6da-49cd-bb81-97ba17c31cd4,60.00,9.94,69.46,0.00,0.56,4.04
14a8fe1b-97cd-4d28-aa53-756bcc7f5954,0.00,0.00,0.00,60.00,13.50,94.50
14aab7c5-c4bb-469f-8bc2-9e199c871186,60.00,14.05,90.09,0.00,2.93,28.79
14ae3f3e-0e53-43c4-bc3f-3db383eca859,60.00,10.21,71.59,0.00,2.29,15.91
14ba8a23-4b4a-45d9-8831-cf129a8ab4b3,60.00,8.87,62.13,0.00,1.80,12.53
14bdf26d-4a11-4442-9bf7-1d0f0a6b8527,0.00,0.00,0.00,60.00,12.00,86.00
14cf47b9-7d0b-4184-aa05-e7c01681dd2c,0.00,0.00,0.00,60.00,13.00,93.00
14e34985-6519-489f-abcc-9f8923812fa9,0.00,0.00,0.00,0.00,0.00,1.00
14e4b315-4c44-43c4-8d7a-916c82e58cd6,0.00,0.00,0.00,60.00,13.00,93.00
14e9275d-2296-44a4-b0be-139c50ccf805,60.00,10.71,74.72,0.00,0.29,2.28
14f28e86-e18f-466d-81bb-dab570d6fe71,0.00,0.00,0.00,60.00,13.50,94.50
1505a062-3913-4755-9e90-01bb22bdc9e1,60.00,12.50,89.50,0.00,0.00,0.00
151506ec-0fac-4a0b-9dfd-25c4d96bb0a2,60.00,8.67,60.79,0.00,2.33,16.21
153c0236-08ac-4f69-9543-720125d15b5f,60.00,16.69,116.72,0.00,0.30,2.17
154fbc8b-b499-4693-8088-83d7ae3327dc,60.00,10.17,72.08,0.00,2.33,17.42
1561978b-0eed-4a4a-9d7a-85368ae38191,0.00,0.00,0.00,60.00,12.50,87.50
156fda04-ad40-491e-9e50-58d97d433609,60.00,11.54,79.83,0.00,2.46,17.17
1575b4d9-8271-4cf7-acaa-c699dd3028e0,60.00,11.57,83.07,0.00,2.43,16.93
157b3663-c5b6-49c1-b652-921d96b40cbc,60.00,8.87,62.15,0.00,1.80,12.52
157ea406-5d65-4e02-9b8b-588142573437,60.00,10.65,76.84,0.00,2.83,19.58
15896854-bec5-47f8-8378-fb70689a5829,0.00,0.00,0.00,60.00,10.50,73.50
15ea80e7-1ba3-4941-bc20-3878c92fa8b4,0.00,0.00,0.00,60.00,12.98,93.98
15fdeb78-8a7d-44cb-894a-8f66a55f6b1a,0.00,0.00,0.00,60.00,10.00,72.00
15ff0630-3159-424f-b39c-9b4a567797ff,60.00,17.00,122.00,0.00,0.00,0.00
160c8d91-9eca-4487-ac3d-cbaf13a8a247,0.00,0.00,0.00,60.00,24.00,168.00
161e986b-86a8-44b8-9b92-3b470de9255a,0.00,0.00,0.00,60.00,23.98,167.88
162d8345-cae8-4692-bb02-77a44a657388,60.00,16.80,117.53,0.00,0.20,3.47
1632a271-fdc4-45ad-8dee-4383d49cde6b,60.00,8.78,63.46,0.00,0.22,1.54
1632d677-3c7b-4808-93bc-fbdd76ed0eb7,60.00,9.98,69.96,0.00,2.52,17.54
163431ef-05e2-490f-b32c-fab9f9b9bcf9,60.00,11.49,82.48,0.00,2.51,17.52
163c722c-897f-4133-9085-0155f2ada5e0,60.00,8.97,62.85,0.00,2.03,14.15
1646a446-bddb-4539-83cf-2dbb2e3bdee4,0.00,0.00,0.00,60.00,24.00,168.00
164f426f-7a56-4244-931e-48ff727513da,60.00,8.86,62.08,0.00,1.81,12.59
167129f3-0402-455e-9e15-a3f89e761cfb,60.00,12.27,84.83,0.00,0.73,7.14
167d0552-ce21-4e65-a135-c43558e07d54,0.00,0.00,0.00,60.00,11.50,82.48
16a37961-10c0-49f0-bed7-fb18e76eb192,60.00,17.00,121.00,0.00,0.00,0.00
16c5c1f3-eef9-456d-94ec-071ff7a2d3ab,60.00,8.98,79.74,0.00,5.00,20.18
16e22ba4-618a-4c14-86e7-9f26656710f1,60.00,9.99,72.02,0.00,2.51,17.48
16ebc2c6-c798-427a-8a25-73446c9efffe,60.00,8.31,58.22,0.00,2.36,16.44
17157999-a535-46b5-86eb-9e2d639736dc,60.00,8.81,29.70,0.00,2.19,47.30
172b8565-3b53-4ba7-ad42-db81b731f907,0.00,0.00,0.00,60.00,10.00,70.00
176c3e3f-a943-47ae-b3d4-7012b8336010,0.00,0.00,0.00,60.00,11.50,80.50
177023c2-cbe3-4180-9b20-b1ef76514772,60.00,16.90,89.28,0.00,0.09,28.61
1774678f-d060-4a26-b18b-c7e40d8ce82e,60.00,8.72,61.15,0.00,1.94,13.52
178eff4b-2a5c-4f03-859b-57a9c37cac0f,60.00,11.25,80.84,0.00,2.74,19.08
17afec04-0d84-42a5-b93d-82438f9cb75c,60.00,10.11,72.84,0.00,2.39,16.66
17ca29fe-edcf-475a-846d-949d00b5504e,60.00,10.75,75.29,0.00,0.50,3.46
180552c5-8663-4fbb-a196-1bc67f5a56de,0.00,0.00,0.00,60.00,12.50,87.50
182d4ce2-2a39-4ee5-8a62-bd066f927f56,60.00,13.32,93.17,0.00,0.16,1.22
18570580-f9ae-4543-88ce-894e4b34f279,60.00,8.73,61.19,0.00,2.27,15.81
18606b1d-fa73-4ae2-992a-bc148c752505,60.00,17.00,119.00,0.00,0.00,0.00
18637f6f-1316-4971-a8a4-24316408e65f,0.00,0.00,0.00,60.00,17.00,119.00
18654ca8-ac31-4c70-bf79-ec764090073e,0.00,0.00,0.00,60.00,11.50,92.50
189c70c8-f3ec-49df-8239-5985ace4c8cf,0.00,0.00,0.00,60.00,10.42,75.42
18c57218-19c8-42a2-b671-2c560f6250fd,60.00,17.00,119.00,0.00,0.00,0.00
18d8cfca-165d-4f17-aa62-38114cf20c93,0.00,0.00,0.00,60.00,11.50,80.50
18e6317d-9e44-4996-bd7e-f33da104d065,60.00,11.27,80.43,0.00,2.23,16.07
18ed6394-580e-46ae-a6c4-415c9fee0a68,60.00,8.87,62.18,0.00,1.80,12.48
190f0fda-da40-4da4-8d53-a88e6ecab526,0.00,0.00,0.00,60.00,13.50,94.50
191fb850-b106-4025-b5fb-d7b926033d9d,60.00,17.00,119.50,0.00,0.00,0.00
19214c87-7951-44cf-a660-1ee46c134b9e,60.00,8.96,56.83,0.00,2.37,22.51
19421767-1c18-4fc0-937c-eb8dfdb29634,60.00,8.87,62.14,0.00,2.13,14.86
19580c6f-8261-40e7-b6c3-9b3c37078d3c,60.00,12.61,86.43,0.00,0.39,6.54
197f94a7-43ed-4329-acc0-000741e4f086,60.00,23.98,167.88,0.00,0.00,0.00
19907551-d16f-4f59-bbb9-bc6f8e2a1f01,0.00,0.00,0.00,60.00,11.50,80.50
199613db-4b0d-4cb2-adb6-9cf978e8b323,60.00,11.31,81.25,0.00,2.68,18.67
1996a608-445a-40aa-a255-14b905e700dc,60.00,8.94,62.63,0.00,2.56,17.87
19a4b41d-602b-4ea3-b04f-9c7d22e11cd8,60.00,11.57,83.09,0.00,2.43,16.91
19cb2901-693f-4092-a9bf-392541ede1f1,60.00,11.17,77.94,0.00,0.33,2.56
19d08296-5e34-49e1-bd6d-66a2f214bf9b,60.00,10.73,77.14,0.00,2.27,15.83
19d6f935-5013-4756-aa27-cb5028b7d9be,0.00,0.00,0.00,60.00,11.50,75.98
19f01053-6b57-4a52-8df9-2a8feedf4d54,23.70,10.52,78.06,36.30,6.46,40.82
19f6cf69-8773-4a73-a487-fcc94cebc95c,60.00,8.98,51.50,0.00,2.02,25.50
1a00835d-c478-46f0-ac90-898c238ed51d,0.00,0.00,0.00,60.00,13.00,93.00
1a15b430-0b81-405a-82ca-c0957ecd4b38,60.00,10.77,72.40,0.00,0.48,6.35
1a16feb0-abcb-4c45-a57a-246c7efab9e2,60.00,16.85,117.86,0.00,0.13,1.02
1a2dcbb6-1276-459d-a638-b83e1bc83c86,60.00,12.50,87.50,0.00,0.00,0.00
1a31b915-8512-4550-8e82-a95565523de4,60.00,11.54,82.89,0.00,2.44,17.02
1a3b7fe3-32d1-46ba-b102-914425f0bbd9,60.00,11.54,79.86,0.00,2.46,20.14
1a461a89-ef0f-44bd-8f6d-2004df9ca2c8,0.00,0.00,0.00,60.00,10.50,73.50
1a49639a-80e1-41aa-849e-a71664488f9f,60.00,8.70,61.00,0.00,2.30,16.00
1a50eb14-0836-47ab-a782-a42d44a95999,0.00,0.00,0.00,60.00,16.00,112.00
1a5b2d84-c55f-4ece-aa92-f727dce4a03b,60.00,9.79,68.58,0.00,2.71,18.92
1a61dd95-de99-49f3-b4cb-2121d6b06d44,60.00,8.16,58.84,0.00,2.34,16.66
1a77aa35-177c-488d-ae8c-a40a2348b0ee,60.00,11.59,95.32,0.00,5.39,23.56
1a81981c-7d15-4168-90f7-fbb94e093a8f,0.00,0.00,0.00,60.00,12.50,87.50
1a82b8e3-b0e4-4a87-a105-48ef9f99cb31,60.00,17.00,119.00,0.00,0.00,0.00
1a9a55b0-9336-42c6-b69e-1afdcb4bf755,60.00,10.50,73.50,0.00,0.00,0.00
1a9e3807-f69d-4084-876e-3da2510b0646,60.00,7.65,53.64,0.00,2.35,16.36
1aa35412-d39d-403c-8755-ea485dbcaa52,0.00,0.00,0.00,60.00,15.50,88.47
1ab13657-6cce-475f-be32-0b358db955c1,60.00,9.49,66.53,0.00,1.01,6.97
1adeda0a-34bb-45e9-be13-d770e36aaabd,60.00,10.83,82.59,0.00,0.17,1.41
1aefe3d0-071c-4512-afb3-13b9b617d206,60.00,11.24,78.74,0.00,2.26,15.76
1b0539dc-9eb8-470f-8ed0-c728f71c778c,60.00,11.25,78.75,0.00,0.00,0.00
1b1cf7ec-0e22-4143-8552-76bb3335ff49,0.00,0.00,0.00,60.00,24.00,168.00
1b1ea6ee-d220-4233-94a3-8d0312712605,0.00,0.00,0.00,60.00,12.50,89.50
1b4a08e0-f627-4092-9e61-bde6267193b4,60.00,13.27,92.67,0.00,0.23,1.83
1b66e06b-7ae6-496a-87d8-de4d0f0abc9f,60.00,9.97,69.86,0.00,2.37,16.48
1b6ab0a1-a7d5-400b-9dc9-a7ccec35e6a9,60.00,11.43,82.14,0.00,2.55,17.78
1b6b9b2b-4cf6-49eb-9562-bbfea9dd6256,60.00,9.61,65.60,0.00,0.39,4.90
1ba18cd5-a2c3-43e1-b4fb-99ba3ed5c162,60.00,17.00,119.00,0.00,0.00,0.00
1bc5b267-137e-4983-87dc-3bba68f491b3,60.00,8.84,61.98,0.00,2.16,15.02
1bc6b697-6a8b-45fb-8ddc-5b3310a9c2f8,60.00,24.00,150.02,0.00,0.00,17.98
1be20229-6d59-4535-ad12-8d1807b572cd,60.00,14.24,85.14,0.00,2.74,33.75
1bee4f61-32b6-4957-bd43-f7ed4f371e5c,60.00,17.00,119.00,0.00,0.00,0.00
1bf6eac4-9d89-41b4-9bb4-d6c1a720d055,0.00,0.00,0.00,60.00,14.00,100.00
1c4364f5-5966-4e35-9de1-5ca239f3a3a9,60.00,10.39,69.80,0.00,2.44,16.03
1c4f1b1e-052d-4ed2-ada3-5490083517a1,60.00,12.50,87.50,0.00,0.00,0.00
1c5fdd59-cb6e-4763-a502-9a8baefb426e,0.00,0.00,0.00,60.00,12.98,93.98
1c68408c-8cbd-4719-9e6c-ca9a0a12185c,0.00,0.00,0.00,60.00,10.42,75.42
1c6e115d-9b03-40e2-bf5c-5ab451e1ba9a,60.00,16.68,116.64,0.00,0.31,2.25
1c93025f-8bb8-4ecc-b834-1dc5235b9a97,0.00,0.00,0.00,60.00,13.50,94.50
1ca95465-9352-417a-ac33-87db2797cd64,60.00,9.63,94.09,0.00,2.80,18.91
1caa47ae-1b19-4901-be5e-00877cf5d888,0.00,0.00,0.00,60.00,10.25,71.75
1cc59f9c-d21a-4d6e-8bd3-8defaad43c70,0.00,0.00,0.00,0.00,8.33,50.67
1ccb66be-f42a-40d7-a0ed-aba7dc44d389,60.00,16.48,115.26,0.00,0.01,0.13
1cded64b-aa02-4435-bb57-cb3333641199,0.00,0.00,0.00,60.00,17.00,119.00
1cf54e47-070e-48a7-9e3b-995551d42fc1,0.00,0.00,0.00,60.00,24.00,168.00
1cfc893d-3968-4607-9fb7-962331787cec,60.00,8.98,62.94,0.00,2.85,19.89
1d133410-0fb1-491a-9a02-ad4c071f623d,60.00,11.20,78.50,0.00,2.30,16.00
1d25f311-78be-4f50-b85b-d7da4e6c3127,0.00,0.00,0.00,60.00,13.50,94.50
1d26f85f-0d1a-4153-9baf-23f38b8d32bd,0.00,0.00,0.00,60.00,10.00,78.00
1d47bb18-7da5-4d68-a1f0-7cff55bfcc99,60.00,11.00,77.00,0.00,0.00,0.00
1d4a7a44-f5bb-4520-8715-c984c288201a,0.00,0.00,0.00,60.00,10.50,73.50
1d594cd4-a13c-4b24-8c65-c10032396b99,0.00,0.00,0.00,60.00,11.50,80.50
1d618bae-5560-497a-9013-6682278dc0e3,60.00,16.83,117.72,0.00,0.17,1.28
1d682925-104a-4790-ab98-5418a10421e1,60.00,10.20,71.50,0.00,2.30,16.00
1d6d6cbd-4ae8-434a-965e-e711059a6a30,60.00,11.60,83.29,0.00,2.40,16.71
1d96958a-5d5c-486b-9ebc-1930ab2a29ad,60.00,10.25,73.75,0.00,0.00,0.00
1d9f723e-bd9e-4dc4-afa0-8cb2ac45540e,60.00,8.77,61.45,0.00,2.23,15.55
1da779e0-4ea4-46d8-8472-7a8d1fe2bd58,60.00,8.98,59.94,0.00,2.60,21.14
1db9c601-12b4-4df0-8153-704353f691fe,60.00,10.60,73.31,0.00,2.40,19.69
1dcfb65c-2b0c-403f-acbd-39ff6fa8124e,60.00,8.65,62.67,0.00,1.85,12.83
1dd311bc-bf43-4a96-b594-bb34b30486c9,60.00,16.00,111.00,0.00,0.00,0.00
1dfdbc9b-4561-45af-a8d8-e7ac3217582c,60.00,11.79,84.50,0.00,0.21,1.47
1e04efda-f775-46f8-a5d5-2700490240a5,0.00,0.00,0.00,60.00,12.00,84.00
1e1454ff-981d-42eb-b64d-3f2cc73e5856,60.00,7.50,32.89,0.00,3.00,40.61
1e1c1359-9173-4ead-9b05-9be47a1a40db,0.00,0.00,0.00,60.00,14.00,100.00
1e2c206b-a10a-43c2-a14b-9057a937cad6,0.00,0.00,0.00,60.00,9.75,78.25
1e307901-2ea2-445e-b6e5-64a33efa3bc6,60.00,10.65,76.57,0.00,2.35,16.39
1e35e5bd-93f3-438f-8de7-7877e79f6652,60.00,8.95,62.71,0.00,2.05,14.29
1e401b39-db71-4b03-a14a-0dd90c1f23d5,0.00,0.00,0.00,60.00,19.00,133.00
1e53f864-f13c-4ce9-9a7a-f5c43db01f6d,60.00,18.97,132.76,0.00,0.03,0.24
1e62e0bc-0737-4eaa-bf07-a58ac2f1ec36,0.00,0.00,0.00,55.31,12.00,84.00
1e719786-d040-4ead-94c7-dd308c7c3cfd,60.00,11.56,83.02,0.00,2.44,16.98
1e76a537-fe7e-49fe-bc22-4b2a7b5cff0a,60.00,13.33,93.36,0.00,2.17,15.14
1e7dce21-794a-4d06-b91b-afc463c6e5c7,60.00,9.76,68.32,0.00,0.49,3.43
1e7e5377-9b56-494b-bcbb-b60c9ea75c36,60.00,17.00,132.97,0.00,0.00,0.00
1e7f06c1-3d49-4e21-aa9c-655e2f29cdcb,0.00,0.00,0.00,60.00,10.50,73.50
1e7fe9e0-d79c-4dee-9fa0-82aedc2a79eb,60.00,8.98,62.94,0.00,2.02,14.06
1e8f53db-6c6d-471c-91bf-2a5cf6f943c7,0.00,0.00,0.00,60.00,11.00,77.00
1e9bbb65-4c00-4f13-80d4-4f93b7ade7fd,60.00,9.75,68.33,0.00,0.75,5.17
1eb5a04d-bbf9-4c24-9448-7ed253efde2f,0.00,0.00,0.00,60.00,10.50,73.50
1ecd34a9-b024-4e6f-b5e9-58d49e67e3b3,0.00,0.00,0.00,60.00,12.50,87.50
1eec5906-b650-4945-b43e-e0f8183b25e8,60.00,11.98,80.41,0.00,1.02,12.59
1eed1b19-49c1-49c4-8033-9e71e2bafd3d,0.00,0.00,0.00,60.00,14.00,100.00
1f1e3864-3b82-4cc7-90bd-b6cbfb914459,60.00,14.30,100.34,0.00,0.45,3.15
1f26f2e3-ba06-4b2a-b559-c59ccef6858f,60.00,8.97,62.87,0.00,2.53,17.63
1f39576c-5b15-44c6-b8f3-5404c797015a,60.00,16.90,118.23,0.00,0.10,0.77
1f4eea5f-82b1-4188-afe9-1569e9a86d6d,60.00,11.10,77.79,0.00,2.40,16.71
1f6fbbdd-0062-4ce0-853d-19eb652ef114,60.00,10.65,76.84,0.00,2.85,19.66
1f7138f3-da2e-4935-9762-f3e063f793f8,60.00,12.55,86.91,0.00,1.45,13.09
1f8f8283-ede1-4bcb-9a6b-21200221452f,60.00,8.70,60.96,0.00,1.80,12.54
1f958478-2f27-46bf-82aa-6d6bab8dab37,60.00,13.61,95.04,0.00,2.88,20.34
1fa3e8bf-82db-48a8-9c7a-91465851ec24,39.77,8.64,62.93,20.23,15.36,105.07
1fb33b77-bfbf-42a4-b023-6a218bf30fc4,0.00,0.00,0.00,60.00,8.92,60.50
1fc0d0b5-6a3d-425c-9732-924e8b84c976,0.00,0.00,0.00,60.00,13.92,91.00
1fd26682-da5c-44ef-b9b3-e56308f3e770,0.00,0.00,0.00,60.00,19.00,133.00
1fda6d01-426b-494a-a6c1-76d4c99f529c,0.00,0.00,0.00,60.00,11.50,75.98
1feccee7-8984-4e56-9dda-2c6ea9acb72f,60.00,11.29,81.14,0.00,2.69,18.78
200b8a83-ac57-4862-8135-0eb1e90930b4,0.00,0.00,0.00,60.00,11.50,86.50
200d0cfb-fcbb-424c-ab86-4df6af2a8edc,60.00,11.54,82.88,0.00,2.46,17.12
201650ad-c052-46bf-afc6-b51d939fe126,0.00,0.00,0.00,60.00,12.50,89.50
20391ded-f391-4688-9328-8b264e22deef,60.00,6.97,62.49,0.00,1.01,6.49
204a42e4-1d4f-4629-8a12-700b4bef7817,0.00,0.00,0.00,60.00,8.92,60.50
204ebd9f-dc35-4740-8a9d-961213def165,60.00,8.40,58.90,0.00,2.43,16.94
205168b2-abcf-4ae1-ac47-bde32fe85bc0,0.00,0.00,0.00,60.00,24.00,168.00
205dfdfe-caa6-4843-8626-6a7af6f7e7e4,0.00,0.00,0.00,60.00,12.50,87.50
206d0fd6-196e-4500-85da-68eb7a5a381e,60.00,17.05,119.27,0.00,0.43,3.12
20738117-b5e5-484f-aec5-5ab563a50c1c,52.12,8.23,56.11,7.88,2.43,18.56
208feca6-ebfa-4c9c-8de8-81c8669ef8c9,60.00,10.60,68.21,0.00,0.65,10.54
2098603f-92e4-4a7d-88b3-6817e543d094,60.00,10.61,74.54,0.00,2.89,19.95
20a11303-5443-4c0d-b72c-7674c15d230c,0.00,0.00,0.00,60.00,12.98,90.88
20a3148f-f21d-49a1-8778-1c304ace404f,60.00,10.86,77.82,0.00,0.39,2.93
20ad8a48-43ef-47b4-bdfc-6d1a466330ce,60.00,10.00,70.50,0.00,0.00,0.00
20bb7984-29b1-4358-8564-e0c4bb744c32,0.00,0.00,0.00,60.00,12.00,94.45
20e2951f-bcf6-4bd8-b8ba-205549e62088,60.00,13.43,93.88,0.00,0.05,0.51
20e51f29-5d95-4891-bc10-e9c539c7351b,60.00,14.12,98.60,0.00,2.87,20.28
20fc6d2f-a1b1-47a7-b9d4-7144d3b2c727,60.00,11.54,82.87,0.00,2.46,17.13
2105b641-db38-4f8d-93a7-26f269a74327,60.00,8.37,58.66,0.00,2.63,18.34
210b7bc7-bed6-426c-a422-f2d6046f49ec,0.00,10.60,111.45,60.00,6.40,7.55
21130866-5109-448c-888e-9fe22eac2d99,60.00,14.73,109.60,0.00,1.27,18.40
211cbf08-f4c7-4bbf-9e4f-88e5f797526f,60.00,10.50,73.50,0.00,0.00,0.00
2125c2d1-809a-402d-b17c-77da526515e8,60.00,9.82,68.79,0.00,2.68,18.71
2144894d-3ef2-4722-955a-51bc6bb25578,0.00,0.00,0.00,60.00,12.98,90.88
216d082f-b747-496f-a200-a71244da6e01,60.00,8.76,61.38,0.00,2.24,15.62
21772201-6979-4bf4-998f-b3bb574f9e16,60.00,13.43,90.02,0.00,0.57,8.98
218f97c1-e766-4a85-bcfd-074ce57dfb0f,60.00,10.25,71.81,0.00,2.25,15.69
219b5e41-9594-4e96-a014-f4f8e91782c7,0.00,0.00,0.00,60.00,13.50,94.50
21a6a46d-887e-4376-b39b-ca2e57fc0d4a,60.00,12.60,88.27,0.00,0.90,6.23
21db19ac-8cdc-4504-845c-65e4e0a23615,60.00,8.87,62.13,0.00,2.13,14.87
22012df2-2a60-41de-94c4-7a6637325360,60.00,8.63,60.46,0.00,1.87,13.04
22180c58-c269-4ba3-9d20-3aa9c579f5c4,60.00,14.99,86.91,0.00,0.51,1.56
221a2ee0-9dc6-4151-aa4a-6c1756c69794,60.00,10.50,73.50,0.00,0.00,0.00
221b0203-d331-409b-9e1b-93f14885ded0,60.00,10.44,73.19,0.00,2.39,16.64
2228b70e-4c0e-4e2a-8a42-3bc96a7fdd08,60.00,11.49,82.49,0.00,2.51,17.51
2243c7f3-7aa4-4ff4-9a98-c76c502806b3,60.00,11.22,78.62,0.00,2.28,15.88
2249dfc1-f685-4b84-a073-e254a394fbb7,0.00,0.00,0.00,60.00,12.00,85.97
22530307-f8ae-485e-ba4f-cd2db0267cc1,60.00,12.50,87.50,0.00,0.00,0.00
22779536-c500-42b6-bce0-fe4ef3f4185a,60.00,11.49,82.47,0.00,2.51,17.53
22a9dbf7-82e5-4dc0-8fb2-26c0acde8195,60.00,22.48,143.84,0.00,0.00,13.54
22b73d5b-62d6-42ef-8a0f-bbd06d3d1b17,0.00,0.00,0.00,60.00,8.00,74.00
22c6fea5-462e-491b-9a22-cfadedbc2cf5,60.00,9.72,68.12,0.00,2.78,19.38
22cfb620-ff12-4682-94dc-6e0eb1390f9f,0.00,0.00,0.00,60.00,11.00,77.00
22e91e8a-5c29-4a2f-ae66-488829c0a68f,0.00,0.00,0.00,60.00,18.00,126.00
22f08335-3caf-4e04-9b37-6f614be33297,60.00,8.31,58.22,0.00,2.36,16.45
2312fd5a-a221-4eb2-8144-80597f8a1cdb,60.00,13.32,92.20,0.00,0.66,6.72
232db7d8-d837-432b-9825-23cacd93c830,60.00,12.50,89.50,0.00,0.00,0.00
23362646-06b6-432d-8217-2691f581fa20,60.00,13.46,90.09,0.00,0.53,8.82
236f3a62-e7fc-4a3e-8a33-23ec8983beea,60.00,8.34,60.44,0.00,2.16,15.06
238f2a51-4236-4784-83c5-81075433005a,0.00,0.00,0.00,60.00,13.50,94.50
23924ea4-f183-4633-b5f3-408eac835651,60.00,16.81,120.56,0.00,0.19,1.44
23937dc8-b486-4fe5-aaba-f7fb51ee057b,60.00,8.24,57.77,0.00,2.26,15.73
239ae42b-d4c4-4aab-bff9-c64f4feebd9e,0.00,0.00,0.00,60.00,13.00,90.00
23aafcdd-a5c8-4c2b-a0e3-e0d23e08bfc3,0.00,0.00,0.00,0.00,0.00,27.45
23ae0fef-a5cd-4a37-9a56-b163813035e6,60.00,8.46,59.32,0.00,2.20,15.35
23b352bf-6016-4b34-96cd-1d155ce1ccac,60.00,11.15,78.01,0.00,0.68,4.82
23c209c1-6604-4814-983d-8d64027c5c9b,60.00,17.00,123.00,0.00,0.00,0.00
23ce14f0-6c3f-4bc3-b9ee-337f2ae7831b,60.00,14.47,129.79,0.00,2.28,9.16
23d550f6-31df-4676-8c9d-74ca225bbd37,60.00,7.87,67.49,0.00,0.63,1.01
23d8a87a-e950-475b-8917-f68d36747d9a,60.00,11.28,81.09,0.00,2.70,18.83
23db1609-0f16-485e-9023-d95296c16f74,60.00,8.32,58.28,0.00,2.35,16.38
23db9ee9-b265-4729-a69d-c7a81c848420,0.00,0.00,0.00,60.00,10.00,70.50
23f9f7ac-75da-44e1-b683-598cbaf40db1,60.00,9.30,65.20,0.00,2.70,18.80
241157ac-8149-4c3d-8182-20d0326400f7,60.00,8.98,67.89,0.00,3.52,19.61
241933e3-4b01-4aa9-902f-05744d7d1824,60.00,11.54,82.89,0.00,2.46,17.11
24260d03-312a-47c6-bcf6-703903ad16ab,60.00,11.28,80.30,0.00,0.22,2.20
244d84a4-dc9a-46ae-b1e6-2e590732ce14,0.00,0.00,0.00,60.00,12.98,93.98
245c62b9-24c3-4eb0-bd52-993ba85a087b,0.00,0.00,0.00,60.00,13.50,96.50
24657967-24cb-4d1d-9c69-4c464d6a1a70,60.00,13.33,93.36,0.00,2.17,15.14
247f1f0e-5583-484a-8d04-bc362fe21dc3,0.00,0.00,0.00,60.00,11.00,77.00
248aab77-f662-4e58-bca7-f702f742d871,0.00,0.00,0.00,60.00,10.75,75.75
24bd3d2b-c540-4eb9-8592-2c96b7da477a,60.00,14.46,102.68,0.00,1.29,24.82
24ca8d18-6ac4-46b9-8eae-d8122a51b05f,60.00,12.33,75.86,0.00,0.67,17.10
24e6efac-0adc-4afa-8a55-817d76398f02,60.00,9.85,71.06,0.00,2.65,18.44
2520639c-5c7d-4461-a11e-d1ad4272ba32,0.00,0.00,0.00,60.00,14.50,103.50
25290595-d78a-41f6-821f-5362637d2542,60.00,11.17,79.92,0.00,2.81,20.00
252ed040-90ac-48e8-9c7f-638ffd2ceb00,60.00,6.11,62.96,0.00,0.89,6.04
2556ed43-46bd-4082-93a9-3c220828362a,60.00,11.59,83.23,0.00,2.41,16.77
255c49e9-7996-4313-9286-46a6fd6863d3,0.00,0.00,0.00,60.00,14.00,100.00
25740b54-09e2-4af9-807a-b3b91333fb62,60.00,11.48,82.03,0.00,0.35,2.80
258f7955-cab5-4a3b-9a9a-2b8c31e930e6,60.00,12.53,89.82,0.00,1.47,10.18
2591428b-1aea-4f14-a377-c26a40298798,0.00,0.00,0.00,60.00,17.00,119.00
25948430-096b-47a7-a606-374dfcd8cf3c,60.00,11.60,74.67,0.00,2.40,25.33
259495e8-b1de-4b8a-9f3d-0464e7835dd8,0.00,0.00,0.00,60.00,24.00,168.00
259ad7a3-209a-4964-8487-ceabf48cff9a,60.00,6.77,53.28,0.00,2.73,15.22
25be2166-f35c-446a-a3f8-cc11ae96ae65,0.00,0.00,0.00,60.00,12.50,87.50
25d67545-7a1c-4a32-9bc2-0f6bec0551de,60.00,8.87,62.13,0.00,2.13,14.87
25f2c4c3-05f6-4954-82e6-07421e454528,0.00,9.04,68.60,60.00,14.94,83.82
26134826-9c28-4b1b-8c00-953b5ce8c523,0.00,0.00,0.00,60.00,12.50,87.50
2614c49b-d3cf-48c4-a5a2-052e017117ae,0.00,0.00,0.00,60.00,11.00,77.00
261f28ee-70fa-4238-af01-6d92ab1f712f,60.00,16.90,93.44,0.00,0.10,25.56
2620b9fd-ac15-487c-859c-991c71d84f2e,0.00,0.00,0.00,60.00,11.00,77.00
2633512a-de8d-405e-a986-3d0f9c4b639a,60.00,10.50,73.50,0.00,0.00,0.00
263596ba-f8db-48c3-a977-e73a6f6ab903,60.00,10.34,72.48,0.00,2.49,17.36
2645edf5-8fe4-4677-87fd-8b7d801f97e5,60.00,10.09,70.69,0.00,2.74,19.14
264bc16a-293e-498d-bdf7-df231171e875,60.00,11.42,79.93,0.00,0.08,0.57
264d0ce4-ddd4-488c-8939-1f0dd9ce1129,60.00,9.77,68.37,0.00,0.48,3.38
2665d6c3-7f9f-434b-9aa9-d36a2dd97366,60.00,10.69,77.68,0.00,2.79,16.70
2687d4f7-febf-4842-a027-bd5ae081a8b7,0.00,0.00,0.00,60.00,14.00,100.00
26a0dce4-0264-4a5f-b6e5-6a5697f9110f,0.00,0.00,0.00,60.00,24.00,168.00
26ca1b87-782b-45c7-8562-a8a604cb56d2,60.00,9.21,64.32,0.00,1.79,12.68
26cf10e2-185d-4cd2-9d19-dcb722ba15a2,60.00,14.11,98.56,0.00,2.87,20.33
26e55648-95f3-4fc7-b368-c8e1493748ff,60.00,11.47,82.40,0.00,2.53,17.60
26e635f0-c9a9-43d6-98f2-a18ce50a193b,0.00,0.00,0.00,60.00,10.50,73.50
270007fd-40c0-469e-a775-be1698f954c4,0.00,0.00,0.00,60.00,7.98,68.88
2701e44d-d574-4bc6-85df-0eff30d39a17,60.00,10.52,73.90,0.00,2.96,20.48
2704df0a-4442-4e0f-87ec-f003c177d1fc,60.00,9.20,64.51,0.00,1.80,12.49
27051b53-fc4d-40d3-b234-410b3e5172d6,0.00,0.00,0.00,60.00,10.50,73.50
27110fff-6121-43e2-b19a-02ae92a79c74,60.00,10.17,71.31,0.00,2.33,16.19
271758aa-c8c9-47da-9378-1de6f4dc30f7,60.00,10.86,75.93,0.00,0.64,4.57
27191d33-003c-4d5a-9352-9b33cad3a0ca,0.00,0.00,0.00,60.00,12.50,87.50
273c2570-da54-4526-ab33-175e4d7a1609,60.00,12.45,89.23,0.00,1.54,10.69
2748b92b-8e2d-4ba5-a706-8a8cd5920ec0,0.00,0.00,0.00,60.00,11.00,79.00
274ec66e-eb31-45db-b43a-61660f0183d5,0.00,0.00,0.00,60.00,11.00,79.98
2765186a-c911-4fe8-bf02-0023469ccc64,0.00,0.00,0.00,60.00,10.75,80.00
27761282-601b-4c91-800f-08e01bdaa116,60.00,13.52,94.69,0.00,1.98,13.81
2791fa63-22c5-4ec2-83fd-1aa0d6b80c3d,60.00,16.80,114.50,0.00,0.20,3.50
27b89ac7-c072-416e-b0b8-bf1f54c7b854,60.00,11.48,82.49,0.00,2.00,13.93
27e8edbc-dc37-4a2d-af86-a3d8c3799111,60.00,12.70,92.55,0.00,2.30,16.45
27e97727-3719-41fd-93e3-361ca41e1a71,60.00,8.57,60.04,0.00,2.10,14.63
27f1dcc2-4fc6-49d9-b6b3-e84811d138cc,60.00,16.98,115.78,0.00,0.00,3.11
280d2c12-c2ea-4d0b-89bc-abe2a025266c,60.00,14.47,104.80,0.00,0.53,2.69
280e6720-a5e3-4351-b019-0b4ac686e34e,60.00,14.54,105.66,0.00,1.46,10.31
2811a6b0-ef93-4e4b-a9a5-50fc536756a3,0.00,0.00,0.00,60.00,18.00,126.00
281f050a-c6b7-4f30-8793-6cff05268ab8,0.00,0.00,0.00,60.00,15.98,111.88
281f49d1-7710-4dc2-baa1-aac6b08823ba,60.00,8.89,62.33,0.00,2.61,18.17
282c1b7a-52c9-4f26-9ace-f6bcc2cf7027,60.00,10.75,80.00,0.00,0.00,0.00
28538e29-9372-4cc1-b2d3-e1b60077f142,0.00,0.00,0.00,60.00,12.00,94.50
28558ff2-8599-41f9-a622-0b86487fceef,60.00,12.02,86.35,0.00,1.96,13.57
28630830-04fd-488b-8a00-c84332e2f505,0.00,0.00,0.00,60.00,7.92,67.97
28802d5f-4395-43bf-b315-0913d60fde71,0.00,0.00,0.00,60.00,11.50,80.50
2893fbf9-90a8-43de-8aa8-ec4e3a5602f2,60.00,14.53,105.64,0.00,1.47,10.36
28aef638-de55-40bf-a6b7-a7a02848a271,0.00,0.00,0.00,60.00,10.50,73.50
28b7a3ec-6926-4a8b-ab2b-5b1f4b55f1a1,60.00,8.71,61.03,0.00,1.96,13.64
28c400c7-d36b-4960-bccf-6f750a23f8db,60.00,9.86,68.07,0.00,2.64,21.43
28cc0e4c-8d90-4a5a-b636-06cf0a3145a5,0.00,0.00,0.00,60.00,12.50,87.50
28eee68b-46fa-4d80-af12-31e17b553217,60.00,17.00,119.00,0.00,0.00,0.00
29118500-ac4f-48f4-8209-e33375818489,60.00,13.33,95.40,0.00,0.15,1.01
2915f491-91cc-4536-abe5-a61df4a9b61e,60.00,11.53,82.82,0.00,2.47,17.18
291bd814-b6a9-447c-bd63-da5f5961c2c8,60.00,8.67,62.78,0.00,1.83,12.72
291cc3dc-6949-4b37-8b7c-06163fad8917,60.00,8.16,59.15,0.00,2.34,16.35
292934b9-4a5d-44a4-8b1a-de01664498f6,60.00,11.44,82.13,0.00,2.56,17.86
292b2ee6-b5e4-4ff4-af7b-08d440a053d4,60.00,12.50,89.50,0.00,0.00,0.00
294090fb-fad5-45f8-837e-03077e4023e0,60.00,17.00,119.00,0.00,0.00,0.00
294aaf18-628f-403f-8145-6f15c569b9d7,0.00,0.00,0.00,60.00,24.00,168.00
295b7694-fff7-48af-968f-1f9463882115,0.00,0.00,0.00,60.00,13.50,94.50
29627ebc-ca4f-41c5-bcd4-1463b7b91d6e,60.00,13.50,94.50,0.00,0.00,-0.00
297874ba-9a31-4931-8c4b-85ff258a824c,0.00,0.00,0.00,60.00,13.00,93.00
298bca11-2c07-46de-b829-edd40e4f176d,60.00,16.00,128.00,0.00,0.00,0.00
29acd182-f9c2-49da-97ce-a63a5f0f095f,60.00,16.81,114.75,0.00,0.19,6.25
29b99a45-626f-46b6-8cba-72ba07b484d5,60.00,8.92,62.52,0.00,1.75,12.14
29c8d898-0107-4a32-8736-fc6c36225db3,0.00,0.00,0.00,60.00,17.00,119.00
29de0916-90ff-466e-8830-2ba72fa84768,60.00,9.97,57.93,0.00,2.37,28.40
2a07b2ca-79ba-4efe-b5b3-13f0942857c2,0.00,0.00,0.00,0.00,0.00,1.00
2a19843b-8c25-4dbc-9ea7-e7796bd939cf,60.00,8.98,62.92,0.00,2.02,14.08
2a29016e-edba-4ff2-86b5-05e8d5b0ba50,60.00,11.60,80.27,0.00,2.40,19.73
2a2bebcf-65bc-4172-b326-2bec116903c3,0.00,0.00,0.00,60.00,14.00,100.00
2a3a880a-2864-4eb2-9b0d-ca416f289466,60.00,11.23,90.40,0.00,0.77,4.10
2a494af9-bf59-44b6-a171-83f8436e4e2a,0.00,0.00,0.00,60.00,13.50,94.50
2a5ab316-b424-4982-8f02-9262a60811ac,60.00,8.81,61.77,0.00,2.69,18.73
2a686d9f-b01b-4bb9-82a4-d76569c949dd,60.00,11.54,82.88,0.00,2.46,17.12
2a77eaed-c15e-4886-b8d3-69c9aa5fc9f5,60.00,13.42,95.67,0.00,0.58,4.33
2a7cbe72-a537-460d-b421-44cd990895e5,0.00,0.00,0.00,60.00,10.50,75.50
2a886967-4460-41fb-87a1-0e9a7ad5cc85,60.00,10.19,75.01,0.00,2.81,19.99
2aa78f77-2610-4c9e-bda5-45c5ff2c7461,0.00,0.00,0.00,60.00,9.50,105.75
2aadc988-1be1-427b-baa0-bb14d2e44948,60.00,8.57,60.05,0.00,2.10,14.62
2ab7f04c-10a3-4d70-b00d-8cc69634e6af,0.00,0.00,0.00,60.00,12.50,87.50
2adc924f-b7ff-46a5-84b7-4124131065cb,60.00,10.50,73.50,0.00,0.00,0.00
2af0f0db-a799-43ae-8eea-5aa0b6c41c68,60.00,13.21,94.30,0.00,0.29,2.19
2b082223-c375-4384-afc5-4f9e7cf0e005,60.00,8.82,61.84,0.00,2.18,15.16
2b0a66e0-bbb2-4e33-8ad9-c0de32dd21cd,60.00,10.51,75.43,0.00,0.49,3.57
2b106e20-c9c3-4a9b-b6a4-0b38a467e0a7,60.00,12.89,102.52,0.00,0.11,0.48
2b3430b4-f92e-4a86-a2fe-4228591c7ea8,60.00,12.43,88.75,0.00,0.57,4.25
2b8bb820-a55d-4a49-a01c-1db6ee9d9ab1,60.00,14.16,101.87,0.00,2.82,18.97
2b914d4b-2638-4ba5-8e5d-a09ab82c0ddc,60.00,12.79,90.41,0.00,0.19,0.48
2b9d0d2c-075d-4392-8dbb-7e9a0eed333b,0.00,0.00,0.00,60.00,13.50,94.50
2ba599ee-9a2f-44d1-9ceb-aa0bcd635a87,0.00,0.00,0.00,60.00,10.50,73.50
2bbf2382-69e0-4391-a7b4-f69aa607231e,60.00,8.45,61.24,0.00,2.05,14.26
2be46595-ebb9-4552-9d4f-16c3e565824a,0.00,0.00,0.00,60.00,24.00,168.00
2becc2d2-65e7-4727-b774-c917c849ab1d,60.00,13.15,92.07,0.00,0.33,2.31
2bf4dae8-e767-423d-b349-5286ed4d995e,60.00,12.50,87.50,0.00,0.00,0.00
2bf9713b-7446-4cbb-bd70-70fa377afc5b,60.00,8.68,60.81,0.00,1.82,12.69
2c07d45a-7941-416a-9f60-7eb9244d0b5f,60.00,10.18,71.38,0.00,2.32,16.12
2c2bffc6-b839-4d9c-a363-f64f29b218c1,0.00,0.00,0.00,60.00,13.50,96.50
2c3d06cb-331c-4069-92aa-7bf268166f70,60.00,8.81,62.74,0.00,2.69,18.76
2c53ba58-ca34-4890-b80f-ecf262d3f3d6,60.00,9.79,60.75,0.00,0.21,11.25
2c56593f-27e8-42b1-99aa-8358dd02f422,0.00,0.00,0.00,60.00,24.00,168.00
2c61f4dc-67aa-498e-baa1-e34a04359c1f,60.00,9.87,71.19,0.00,2.63,18.31
2c687090-9edb-49c4-856a-6146d280a8af,0.00,0.00,0.00,60.00,10.50,73.50
2c7f4cbb-b7b1-4720-b324-bb6cfcf493cc,60.00,15.83,112.50,0.00,0.17,1.50
2c8caeab-3275-4e5e-baea-2ba2b06a4efb,60.00,13.29,92.94,0.00,0.20,1.44
2ca17e3e-8f9c-479d-9cb4-2f6536b5d3dc,60.00,6.73,50.16,0.00,2.77,18.34
2cc76d80-acb3-48a7-a402-ea21a701c564,0.00,0.00,0.00,60.00,13.00,93.00
2cdc301e-a8dd-411a-b870-78e8b5286fb9,60.00,12.43,88.71,0.00,0.57,4.29
2cdf1abf-0be4-489a-8e27-f04bc528d746,0.00,0.00,0.00,0.00,0.00,35.50
2d031c07-78ec-451a-b6d6-191811634b72,60.00,11.57,83.07,0.00,2.43,16.93
2d1caf71-3931-44b4-9391-680762640e6d,60.00,12.50,87.50,0.00,0.00,0.00
2d246d81-e6fe-4072-8a11-9a0652d70ef2,60.00,11.59,80.20,0.00,2.41,19.79
2d345027-e385-4d9d-9936-197523cbe4f1,60.00,6.45,54.26,0.00,4.55,22.74
2d4153be-2b1c-4e8c-a96b-1c2f3ade2db2,60.00,9.81,70.77,0.00,2.69,18.73
2d4ab455-88eb-45e2-9501-fcc7369c48c7,60.00,8.75,61.31,0.00,2.25,15.69
2d6c3569-c629-4b65-83e9-3176cafd0ab5,60.00,10.15,70.16,0.00,2.35,19.34
2d6f9713-9dba-4631-ab3f-2c806b95556f,60.00,11.30,81.17,0.00,2.69,18.74
2d931d68-caab-49b0-9645-751fb03b5679,0.00,0.00,0.00,60.00,24.00,168.00
2d9569dc-4ea1-46a4-b8d6-df4ccecdbdd8,60.00,16.81,126.26,0.00,0.19,5.70
2da50864-a1e4-4819-adab-00dc8d15346d,60.00,10.05,70.38,0.00,2.45,19.12
2da6daf8-4ef8-4b59-ae29-35f7646eddba,0.00,0.00,0.00,60.00,10.50,73.50
2dbea5bf-8a87-4e03-9bce-7806c755e478,60.00,10.09,70.67,0.00,2.75,19.16
2dbf589f-dc31-438f-835c-48e8f2c728b6,60.00,8.80,61.67,0.00,1.87,13.00
2dc45b49-de3c-4438-afdc-93ff4e851b2d,0.00,0.00,0.00,60.00,8.92,60.50
2dd70367-9494-4002-baa6-648d64b31656,49.69,6.01,42.13,0.00,2.74,19.12
2dfb64c4-32cd-485c-a656-464f9971a388,60.00,9.72,68.10,0.00,2.78,19.40
2dfc14de-ae62-464b-8c73-52090df1c534,60.00,9.26,64.89,0.00,1.74,12.11
2e00f72d-7b94-4cb0-8f79-090c3df05e6d,60.00,10.52,74.62,0.00,0.23,2.63
2e0ebaf5-1045-414a-8fa4-029c6c222b8d,0.00,0.00,0.00,60.00,12.50,87.50
2e1026a4-2b59-45e5-b62f-b5b97ddb2cf6,60.00,11.58,83.15,0.00,2.42,16.85
2e1d3b76-a7c7-4e28-b5b1-b8976ca75b11,60.00,8.14,57.05,0.00,2.36,16.45
2e303477-c7ba-414e-98ca-13763f3c06ef,0.00,0.00,0.00,60.00,10.50,73.50
2e43ed52-caa2-485c-a085-8f61d0e984d9,60.00,8.77,61.43,0.00,2.73,19.07
2e75359e-7871-4156-b943-986d45f904ae,60.00,11.43,80.12,0.00,1.80,12.52
2e799ce5-4242-490e-b17c-b699ef5c871e,60.00,11.74,84.29,0.00,2.25,15.63
2e956f58-0789-4645-bf63-99d72fdcf95a,60.00,9.18,64.34,0.00,1.82,12.66
2e9a0a19-29ea-4db5-bdab-1f5ec2696523,0.00,0.00,13.56,0.00,0.00,13.92
2e9dc7d8-85f4-4cb1-b72b-977df5a05170,60.00,8.95,62.69,0.00,2.05,14.31
2eb86c26-5f80-417d-b63d-d34a98af6fbf,0.00,0.00,0.00,60.00,12.98,90.88
2ecae814-21ce-46a7-8e15-71c358026d35,60.00,14.65,106.45,0.00,1.35,9.52
2ed01188-7f1c-45ab-ba0b-8df8bfcfec2e,60.00,8.69,60.91,0.00,2.31,16.09
2ed42d63-93bd-4783-acfa-bd0b878ef42b,60.00,8.16,50.03,0.00,2.34,25.47
2ee399a4-df54-4833-bd59-5e145131b022,60.00,12.50,87.50,0.00,0.00,0.00
2ee5c720-1bc1-4758-b67e-d56f881d36bc,0.00,0.00,0.00,60.00,11.00,77.00
2f0e266c-90ef-4571-a7de-5462fc0ca229,0.00,0.00,0.00,60.00,13.50,94.50
2f18bc82-a1ec-4a34-a480-5f7747659b0c,60.00,16.91,118.26,0.00,0.08,0.62
2f33d254-b3d9-4091-a230-ebf2c04a0fb3,0.00,0.00,0.00,60.00,11.00,77.00
2f3c997f-af21-4a2a-86c9-1adedca7961d,60.00,8.51,59.62,0.00,2.16,15.04
2f5c1898-f025-4c14-9f2e-b83c4b57d0e2,60.00,16.91,118.29,0.00,0.09,0.71
2f5ca8dd-1695-47eb-bd6a-a3b1115c5f0a,60.00,8.64,62.55,0.00,1.86,12.95
2f8037a0-b519-4ba0-8efd-31e9aa260be9,0.00,0.00,0.00,60.00,11.00,77.00
2f9b7e72-3016-4bf7-9ffa-8fd2845abac8,60.00,16.65,113.42,0.00,0.35,4.58
2fb326b0-2f8a-4519-803b-625d37dbc721,0.00,0.00,0.00,60.00,8.92,60.50
2fc20ef5-6582-4d6a-b8fc-f91f188b967b,60.00,8.78,61.54,0.00,2.22,15.46
2ff77c02-d3a7-4834-8bb2-1baef5af61cf,49.41,16.57,106.16,10.59,0.42,12.72
3020191e-70c2-44be-b080-34e6b85f1d9d,60.00,8.57,60.04,0.00,1.93,13.46
3052e479-d0cb-48e9-8c4b-d153727c898a,60.00,9.79,68.63,0.00,2.71,18.87
308f6c4a-6156-45be-959f-52e7abadf6d2,0.00,0.00,0.00,60.00,11.00,77.00
30953d96-6672-402b-a440-f92e901fd255,0.00,0.00,0.00,60.00,11.50,80.50
3095704d-1000-441c-ae70-4dc098ac8127,60.00,14.03,79.33,0.00,2.97,39.67
3096d8a8-68b1-44d7-a72b-9386de34415b,60.00,8.96,62.81,0.00,2.04,14.19
30bffd19-70c3-492e-9099-963c4c664265,60.00,17.00,118.00,0.00,0.00,0.00
30c1bcc9-59fe-4812-8e3d-f95d3d6a3458,0.00,0.00,0.00,60.00,13.50,94.50
30d3418d-fd22-4edd-9625-e7686ab1d5c4,60.00,12.00,94.45,0.00,0.00,0.00
30d4b5d1-2bde-458f-b149-7f9276ebb716,60.00,8.93,62.60,0.00,2.07,14.40
30d57c69-73ac-4025-b560-88c53124bf79,60.00,9.70,67.99,0.00,2.80,19.51
30fddd8d-de45-4ea5-8fc9-d32ff7cd233e,60.00,9.62,45.51,0.00,0.38,26.49
310439c2-4082-4909-9b30-703cea5b17fa,60.00,11.46,82.35,0.00,2.52,17.56
3107eb43-86c2-4c6c-8567-b5f6d0cf275f,60.00,11.58,83.20,0.00,2.40,16.72
31175472-60cd-44f4-9928-0c7e10aff8e4,0.00,0.00,0.00,60.00,12.50,87.50
3119151e-31a8-4897-9969-cc5d8a6201ba,60.00,11.50,84.50,0.00,0.00,0.00
31316151-3821-4ce9-9784-b90001a9437a,60.00,8.20,59.01,0.00,2.30,16.49
313ac91d-fe9b-4f44-82e8-58f7a2ab3f10,60.00,10.59,76.09,0.00,0.41,2.91
31408b7f-8058-41ed-9619-b4e6d3bc7cff,60.00,16.82,129.48,0.00,0.18,3.49
3142a417-bbe7-4b7d-ac84-fa4b3aedd46c,60.00,11.44,82.12,0.00,2.56,17.88
315323a1-3901-4b16-ac05-429e8b31b38e,0.00,0.00,0.00,60.00,11.83,82.83
31585049-e145-41cd-82a0-35c640aa07ae,60.00,11.50,77.56,0.00,2.34,19.28
31768f67-76c2-4f32-8c87-4f3f4db6d5a0,60.00,10.26,73.88,0.00,2.24,15.62
3176c09f-ff91-4f14-a95f-f359eb2414f6,60.00,12.02,84.03,0.00,11.98,83.97
31875f6c-fb5f-475b-9d97-9bd2d1398ac1,0.00,0.00,0.00,60.00,11.50,80.50
31a05915-fa93-4cf2-875c-1d61f72fbbd8,0.00,0.00,0.00,60.00,8.25,69.75
31adbc0c-6adb-4418-8b80-a05f27538be4,0.00,0.00,0.00,60.00,14.50,101.50
31c6b22d-d061-44c7-9c64-b20260bd6106,0.00,0.00,0.00,60.00,19.00,133.00
31f8159a-9401-44a4-bb92-c0206ff3483e,60.00,13.28,92.75,0.00,0.22,1.75
31faf575-56c6-4547-a0d0-381ad76a54c3,0.00,0.00,0.00,60.00,24.00,168.00
32093fe1-c86c-45b9-9a14-e409fd828e48,60.00,16.92,118.33,0.00,0.08,0.67
322bcf19-c2c0-4767-ac26-cafda92957e0,60.00,16.65,116.48,0.00,0.85,6.02
3233ab20-4991-4699-b6d5-c332e58f824f,60.00,24.00,166.98,0.00,0.00,1.02
323bfda1-2b62-440a-a6fe-bad643d10cfa,0.00,0.00,0.00,60.00,14.00,100.00
325d8143-1977-40d3-81d8-857f9c8f20d3,60.00,9.75,70.25,0.00,0.00,0.00
327b317c-95e6-41d4-aed4-8aab4b365ef2,60.00,8.96,62.79,0.00,2.04,14.21
327f40b6-5d1a-4f50-8437-bdfb477a4d43,60.00,11.02,79.05,0.00,12.98,88.95
3291377e-38d3-4d2c-8fd6-2e122914e9e9,60.00,11.53,79.86,0.00,2.45,20.05
3293d361-e237-4aaa-ae46-e593f4029891,0.00,0.00,0.00,60.00,8.25,69.75
329bdf2a-3379-4346-90bb-18a44aaaac8d,60.00,12.50,87.50,0.00,0.00,0.00
32b52a2b-b958-42ae-8e11-be57b654ab84,60.00,14.25,99.47,0.00,2.74,19.42
32f1daa8-675f-4730-a0d3-a70923d800ea,0.00,0.00,0.00,60.00,10.50,75.50
330d54f4-4428-4308-9d22-eb4b6dfcdd74,60.00,14.20,100.15,0.00,0.30,1.35
33103a96-acc2-4605-9fa8-10363dc900fb,0.00,0.00,0.00,60.00,12.00,85.97
33195faa-176e-45ed-b87f-2b83fb3f5be8,60.00,14.05,98.22,0.00,2.93,20.67
331c5996-72b9-485f-89cb-83ff27f2f4aa,60.00,13.58,95.20,0.00,0.92,6.29
337279d7-3fd5-4300-957a-23b923fb36ed,0.00,0.00,0.00,60.00,8.92,60.50
33827bf2-5513-4ba1-88d2-05d474b6d14c,60.00,9.00,63.00,0.00,0.00,0.00
338485e6-ee73-4e5d-900a-b79d45e8bc61,60.00,8.65,60.63,0.00,1.85,12.87
33ba3ed4-6585-4e15-9349-fd0f82d0403b,0.00,0.00,0.00,60.00,10.50,75.50
33c306fe-aeb1-4339-8357-e23022a78b6a,0.00,0.00,0.00,60.00,14.00,100.00
33ca1f80-bcd2-460f-ba70-11c14be47d38,0.00,0.00,0.00,60.00,13.00,99.00
33ff353b-7c77-4c2f-b3bf-4a2a1428ecd9,60.00,11.53,82.82,0.00,2.45,17.10
340d653a-1214-4f60-a6af-3ae07541d1a1,0.00,0.00,0.00,60.00,15.50,108.50
341808f8-ec75-4e7c-b51e-0fd9ec667be0,0.00,0.00,0.00,60.00,13.50,94.50
343b6ce6-c6e4-4386-879f-c3c84e321bce,0.00,0.00,0.00,60.00,11.50,82.50
3444291d-5f72-41fb-a06d-5e29f6c2c8f7,60.00,11.00,79.00,0.00,0.00,0.00
3445480d-8907-4abc-ba36-48cf40d0492f,60.00,9.96,69.82,0.00,2.87,20.02
3448af51-6f95-4f50-8b22-c6910cf8eb57,0.00,0.00,0.00,60.00,24.00,168.00
345188e9-8130-458c-b63b-4723187805c3,60.00,10.67,74.66,0.00,0.33,2.34
3453fe5c-5068-4493-8e1d-5335c649f556,0.00,0.00,0.00,60.00,14.00,100.00
347cb0a2-840c-482a-999d-ea7dea63e29e,60.00,12.50,87.50,0.00,0.00,0.00
3489a5fb-6160-40f5-b8d8-580a8bfe9073,60.00,9.74,68.71,0.00,0.26,1.79
34928585-79c6-4c24-992f-7a03cad28641,60.00,9.80,70.62,0.00,0.20,1.38
34c02ec3-5e35-4673-9744-3c9021f7fbe9,60.00,12.23,84.54,0.00,0.77,7.42
34da619c-82db-489b-aa0d-c7e28c580c7e,0.00,0.00,0.00,60.00,11.50,80.50
34ebd7e9-c737-4d40-9684-75a9f1739f94,60.00,17.00,121.00,0.00,0.00,0.00
350b23b3-6d63-49d5-ac78-7061e713f5f8,60.00,9.79,68.00,0.00,2.71,21.50
351bad07-4d64-4af1-8b91-c8441c2633c0,60.00,11.60,73.64,0.00,2.40,26.36
352f62f2-7d78-45d7-b8c5-a802b58751fe,0.00,0.00,0.00,60.00,14.98,107.38
354b5616-6f7d-456d-928d-f13daf578781,60.00,13.50,93.40,0.00,0.48,5.51
35616dd8-d926-47c6-8d2c-38e2039b44e3,60.00,8.94,62.68,0.00,2.06,14.32
35664c5c-a4c5-47dc-bc0e-194c07ece5cb,60.00,8.94,62.68,0.00,2.06,14.32
356bc664-227b-4408-ae02-2e20cb026e8b,0.00,0.00,0.00,60.00,10.25,71.75
356ca245-3fea-4b94-a54c-8a4956e83e3c,0.00,0.00,0.00,60.00,14.00,100.00
358b505f-c034-4bd7-8c22-7767cd3ca38d,60.00,12.62,90.09,0.00,0.38,2.88
35ae94d0-e2ef-4aa6-bcfe-cae4df5b0bc0,60.00,8.53,59.78,0.00,2.14,14.88
35c15197-e66f-4024-a285-22f63ddcd2aa,60.00,12.29,84.98,0.00,0.71,6.99
35c36b98-f59a-4ce4-b694-a6a3679bfaad,60.00,6.55,43.23,0.00,1.87,13.02
35dc3222-4b96-49e7-95ea-7eddc1159633,0.00,0.00,0.00,60.00,10.50,73.50
35dfe96f-da5c-4c75-b119-f120edc170e6,0.00,0.00,0.00,60.00,13.50,90.50
35e14890-b6e2-4e2f-9de8-a15e3ae46eb8,60.00,10.54,75.79,0.00,0.21,1.46
35ee45da-e89b-4d4b-9c79-04559eec664e,0.00,0.00,0.00,60.00,13.00,90.00
360430e0-b49f-4401-a21a-c2fae4fba841,60.00,10.20,71.29,0.00,2.30,18.21
360ae44c-26ba-4d43-ac5f-7e33b0fc4e17,60.00,10.34,72.47,0.00,2.49,17.36
362d488c-3b75-40f5-8c19-1d155e645867,60.00,12.66,90.74,0.00,1.32,9.17
363a5f68-83f2-4c8f-b0c1-cbd85e67c766,60.00,8.64,60.54,0.00,2.36,16.46
363bb990-16bd-4d37-b59f-e019b196846e,60.00,8.97,62.83,0.00,2.87,20.00
363ee67a-a708-4f54-aaf0-8fc3e3b20cd7,60.00,9.75,76.54,0.00,2.75,10.96
364b3704-e291-498d-8f44-31b57afc121d,0.00,0.00,0.00,60.00,14.75,103.50
365859ba-3c48-4f31-afaf-b56dee16c6dc,0.00,0.00,0.00,60.00,14.00,100.00
365c2d0d-3d07-4ac1-8fe5-a306142e94be,60.00,7.53,69.41,0.00,0.22,0.84
367230a5-11d6-4023-bdaf-9474ba2febaa,60.00,10.60,74.27,0.00,2.40,16.73
36867347-480e-4978-a7fd-3772fc62c9e4,60.00,11.26,80.90,0.00,2.73,19.02
36a3602e-77ac-4036-988e-5bb3b919ebbe,60.00,17.00,119.00,0.00,0.00,0.00
36f234e4-8f8e-4929-b07a-9c279bc7b9e2,60.00,14.05,98.17,0.00,2.93,20.71
3715e391-8778-4453-b687-2893894e29d8,60.00,8.79,61.59,0.00,2.71,18.91
37227346-a922-4ee9-a2d2-962d293eceb2,0.00,0.00,0.00,60.00,10.33,72.00
3730b844-cfe3-464d-89c7-715fe058d1ae,60.00,9.84,68.96,0.00,2.66,18.54
37406d01-540a-4376-97df-a9878fceaba8,0.00,0.00,0.00,60.00,10.50,73.50
3757be17-5d4d-4dd4-8bdc-a6ddd6ae6fe3,60.00,8.60,60.31,0.00,2.06,14.36
377e9255-f392-4b8d-b1e2-1443176dfd6e,60.00,9.72,68.09,0.00,2.78,19.41
378e9419-05f5-4990-b239-34f886be5746,60.00,10.23,71.71,0.00,2.27,15.79
379575ff-5f19-4de6-b11d-1aea575f8a6c,0.00,0.00,0.00,60.00,12.00,94.50
37b4716e-f78c-48f5-84c7-fec6306ac541,0.00,0.00,0.00,60.00,24.00,168.00
37c738f8-753b-4437-af4f-952a90e4a9af,60.00,9.95,69.70,0.00,2.55,17.80
37dda59b-798d-438d-ad4d-8c342b768b55,0.00,0.00,0.00,60.00,24.00,168.00
37faa08e-5901-45fe-bbf5-6c2f8a54c505,0.00,0.00,0.00,60.00,11.50,80.53
3821f617-f9da-46f8-9585-b2b180698bb0,60.00,9.87,69.20,0.00,2.63,18.30
383682ea-7eb2-419f-80de-26542753328b,0.00,0.00,0.00,60.00,12.98,93.98
3840f375-13bf-4a31-b9fe-da7d5476d2fb,60.00,11.57,83.10,0.00,2.43,16.90
3843d773-e4b3-4884-bdb8-330e475f3ab0,60.00,9.92,62.65,0.00,2.58,26.85
38595ef9-e254-4c0d-83ba-111dedd83ce2,0.00,0.00,0.00,60.00,15.98,111.88
3863ef66-4623-4986-aa86-63540dfca6f2,60.00,8.98,62.90,0.00,2.02,14.10
386f79c0-35b4-49a7-b55a-a0aa72a5c5be,0.00,0.00,0.00,60.00,10.50,73.50
386f94f3-30bb-4465-98d4-b9f15d5eaed5,60.00,11.62,83.46,0.00,2.38,16.54
388142ed-37bd-4ebf-8ccb-bc6d69bab5c2,60.00,17.76,124.30,0.00,0.24,1.70
3898a1c5-92bb-42b6-a37c-ece92d351700,0.00,0.00,0.00,60.00,6.00,49.00
38ad61f2-a790-475d-a3f1-1c24336608aa,60.00,8.98,62.93,0.00,2.02,14.07
38ba12ed-618a-4cce-be6f-e88abfa3f3a8,0.00,0.00,0.00,60.00,9.75,70.25
38e291ce-7584-4dd1-aa6e-de43ef97b8b7,60.00,13.63,94.07,0.00,0.37,4.93
390deef9-848e-4e87-b179-afc09ca765bc,60.00,8.51,59.62,0.00,2.16,15.05
39179787-f698-4307-b32a-bc9f249d35ce,60.00,9.85,69.02,0.00,2.65,18.48
393451d4-cb96-47a7-885a-c31980e3c1f1,0.00,0.00,0.00,60.00,10.50,73.50
393ecb38-b87e-4d82-95fe-5c195ab5e410,60.00,10.87,75.98,0.00,2.63,18.52
3964b397-c431-4063-9f3d-458b5cf4e05c,60.00,10.59,76.97,0.00,2.90,17.41
39951338-1558-430b-8047-5c14378f40e7,60.00,10.32,72.34,0.00,2.67,18.65
3998f452-28ab-416f-8ce6-d460de08ca42,60.00,11.56,80.04,0.00,2.43,19.96
39a6db9b-37a5-4f79-9205-7f534843edcd,60.00,9.98,69.97,0.00,2.52,17.53
39ad4e49-204d-4315-be6e-fb5e5647c64c,60.00,12.41,88.62,0.00,0.59,4.38
39f484fc-6322-4f39-9b75-de58b63da50d,0.00,0.00,0.00,60.00,11.00,77.00
3a02139a-8a00-4aba-9320-bea6ca5b9f86,0.00,0.00,0.00,60.00,14.00,100.00
3a0e4cca-2531-4838-a88d-29142ecb5155,60.00,8.79,61.63,0.00,2.71,18.87
3a180cde-b4e8-4025-b235-5e5803f529d3,60.00,10.19,71.39,0.00,2.31,16.11
3a2313be-27d9-429f-9906-ccd142d9906c,60.00,13.43,93.90,0.00,0.05,0.49
3a603c8f-92ca-499a-a8cd-bd55735671a9,0.00,0.00,0.00,60.00,8.25,69.75
3a79a5fa-5bab-4088-be2a-72d30672c575,60.00,16.81,117.60,0.00,0.19,1.40
3a84fcac-efa8-4de3-b182-04e0d81cbd3e,60.00,17.00,119.00,0.00,0.00,0.00
3a86373e-72b6-4427-9450-2a5a19746334,60.00,11.18,78.32,0.00,2.30,16.06
3a919bbe-22a1-4cd9-89ae-5830837078e7,60.00,8.98,62.94,0.00,2.85,19.89
3a9d7e89-32c2-41ba-ae5a-0b09e1170c81,0.00,0.00,0.00,0.00,0.00,35.50
3aa7772f-571f-47fa-8d3e-b46bbf032510,60.00,14.19,99.02,0.00,2.81,19.98
3abe77b7-4be5-469b-bb77-ed748de1aeeb,60.00,11.20,78.45,0.00,2.30,16.04
3ac18b00-e806-42b2-975c-c9a5e48061f9,60.00,14.57,105.85,0.00,1.43,10.11
3adc76eb-5a19-4e78-82f1-017fec45801d,0.00,0.00,0.00,60.00,14.00,100.00
3b4a77fc-aaef-4f3a-86a8-c5293498aa18,0.00,0.00,0.00,60.00,12.00,84.00
3b4b47f2-183d-4876-8a81-3347d8887302,60.00,9.98,71.92,0.00,2.52,17.58
3b57c75c-34cb-4697-b2de-612e0beb4823,60.00,8.87,62.14,0.00,2.13,14.86
3b586db9-1d62-48a4-be2e-64a053133e7e,60.00,16.93,118.46,0.00,0.05,0.42
3b7a5702-06fa-4761-8672-a176ea571494,23.77,7.99,106.68,36.23,8.99,11.20
3b8bcbab-1c82-4c79-9df5-9639c2610cf3,60.00,9.40,65.89,0.00,2.10,14.61
3b96245d-ca6b-43ba-bb71-1b89137b3676,60.00,10.18,71.37,0.00,2.32,16.13
3ba4c1d4-86c1-4ea6-8a74-395f546bcc6d,60.00,17.00,119.00,0.00,0.00,0.00
3babed1d-3aee-4667-8a3b-98f1d96535e9,0.00,0.00,0.00,60.00,10.00,72.00
3bb03816-26c0-4176-89eb-bc8e0002e819,0.00,0.00,0.00,60.00,12.50,87.50
3bc558fb-e7dc-42a8-933b-90667a8686aa,60.00,11.61,80.33,0.00,2.39,19.66
3bcbfe52-03d7-41e0-b0b5-3c7d936561ec,0.00,0.00,0.00,60.00,14.50,100.48
3bcc4bec-8997-4957-b968-15b51d6de023,0.00,0.00,0.00,60.00,23.98,167.88
3bea56d1-eaf1-4bb6-b393-592addccf71c,60.00,13.24,85.41,0.00,0.26,9.09
3bf0327f-1101-4a91-bc2f-68be616bc83b,60.00,8.94,56.70,0.00,2.39,22.63
3bf22dfe-ba97-4988-b3d6-89d9effe16e7,60.00,13.23,88.24,0.00,0.27,6.26
3c049b04-c96c-4cd0-a3a5-3554e9d701e0,60.00,12.50,89.50,0.00,0.00,0.00
3c132cb5-7ae8-41c8-8ce5-388039c7ebe9,60.00,9.10,63.52,0.00,1.90,13.48
3c443e74-ebf4-46d8-a31d-486342e9c4fd,60.00,8.98,62.93,0.00,2.02,14.07
3c4d7b8b-8356-4181-bb5c-99c666fb40dc,0.00,0.00,0.00,60.00,13.00,103.00
3c4f91d1-3856-44f1-af1e-bfbedff994bc,0.00,0.00,0.00,60.00,11.50,80.50
3c6c10ca-a68f-424c-b167-b241911415fc,60.00,12.50,87.50,0.00,0.00,0.00
3c729b49-2659-41e8-a3c7-83327e578d63,0.00,0.00,38.73,60.00,13.50,55.77
3c74fa52-0019-4b1b-acfb-c2fa349b068b,0.00,0.00,0.00,55.31,12.00,84.00
3cb5c22a-19d0-4c38-840b-6a7bb3f6cbf3,60.00,5.06,51.14,0.00,5.44,22.36
3cb70e70-21a8-4102-8073-f95024b7160e,60.00,9.90,69.38,0.00,2.60,18.12
3cedaa03-37cb-42a0-a3d5-188084872732,60.00,8.16,58.82,0.00,2.34,16.68
3d019cab-8405-46ed-9508-a3ba061c35e1,60.00,12.50,89.50,0.00,0.00,0.00
3d04c609-c11e-453a-b75c-cd85f10f7156,0.00,0.00,0.00,60.00,13.50,94.50
3d718803-793d-4ef0-8ba4-7f8dad325450,60.00,10.18,73.33,0.00,2.32,16.17
3d783c8c-831e-4118-84f3-f7900a637ddb,60.00,11.17,78.24,0.00,2.32,16.15
3d860535-466f-4fa3-b6be-16985179a037,60.00,17.00,121.00,0.00,0.00,0.00
3d8afcba-9f86-4839-8c89-87eafb601dd0,0.00,0.00,0.00,60.00,10.00,72.00
3dd3589e-c163-47d1-b08f-56026a8a4578,0.00,0.00,0.00,60.00,12.50,87.50
3e2c5d5f-9529-4252-866d-f0fd81e5ffc5,60.00,8.98,64.29,0.00,3.52,25.21
3e47f93f-d560-40d5-a353-1250d738482c,60.00,10.45,75.04,0.00,0.55,3.96
3e692106-8bc7-4030-baaa-fed2994c2e8c,60.00,16.81,117.57,0.00,0.19,1.43
3e6a4976-bb58-40b9-a2be-37b5ef78e6f1,60.00,9.91,69.45,0.00,2.59,18.05
3e6fb25e-214a-4c93-b86b-da29c6064881,60.00,8.43,59.11,0.00,2.23,15.56
3e7859bd-9a16-487c-9b46-115082dd74a5,60.00,8.16,59.20,0.00,2.34,16.30
3e806064-a9ea-4181-a58d-694bbe838df3,60.00,10.01,72.14,0.00,2.49,17.36
3e888bdd-d382-4acb-9fd4-2dea392e10fc,60.00,8.98,62.93,0.00,2.02,14.07
3e89adea-5ba2-4ee6-b1a6-737d4a2e06f6,0.00,0.00,0.00,60.00,13.00,93.00
3ead2932-f3b0-44da-b068-eeb2a5133e9c,0.00,0.00,0.00,60.00,24.00,168.00
3ec733ab-7e15-4e48-8789-e5007946af47,60.00,10.55,76.76,0.00,2.93,17.62
3ec76778-f41a-4e85-95a3-40a60770cff7,60.00,12.50,87.50,0.00,0.00,0.00
3ecb5ed1-4136-48ce-b571-a6406c9a549b,0.00,0.00,0.00,60.00,7.98,68.98
3ef6458a-6a20-4039-8d0c-499eea5c9bde,60.00,9.80,69.62,0.00,0.20,2.38
3f0750ef-a65e-4cac-8b3b-bb1a23293a7b,60.00,17.03,119.16,0.00,0.45,3.23
3f14c37a-aabf-4429-815e-f172cf9d918b,60.00,12.75,89.20,0.00,0.25,1.80
3f2376e6-5111-4d12-9865-54af77e19d26,60.00,9.24,64.73,0.00,1.26,8.77
3f2fda7a-c60c-47bb-a4e3-e38971b5a6d2,60.00,10.65,72.15,0.00,0.60,6.60
3f32e8b5-2303-477b-9ef0-6a52dd9a1891,0.00,0.00,0.00,0.00,0.00,35.50
3f38dc04-c977-4580-9191-cc31d2a850b6,60.00,9.02,63.23,0.00,2.48,17.27
3f646d0a-4522-4f6c-8872-228f0274ccaf,0.00,0.00,0.00,60.00,10.00,72.00
3f686aed-e521-4214-afdc-2cc3eb78184c,0.00,0.00,0.00,60.00,10.50,75.50
3f7194b1-8017-4d9f-a28e-0a7e07477d75,0.00,0.00,0.00,60.00,11.00,75.00
3f86b349-0f61-4939-9abc-a3eddefd5ba9,60.00,12.54,89.92,0.00,1.44,10.00
3f968e02-f6e0-4c6f-a528-3a94653f3b85,60.00,11.36,79.63,0.00,2.12,14.75
3fa44b30-38ef-44be-b830-669957d386a3,60.00,9.98,71.92,0.00,2.52,17.58
3fa8c2c0-6e1c-4011-903c-8492f3663ec0,60.00,8.73,61.22,0.00,1.77,12.28
3fb02386-5c2f-4e7e-8653-f9c58f0b9c1e,60.00,9.50,68.55,0.00,2.50,17.45
3fb078e2-9300-4b8e-921c-f0ff3a339965,60.00,11.58,83.15,0.00,2.42,16.85
3fb3d3cf-3fe7-4c7b-8474-26af5e25d756,0.00,0.00,0.00,60.00,10.75,80.00
3fcade3c-fb69-48dc-b38f-e7a1868f5d0e,60.00,17.00,118.00,0.00,0.00,0.00
3feb998a-56a2-44ce-af85-8548f9d081a6,60.00,9.68,67.14,0.00,2.82,20.36
3ff5fc1b-32cd-4437-bd2e-bc4c64870ca3,60.00,9.15,64.13,0.00,2.35,16.37
3fff565b-6362-4a24-991a-8824b58329c8,60.00,8.73,61.23,0.00,2.27,15.77
401d4b74-b07b-414f-ac79-ccba9a47081a,60.00,8.78,61.56,0.00,2.72,18.94
403e48e1-cee6-4459-bed3-265f0b839533,60.00,16.87,118.03,0.00,0.11,0.85
40519ecf-50c3-4aa7-af45-86c1903952c9,60.00,8.98,63.18,0.00,2.02,13.82
40632bbd-78d8-48c1-96d1-f4b088314b65,60.00,16.91,118.28,0.00,0.09,0.72
406a4213-6f53-4867-8053-9d33626e84c1,60.00,13.42,94.00,0.00,0.07,0.38
4093e636-2bc5-449d-8169-9a3fb890a36a,60.00,11.54,82.87,0.00,2.46,17.13
4099c401-d831-47ef-8cfb-fa08df5b8296,60.00,9.74,68.31,0.00,1.76,12.19
40b59f43-b5ca-412f-acf0-6baa77692ffe,60.00,10.22,62.37,0.00,2.28,27.13
40ceaee7-47cd-4ae0-ade7-64b106a5cae7,60.00,8.31,58.22,0.00,2.36,16.45
40d3b4b4-4492-43f1-9fcc-34006baff034,60.00,11.23,78.52,0.00,0.60,4.31
40d79cb8-f794-4e00-9743-ffb91d6230a0,0.00,0.00,0.00,60.00,24.00,168.00
40d7d9ff-b8cf-49bb-b3eb-69370f9c8737,0.00,0.00,0.00,60.00,11.00,77.00
40e1b70b-1171-439f-b3f6-3083cd2dce37,60.00,11.20,78.47,0.00,2.30,16.03
40f15c73-4395-4a21-8bb4-197ae40afe2e,60.00,8.29,58.12,0.00,2.37,16.54
410828e6-b8b4-46a0-aabf-8fe03e6f7a90,0.00,0.00,0.00,60.00,10.50,75.50
4123a2fc-f55a-4d9a-8e1c-5264ddc1d614,0.00,0.00,0.00,60.00,13.50,94.50
41364aa0-3a50-4ce3-ade8-d96941810f10,60.00,10.71,77.79,0.00,2.77,16.59
415d661c-546c-481f-87e1-2eabd1989ec3,60.00,16.80,117.49,0.00,0.20,1.51
41812f91-6647-4e9e-b2f1-4f71bdd7f91b,60.00,8.45,59.20,0.00,2.22,15.47
41952bbd-4613-490c-b1c8-ff76f8325486,60.00,10.16,62.00,0.00,2.34,27.50
419d9165-b37c-4171-abd2-99ac1987dd1b,60.00,17.00,119.00,0.00,0.00,0.00
41a4dbaf-2fc1-46a8-bdd1-2d6035dd8e72,60.00,17.00,119.00,0.00,0.00,0.00
41b2cc13-04fd-496f-9778-9fb3cdf33bd7,60.00,11.59,83.22,0.00,2.41,16.78
41c438b4-8675-4ab7-bdc4-a64f810163b9,60.00,12.00,85.97,0.00,0.00,0.00
41df70ea-3ea2-4291-9df1-6071b5ec2d92,60.00,24.00,151.00,0.00,0.00,0.00
42165d55-c807-4496-bc67-50b4e0af46dd,0.00,0.00,0.00,60.00,13.50,96.50
421d886e-b212-42b0-9f52-dee7d42e619c,0.00,0.00,0.00,60.00,11.00,77.00
422cd490-c997-4d29-b493-eb8e6d1a6fcd,0.00,0.00,0.00,60.00,13.00,91.00
42339b73-5048-4a80-8f47-f16299c9a539,60.00,11.59,83.28,0.00,2.39,16.64
4241cfbe-076d-4911-b4e7-912799bf20d9,60.00,8.81,61.74,0.00,2.19,15.26
42432667-4526-492c-9e3d-28de48c6f862,0.00,0.00,0.00,60.00,13.00,93.00
424421e6-39ee-4b6b-93c5-97468d634606,60.00,10.17,40.58,0.00,0.33,32.92
42918db1-ae8c-487a-99fd-bf722fff0b81,60.00,12.41,88.94,0.00,1.59,11.06
4293d0ce-6904-4dac-a88f-c49ee6374495,0.00,0.00,0.00,60.00,24.00,168.00
429501f3-5406-49cc-9717-55a7168ca08d,60.00,8.17,55.08,0.00,2.33,18.42
4298071a-62fc-42fe-ad77-9fa8d35307e3,60.00,11.16,77.93,0.00,0.34,2.57
42a9992f-9026-4914-be4a-61916d84b096,60.00,8.64,62.60,0.00,1.86,12.90
42abc5df-aad7-485d-947e-b4553463eecb,0.00,0.00,0.00,60.00,12.50,89.50
42b80028-65d7-4875-a737-1aa15c90e11a,60.00,8.64,60.56,0.00,2.86,19.94
42cc2fa6-500d-4464-b2c1-81bb255c7a77,60.00,10.50,73.50,0.00,0.00,0.00
4306868a-8cfa-41a1-b975-21037cd94442,0.00,0.00,0.00,60.00,10.33,72.00
430ba4e6-331e-4b2e-be40-0a264d9c8247,0.00,0.00,0.00,60.00,18.00,126.00
4315436c-a97a-4dd4-87fe-121692326bf3,0.00,0.00,0.00,60.00,8.00,74.00
434061a0-cfb1-4e74-b521-49cad2d5cf2b,60.00,10.22,72.41,0.00,2.28,17.09
434429c4-97e6-43a5-804f-c7821beb6e83,60.00,12.62,87.42,0.00,1.38,12.58
4349dc4a-6aa0-4697-9b9e-a8e56b7112e7,60.00,14.21,96.24,0.00,2.77,22.64
437cd23b-c69c-48f8-8a90-fc6106d71dc4,60.00,10.52,77.17,0.00,2.48,17.83
437cf867-f51c-4b8f-9018-83dcfc7fcedd,60.00,8.69,60.91,0.00,1.98,13.76
43a0c880-42e2-4ba8-ace3-cea6639206d3,60.00,8.98,62.94,0.00,3.02,21.06
43ae85d3-2993-44c8-9dde-1ca4aec5edac,60.00,16.95,118.56,0.00,0.04,0.33
43b0ab6f-e5c4-410c-b7cd-bf401b70a9e6,60.00,16.80,88.12,0.00,0.20,29.88
43b6ed87-9b16-46d2-a1e2-756064a012a4,26.29,7.04,69.14,33.71,5.46,20.36
43e1aa2b-eaae-41e3-8e98-ae897b8454f1,52.86,8.57,60.74,7.14,2.43,16.26
43e218d0-5061-4e69-a160-36a802c49413,60.00,11.23,79.77,0.00,0.36,3.31
43e5d7f6-5458-473d-b30d-e34674f25dee,60.00,11.28,81.06,0.00,2.70,18.85
4428547a-8de5-486d-b9ac-6276345e19ba,60.00,13.58,95.16,0.00,1.92,13.34
442ec7cc-3be2-40d7-b29e-80ce804771f4,60.00,12.64,90.60,0.00,1.34,9.32
443680f2-7a19-4ca1-91d2-e80850b15cfe,60.00,14.05,98.17,0.00,2.93,20.72
4439819e-ee25-4bf3-b3b7-ec037eb0cf51,60.00,8.16,58.81,0.00,2.34,16.69
443d835a-b166-409f-a9c0-4c91eaffa6db,60.00,10.02,70.22,0.00,2.48,17.28
44705416-4ca2-4b1d-8c71-4ea20cbccce4,48.82,5.99,41.99,11.18,2.01,14.01
44721aff-1d39-4490-8e56-2a195c247a52,60.00,14.98,114.91,0.00,2.50,7.48
44916656-baf7-4a94-816e-a9dd53ec18c5,60.00,6.36,24.36,0.00,4.64,41.64
449aaeca-c676-4c18-9695-d656c3b7a239,60.00,11.54,79.83,0.00,2.46,20.17
44c607ca-ecb0-44a2-92bb-b386f29ec4de,60.00,11.27,78.60,0.00,0.57,4.23
44ce6b66-3c9a-4a26-906b-33acba20abc4,0.00,0.00,0.00,60.00,12.50,89.50
44d7b902-5621-4568-8887-2fdda625ad84,49.43,5.99,41.99,10.57,3.01,17.01
44df5163-e667-4f8d-bdd6-66a50c873ff1,0.00,0.00,0.00,60.00,24.00,168.00
44e08cb7-bc49-43f1-98b2-97dcbffa119f,0.00,0.00,0.00,60.00,19.00,133.00
44e894af-a642-4380-9375-9c7357fdd961,60.00,10.20,73.41,0.00,2.80,19.56
44f2ee7c-de36-48aa-88fd-32112e0c5aa7,43.20,9.57,68.71,16.80,2.93,18.79
44f3f195-7185-4dc5-be0e-836dc0aa7ecd,60.00,14.71,106.92,0.00,1.29,9.08
452012a8-697b-4bf6-8798-937228c1ed8b,60.00,9.62,65.61,0.00,0.38,4.89
453ca30b-5b8f-490e-86fc-949356838961,60.00,8.51,59.65,0.00,2.24,15.60
453ebf84-d452-4829-a2d6-f8da58b8338a,60.00,8.98,63.18,0.00,2.02,13.82
45434a95-c6fb-40d6-8184-20407a23d9cd,60.00,12.50,86.00,0.00,0.00,0.00
45546d9b-74d5-4418-9a08-0a8bb5f00be4,60.00,9.58,69.08,0.00,0.42,2.92
45670662-cc19-481a-9f28-5247f6a71629,0.00,0.00,0.00,60.00,14.00,100.00
456ae975-ed69-4a78-9ec1-52fb15ac5092,60.00,11.63,83.55,0.00,2.35,16.37
4584e4fe-de61-4402-a6b7-db50863fefdf,60.00,10.18,73.35,0.00,2.32,16.15
458f800d-2f42-4f7a-8988-5963829d94ef,60.00,17.00,118.00,0.00,0.00,0.00
4592d296-b37a-4f0e-8c2d-323260c53ec8,60.00,12.25,97.47,0.00,4.75,21.53
45b005a2-5f3b-4e56-addc-d2682442051c,60.00,9.09,63.70,0.00,1.91,13.30
45bde40d-a666-427d-a37f-34ead7b3b6c1,60.00,10.57,74.68,0.00,0.68,4.07
45c116aa-a1cc-4933-afe7-d32c2aa7477a,60.00,8.66,60.68,0.00,2.84,19.82
45e1810f-80e7-49a0-a8da-2dc9afc85c94,60.00,10.81,81.59,0.00,0.19,1.41
45e2e0ab-26f8-4622-a02f-0b71c87a319c,60.00,9.63,69.42,0.00,0.37,2.58
45fe17fb-f8e4-4824-866f-c8ff13a81642,60.00,11.69,83.94,0.00,2.30,15.98
4610c8f9-adb8-4100-910d-51a8f9615b32,60.00,11.77,82.11,0.00,0.56,4.23
4626cfab-91ef-4ec6-b83d-7879554bf1de,60.00,8.84,62.00,0.00,1.82,12.67
463ffd0f-7924-4a49-8498-69e8ef840bb8,60.00,8.69,60.88,0.00,2.31,16.12
464b2474-e256-459b-8870-978c0eb76ca3,60.00,11.60,81.26,0.00,1.90,13.24
4652a93c-ac66-4dda-990b-9a68e0becd53,60.00,12.86,89.95,0.00,0.47,3.38
465d2715-ad48-49e8-b734-916643473456,60.00,8.63,54.52,0.00,1.87,18.98
4675ab73-bc03-4f85-b717-d354205d65b1,0.00,0.00,0.00,60.00,14.00,100.00
4689758e-5f3a-46a7-abc6-da2f8f180865,60.00,7.51,69.42,0.00,0.24,0.83
4693b057-a823-4675-a9a7-ebacca3a44c0,60.00,11.49,73.98,0.00,2.51,26.01
46ac480c-3dea-4616-aceb-336ee1c3de55,60.00,11.28,81.07,0.00,2.70,18.85
46bd0cf0-9b6c-485a-b355-7b9ec1b5c123,0.00,0.00,0.00,60.00,15.00,115.00
46d6f2ad-5f65-4e8e-acc3-375764ac22b5,60.00,8.92,66.89,0.00,6.08,38.10
46df0fc6-d2bf-4b09-adc9-940f2f197abc,60.00,9.37,65.60,0.00,0.38,2.65
46e31db8-4d3b-4fe7-93a3-47c64ffaf919,60.00,17.03,119.11,0.00,0.46,3.27
46f2418a-0d60-4ba4-a4f7-32e80475ae0c,0.00,0.00,0.00,0.00,0.00,35.50
46f582ff-26e0-4938-9f36-4e8b474dd4e4,60.00,9.46,68.28,0.00,2.38,16.55
46fdd242-69d2-43e5-b3f7-470f665f27a6,60.00,10.88,76.20,0.00,2.62,18.30
4701b4b5-01d7-42b1-b9f9-568db46a8b64,60.00,12.41,88.63,0.00,0.59,4.37
472802d9-b023-4f94-b4ac-2a8c14d7d24c,60.00,8.85,62.01,0.00,2.15,14.99
472c7abd-1aaf-486b-aae8-0214aeb82df6,60.00,12.37,88.50,0.00,0.63,1.50
474b6ebc-d09f-4270-aad1-d8b4bfd0d98c,60.00,11.52,82.72,0.00,2.48,17.28
4752ad41-f745-4048-bd37-53014fd1f444,60.00,8.97,62.86,0.00,2.03,14.14
47573cdd-41b1-45de-99f3-ca9868f5c684,60.00,9.08,21.59,0.00,1.92,55.41
47596943-23bd-4dad-b1c8-696287a951f4,60.00,10.69,75.06,0.00,2.81,19.43
477603df-e75a-438e-b340-0feb00026d4f,60.00,11.57,83.08,0.00,2.43,16.92
478d5262-56de-4497-bc23-c497c6ab8f3a,60.00,8.68,61.98,0.00,0.24,4.69
4792d006-6ed9-4adb-aec2-4542422af7d4,60.00,8.89,62.30,0.00,2.11,14.70
47cd889d-fd15-4827-9f7e-4577be1260f7,60.00,11.73,81.31,0.00,2.25,15.66
47d552c6-7d55-4c56-9929-06b6311cfade,60.00,9.26,64.87,0.00,1.24,8.63
47e205e9-46a6-44a2-9a07-7ad22a44a7f0,60.00,8.00,63.98,0.00,1.75,6.27
47e27048-27d7-44e2-bedf-b8697af134d7,60.00,10.75,77.25,0.00,0.00,0.00
47e944a1-b22c-4179-85d9-5672ba94713b,60.00,8.23,57.65,0.00,2.27,15.85
47f0a1f9-9b08-46b4-a9c6-17819f73bfa2,0.00,0.00,0.00,60.00,12.98,90.88
47f379cc-33fd-4126-b38d-6fe2a71ea61e,60.00,11.67,83.78,0.00,2.32,16.14
48016f25-44fe-41d9-a623-01c45ee3c995,0.00,0.00,0.00,60.00,24.00,168.00
480b6c0c-9d49-4136-a7ff-ac7346ad9d94,60.00,9.82,68.82,0.00,2.68,18.68
48161bf5-cbee-4e83-b411-7c8970d69432,60.00,14.47,105.27,0.00,1.53,22.69
48223b72-7d56-4903-8261-08196263df5c,60.00,8.65,60.63,0.00,2.35,16.37
4839cffb-67d1-4d4a-ba32-361aca50b44a,0.00,0.00,0.00,0.00,0.02,0.12
4858a986-59af-4b9d-bcdd-cc00eceffeef,60.00,13.74,94.99,0.00,0.24,3.92
48735b3a-f163-4ebe-8cda-315074a48639,60.00,8.50,61.61,0.00,2.00,13.89
48763983-46b7-4ca9-ba40-59f6fdc74705,60.00,24.00,165.00,0.00,0.00,3.00
4885fba1-28cc-4cbf-8845-ef62c3b81f8f,60.00,16.30,113.98,0.00,0.19,1.40
48991fb5-9ba8-416e-a380-5a455d3ea4b0,60.00,16.90,118.18,0.00,0.60,4.32
48ae166f-8972-469f-a733-741e596ab7a8,0.00,0.00,0.00,60.00,12.50,87.50
48c56e1c-8440-4fb2-8199-50595bb16ca7,60.00,10.24,71.77,0.00,2.26,15.73
48de7942-5499-4cfe-be7d-249b91f1dda5,60.00,9.92,69.50,0.00,2.58,18.00
48efb667-b873-4b86-b6f2-74a272b13cc4,60.00,12.54,99.75,0.00,0.46,3.25
4935cd2b-649e-4069-9b9b-b0da68f30796,0.00,0.00,0.00,0.00,0.00,35.50
493c9878-1900-4235-a6d8-2e424c998f19,60.00,9.79,68.61,0.00,2.71,18.89
493e62f4-6f7a-405f-949c-47bab63805d9,0.00,0.00,0.00,60.00,11.00,83.00
4945d0f9-c310-4f0b-b99a-d5ae8fadd715,60.00,16.80,117.50,0.00,0.20,1.50
49608766-74ef-4b6b-971f-4ac233ed5f1c,60.00,11.21,78.52,0.00,2.29,15.98
498816d1-bec2-430f-839c-57e3128ac5d5,60.00,11.60,83.25,0.00,2.40,16.75
499694be-885e-4321-af6d-f22e33bb00fc,60.00,9.05,63.39,0.00,1.95,13.61
499cdab5-5cbc-4299-8ef6-a1eef2d7caef,60.00,10.59,73.20,0.00,2.41,19.80
49ba628e-5b77-4576-a945-91c078d093ca,60.00,11.07,71.51,0.00,0.43,6.99
49d998cd-3060-47dd-9d2d-5c0714a768ea,60.00,12.50,89.50,0.00,0.00,0.00
49fe4780-831d-4057-b56a-39ef544020f8,60.00,16.66,113.52,0.00,0.32,4.37
4a5970bb-ab3b-4103-8bdd-d8604751d1ff,0.00,0.00,0.00,0.00,0.00,35.50
4a6aa079-5f0c-4ba7-810b-6710b1cadbef,0.00,0.00,17.99,0.00,0.00,8.01
4a854ad5-ce80-4728-835c-84ff3b410b6e,60.00,16.00,115.50,0.00,0.00,0.00
4a8ee730-5ca5-457c-b143-55b3479736cc,60.00,10.10,73.20,0.00,0.40,2.80
4aafbc17-c7a0-49ac-ba84-39386275aa05,0.00,0.00,0.00,60.00,10.50,73.50
4adfbf3b-c98c-4f1e-bbe7-9538abec98c2,0.00,0.00,0.00,60.00,7.92,56.97
4ae69114-67f2-4975-b85f-4f7d81aa9601,60.00,14.13,98.71,0.00,2.85,20.17
4ae89bd9-12b7-4bcf-97c7-1d73837140a9,60.00,9.97,71.86,0.00,2.53,17.64
4b45d8e4-a7c4-4002-b550-7b9e426c00ea,60.00,12.50,81.64,0.00,0.50,11.36
4b8dce20-c1cb-44ea-b008-84663f170018,60.00,14.16,98.76,0.00,2.84,19.24
4b94c754-5025-4d15-93ea-159a0104ee5d,0.00,0.00,0.00,60.00,13.50,94.50
4bb6335a-9968-4797-a858-50dcd2f02e8e,60.00,12.05,86.34,0.00,0.95,3.66
4bd0fc1f-6d5e-4f5f-baa5-6fedc00c3def,0.00,0.00,0.00,60.00,24.00,168.00
4be78071-a877-4933-a748-580eb29a11bc,60.00,8.73,61.20,0.00,2.27,15.80
4bec7469-65bc-48b6-9e3a-cf2ae2f1f1f3,60.00,10.56,73.03,0.00,2.44,19.97
4bf22749-3f8c-421f-9ecd-20c5402848b0,0.00,0.00,0.00,60.00,12.50,89.50
4bf824fb-74b8-4ef0-9a66-747f3bce14c2,60.00,8.62,60.43,0.00,2.04,14.24
4bf8de12-1ea4-4a03-b2f6-20a38424fee0,60.00,8.23,57.70,0.00,2.77,19.30
4c221b72-6e88-4a82-b6cb-43635119f49e,60.00,8.64,51.90,0.00,2.36,25.10
4c30b594-f387-4e8f-852b-4f2f4760ed66,60.00,8.22,59.15,0.00,2.28,16.35
4c464ee7-b44f-4296-8398-795ccbd0dd80,60.00,10.01,70.16,0.00,2.49,17.34
4c4c23ef-4719-46aa-b314-39a57f8c2782,60.00,8.97,62.84,0.00,2.37,16.49
4c4ef46d-7f77-4bc8-bbe5-570bfcd46706,60.00,9.93,69.61,0.00,2.57,17.89
4cbb1172-2e3c-4e3b-af41-1fcd95faf6df,60.00,10.50,73.50,0.00,0.75,5.25
4cbe33a0-dbbb-4919-923a-18f963480e8b,60.00,8.31,55.25,0.00,2.35,19.42
4cd37898-e8f8-42fb-a03b-7061d419a4b1,0.00,0.00,0.00,60.00,11.00,77.00
4ceb1e4b-a108-4159-8ea8-64fbc5d09a41,60.00,8.16,57.16,0.00,2.34,16.34
4cf89375-3193-400a-a95e-8cc53f7d6502,0.00,0.00,0.00,60.00,17.98,125.88
4d0e3c92-85a6-4e50-9756-be0fdcd96bde,60.00,9.74,69.17,0.00,0.26,2.83
4d30c79c-9e9e-47f5-805d-9c020eed9808,0.00,0.00,0.00,60.00,12.50,87.50
4d65ca28-3239-4a51-9b75-b2d346b54e2d,60.00,9.75,36.25,0.00,0.25,35.75
4d675132-a1c6-445d-8737-3de89ee54e23,0.00,0.00,0.00,60.00,13.50,96.50
4dbda443-84a8-444e-a372-d527f9402b30,0.00,0.00,0.00,60.00,24.00,168.00
4dbdb0a8-22ac-43ec-92f9-9782bae14648,0.00,0.00,0.00,60.00,12.00,84.00
4dc75cd8-3634-4498-8df4-c2e9338edd8b,0.00,0.00,0.00,60.00,11.50,82.50
4dca9a9f-f326-4f54-b504-e321481e9d41,60.00,7.52,65.75,0.00,0.47,3.23
4dcb61cc-91ac-4457-9e2d-2ffcec7ba3bd,60.00,10.25,71.86,0.00,2.25,15.64
4dd10208-b7a6-45e0-9cc6-7c503a67a833,0.00,0.00,0.00,60.00,8.92,60.50
4dd20c80-b724-4773-982f-db188ce93986,0.00,0.00,0.00,60.00,10.00,72.00
4e2a5215-890a-484c-95d5-39dc57438591,60.00,13.76,96.38,0.00,1.74,12.12
4e348bde-4230-4a02-ac54-1564a07a7283,0.00,0.00,0.00,60.00,11.25,80.25
4e43073d-feb3-4156-aa52-b654a0cc2712,60.00,10.12,72.92,0.00,2.38,16.58
4e9fdd12-9de6-4151-afb1-7b4b527ac2a4,60.00,11.42,82.04,0.00,2.58,17.96
4ec45e3c-e8c5-481e-8cdd-8e0f4243fbd1,0.00,0.00,0.00,60.00,10.50,73.50
4ec84d9f-c933-42ab-a728-86cbbf4839b6,60.00,11.59,83.25,0.00,2.40,16.75
4ee40a3d-4ed8-488f-acc7-44b090615105,60.00,15.00,80.90,0.00,1.00,47.06
4efbdc24-f885-4da2-a9f1-3da31fbdd25c,60.00,10.13,72.99,0.00,2.37,16.51
4f0178f4-019a-477b-9cd4-eedba50fce36,0.00,0.00,0.00,60.00,8.00,74.00
4f15ca09-00d1-4a78-ba2d-a0519d322344,60.00,14.12,116.11,0.00,2.86,16.70
4f24f4ac-0fdb-4a95-a0c5-073ca9d1a0a6,60.00,16.90,118.23,0.00,0.08,0.65
4f2b8d0a-79bb-4925-a83c-37b34d753b01,60.00,8.31,58.25,0.00,2.35,16.41
4f3c40e0-74fc-4b9c-82bb-fb58707a2a83,0.00,0.00,0.00,60.00,13.00,90.00
4f3fc520-400d-43e0-9ae1-4afc0b71c155,60.00,8.93,64.58,0.00,2.57,17.92
4f46750c-3b95-4f1a-83df-4076dff8ad83,60.00,17.00,119.00,0.00,0.00,0.00
4f472600-5794-4d7d-8668-9d48fe350186,0.00,0.00,19.99,0.00,0.00,5.01
4fa24ac7-06d3-43d5-bf10-8a51db871f5b,0.00,0.00,0.00,60.00,13.00,103.00
4fa5cfbf-8ab1-4607-b4cc-949980403e05,0.00,0.00,35.05,0.00,0.00,0.45
4feb319d-8fb3-4c6c-a12d-c6eb6f8062c2,0.00,0.00,0.00,60.00,12.00,94.50
502238a8-b31b-4d1b-be2d-1800f2214d92,60.00,10.38,72.75,0.00,2.12,14.75
50378e1c-1117-4ca6-888b-eb4155d9cd2b,2.38,11.00,77.89,52.94,1.00,6.11
505fce9f-eaa9-4d7d-b8f0-1ac14e7177b6,60.00,9.69,67.20,0.00,2.81,20.30
5061c857-4be9-4a39-af68-d32047d0e7da,0.00,0.00,0.00,60.00,24.00,168.00
506ecefa-d562-4ca3-9038-95363443ce7f,60.00,16.91,118.30,0.00,0.09,0.70
50925026-bfea-43d9-9f0f-8010de567cac,60.00,10.18,71.35,0.00,2.32,16.15
5092a34d-282c-48e6-9391-9ec0a13fd4c4,60.00,8.98,65.32,0.00,1.52,10.18
50c4de08-33c4-4a73-92d1-c8f31c1bd0e8,60.00,9.50,68.50,0.00,0.25,1.75
50df9ae8-7e41-46e5-87f8-302335746eb9,60.00,10.76,75.06,0.00,0.24,1.94
50e2ab2c-6c0f-42b9-923c-457987719de1,0.00,0.00,0.00,60.00,12.98,90.88
50f680bd-2577-410e-b71d-da0950fe3bd9,60.00,8.68,60.86,0.00,2.32,16.14
50f6a54a-c549-4803-a297-6eb55754387d,60.00,8.98,62.94,0.00,2.85,19.89
510628ba-a977-4acd-b2eb-7a9a1f5f799f,60.00,13.21,92.28,0.00,0.29,2.22
510dc8f2-2682-44b0-ba5b-07dc797f1be1,60.00,10.01,72.15,0.00,2.49,17.35
5110dd88-077b-4af6-8690-8ad8fdba1641,0.00,0.00,0.00,60.00,10.75,80.00
5129ccfe-3440-4e98-a5c8-28afd6737a76,60.00,12.41,85.87,0.00,0.59,7.12
512afd4d-3a8c-43ee-ac05-f70f786778aa,0.00,0.00,0.00,60.00,11.48,80.38
5150c4f1-dd49-47d5-84a7-0f65f5dfda07,60.00,11.41,79.92,0.00,2.08,14.47
51ca38fa-5d45-47e2-a496-f88831984197,0.00,0.00,0.00,60.00,12.00,84.00
51e63a48-f9c7-4ac0-98b0-15fa7a95b849,60.00,9.85,69.02,0.00,2.65,18.48
51fe1ef5-48e8-46bc-abc1-f5b7608a3c3b,60.00,11.98,80.87,0.00,1.52,13.63
52216e3c-bdb3-429b-b833-635814946581,60.00,12.50,87.50,0.00,0.00,0.00
524e7ebc-604f-4e3f-a47b-62c855d45296,60.00,16.91,118.25,0.00,0.09,0.75
525314c1-5383-4d93-aa12-7dbe50448a34,60.00,13.33,93.37,0.00,2.17,15.13
5270d179-d6cf-4ae8-a13c-874b7c9c5499,60.00,13.33,95.41,0.00,0.17,1.08
52933f5a-25e1-4e3b-9220-7decdc325a41,0.00,0.00,0.00,60.00,12.50,87.50
52934307-82e6-45f5-ac27-49aa092a8bbb,60.00,13.42,95.65,0.00,0.58,4.35
52b737ee-8b7f-49c1-87bb-ec2b94860ebe,60.00,10.15,73.16,0.00,2.35,16.34
52b947b5-6215-41b5-90e6-774ef6ffbe42,60.00,16.96,107.05,0.00,0.02,11.83
52bf0ff4-4205-417f-a114-89a53210006f,60.00,8.98,65.15,0.00,2.85,19.68
52cadb16-bea0-40b9-b0e9-200b9d99258e,0.00,0.00,0.00,60.00,13.00,91.00
52db5ae4-59f6-4a58-bd65-c0b3d31318c4,60.00,11.35,79.12,0.00,0.49,3.72
52e61c98-2a75-4a56-af04-465341eea4ba,60.00,14.51,93.97,0.00,1.49,22.00
531f39bc-4785-4a32-8b29-edd121e8b314,0.00,0.00,0.00,60.00,14.00,100.00
53217044-6958-41f4-ac83-664ec6561826,0.00,0.00,0.00,0.00,9.75,72.25
532e4e35-21c2-4dc7-ae7c-5f05449624b7,60.00,10.09,70.73,0.00,2.74,19.11
532f7bfd-90c2-40db-b67d-4b952ee0d097,60.00,11.61,83.33,0.00,2.39,16.67
53434e6e-8131-426f-8b0e-b99275b3e1b4,60.00,12.76,91.39,0.00,1.74,12.11
535059b5-566b-446b-b87e-1fc6661ff48b,60.00,8.84,61.95,0.00,2.66,18.55
53583def-3de2-4f4f-8da1-149bcef220f2,60.00,7.07,52.04,0.00,0.85,4.93
53770deb-f280-4cdd-92d7-a6050b40a7b3,60.00,14.06,98.26,0.00,2.92,20.62
53991f7f-59c0-464a-8824-2cab9ca33d8f,60.00,16.80,117.51,0.00,0.20,1.49
539c7878-a017-4a91-beb1-07cc4015c6e2,60.00,13.21,92.33,0.00,0.29,2.17
53ba8fc3-8910-402e-aec8-13f3e8f2fb63,60.00,11.51,82.62,0.00,2.49,17.38
53bd3b0e-c57c-4c68-b66f-099aab72e562,60.00,17.00,119.00,0.00,0.00,0.00
53dcf1b3-9681-4ee7-811e-cd8de2138cdf,60.00,10.45,73.22,0.00,2.39,16.62
53e2c25c-c665-4966-bacb-f4c9c9a28784,60.00,8.98,62.94,0.00,2.52,17.56
53e6bd48-5a31-45c1-8b65-a7596d8a76a9,60.00,14.51,105.51,0.00,1.49,10.49
53fa921b-4445-40a0-86e7-7765746ed738,0.00,0.00,0.00,60.00,14.50,101.50
53fdd3cf-30ec-4e14-b0b9-93c46e7d58ca,60.00,12.50,87.50,0.00,0.00,0.00
540cea1a-6bff-423b-8de6-00db6f322362,0.00,0.00,0.00,60.00,10.00,72.00
545beba5-93d1-4cdf-81b0-d83bd5a41a32,60.00,11.27,78.96,0.00,2.23,15.54
547b3c80-5272-47b5-9ea6-b6313a876b9c,60.00,17.00,119.00,0.00,0.00,0.00
54886487-aa02-4a58-8135-0f941b816d56,60.00,16.91,118.31,0.00,0.09,0.69
54a4d6db-6e8c-4f8b-b37d-bcdc7cfbf850,60.00,11.44,82.14,0.00,1.56,10.86
54a81fe3-3c26-4c6f-8c30-5e90ab88bb1e,60.00,12.50,87.50,0.00,0.00,0.00
54f92288-a3a6-488a-9a07-b4f30fa85c8a,60.00,8.43,59.08,0.00,2.24,15.59
550afe9d-9025-489b-8f46-2a37bcae0aa8,0.00,0.00,0.00,60.00,8.25,69.75
550fef21-6773-4ddc-9582-9fabcdcbffe6,0.00,0.00,0.00,60.00,8.00,69.00
5557b47e-c56b-4392-b68d-405f6336d93a,0.00,0.00,0.00,60.00,13.50,94.50
55653fa5-825c-4071-9add-0e71d8891e89,60.00,10.47,73.26,0.00,0.78,5.49
55789e4c-12c1-485d-8aab-13646176d834,0.00,0.00,0.00,0.00,0.00,35.50
55894bda-92d1-4d89-85b8-1d6c725e13e3,60.00,14.14,98.79,0.00,2.84,20.10
55c016d5-6321-41b5-a84c-cb9238b3dfa7,60.00,12.76,90.15,0.00,0.22,0.73
55c035b0-62e8-4fd9-99e2-93ff92d97375,60.00,9.84,70.92,0.00,2.66,18.58
55c47108-5ec0-43c1-bda8-892b76d27cbc,60.00,11.41,81.96,0.00,2.59,18.04
55ca721b-2f61-40f1-8222-386988f1f9bf,60.00,12.48,89.08,0.00,0.52,3.92
55f1de3e-a115-450f-8e04-5b122c91cf7a,60.00,10.01,72.16,0.00,2.49,17.34
55f5d620-2dea-4423-9174-833e16337518,0.00,0.00,0.00,60.00,12.00,94.50
55f8b153-57fa-46d0-bd91-357148ac2940,60.00,8.72,61.09,0.00,1.95,13.58
5606c205-9251-4fce-ad42-7ace8e035eef,60.00,11.27,78.60,0.00,0.57,4.23
5613e853-a606-4838-a919-4a8879a1759e,60.00,18.01,132.99,0.00,2.30,9.23
562ebfee-135d-495d-b630-957c97bae730,60.00,11.67,83.84,0.00,2.31,16.07
5648c055-1478-41b7-b6f4-8e30166f3d35,60.00,9.96,71.82,0.00,2.54,17.68
56499b12-fc2e-4ec7-8ac7-f8da97b299b7,60.00,10.56,76.81,0.00,2.92,17.57
5653b426-adf7-4f4f-873a-0366ed56148a,60.00,11.64,83.59,0.00,2.35,16.33
56590ab8-ca6f-471d-9461-a83f4ccfbf3b,0.00,0.00,0.00,60.00,12.50,87.50
565a74a8-fda2-4c50-8aa2-ca78555bd95e,0.00,0.00,0.00,60.00,14.00,100.00
566f4a08-a154-4a1c-bc2e-57085df31edb,60.00,13.27,92.71,0.00,0.23,1.78
5675e7d1-aa84-4aa9-a143-3593006ac816,60.00,7.27,56.95,0.00,1.73,12.05
56760bdb-d873-46e4-a4d8-a8f0c050967f,0.00,0.00,0.00,60.00,24.00,168.00
56775fc8-c40f-476a-a0db-a5c0cc368e40,60.00,11.53,80.76,0.00,1.96,13.63
5694db86-cd65-4249-87fe-3803c6149653,60.00,14.07,98.28,0.00,2.92,20.61
56a24f9f-ae26-497e-b702-aa2ba94aa3cc,25.93,12.00,50.99,34.07,3.00,58.01
56a8e369-2ec5-4fff-8351-cd083f3926aa,0.00,0.00,0.00,60.00,10.50,75.50
56ad3df4-1999-49f4-9dc4-e72b17672aff,60.00,16.68,116.68,0.00,0.30,2.70
56ad48ba-13bd-4224-85eb-5e2c3c1b154c,45.90,12.00,71.14,14.10,5.00,49.86
56b66b62-1350-4f60-a63f-c0f2ca841750,0.00,0.00,0.00,60.00,10.25,71.75
56be2beb-5b36-4f56-8439-1e0da359cbe3,60.00,16.81,121.56,0.00,0.19,1.44
56c2db5f-bb17-4ca9-96d3-da67cf81c27a,0.00,0.00,0.00,60.00,11.50,84.50
56e05f85-eaab-4ad6-b288-22d51cf2f37f,0.00,0.00,0.00,60.00,14.00,100.00
56fd31d0-8ac9-4f2c-be03-239a24e057ef,0.00,0.00,0.00,60.00,12.50,87.50
57082a46-2294-4016-91e5-df206733ae25,60.00,8.71,61.00,0.00,2.29,16.00
571cd7bf-093c-4f8b-8b9c-d641294dfdbe,60.00,11.25,78.75,0.00,0.00,0.00
572a7b85-8859-475d-9ced-7d0ebe00ac14,60.00,8.30,58.15,0.00,2.37,16.52
572b44f5-251f-443e-a0ad-8e992ca1962e,0.00,0.00,0.00,0.00,0.00,1.00
5737d2ef-1296-43ec-af72-3a1b0ad6c28a,0.00,0.00,0.00,60.00,10.42,75.42
575e7bae-05bf-44eb-a1c4-229577c58145,60.00,16.91,115.32,0.00,0.09,2.68
57681cb2-cbe2-4aa7-82ff-800a8a4c8ec1,60.00,14.17,101.33,0.00,2.83,20.67
5769f1b3-c780-4e73-b83e-6baf34910afd,60.00,8.86,62.11,0.00,2.14,14.89
5772e2bd-71ea-42df-ab58-9c7697069c73,60.00,9.75,68.32,0.00,2.75,19.18
578ee20a-a385-4ca5-96d3-4c697d0362d4,0.00,0.00,0.00,0.00,0.00,35.50
5796724b-8f02-4e82-88fc-c3297b91f30f,60.00,9.05,63.45,0.00,2.45,17.05
57ad3e97-6631-4547-9ad4-aa7da1c6cfc3,0.00,0.00,0.00,60.00,9.50,66.50
57cbcbe1-dc80-4584-87bc-d103f0741b06,60.00,13.23,90.56,0.00,0.25,5.86
57cc7137-8459-4030-a305-5220e518bc3d,60.00,12.00,84.00,0.00,0.00,0.00
57cc8106-30d6-439a-bb9f-edbfcfd65de9,0.00,0.00,0.00,60.00,11.50,82.50
57df6c9a-33ac-4901-a111-2cce505392be,60.00,12.43,88.72,0.00,0.57,4.28
57e81c49-4a44-47c8-92e1-557ef5515004,60.00,10.96,75.51,0.00,0.29,5.24
57f27f91-d134-4622-8725-67fa5c31ba23,60.00,16.81,117.59,0.00,0.19,1.41
580f1040-9503-4252-977e-ae028af0c167,0.00,0.00,0.00,60.00,13.00,95.00
58191db6-70a7-4e9b-951a-a8b1dcef7365,60.00,16.89,115.14,0.00,0.09,2.74
582686e5-7f0b-4f28-ab8e-1febf1ec45b9,60.00,8.23,59.17,0.00,2.36,16.91
584223d5-d7b7-4c48-b1d2-4113751bfddc,60.00,8.89,62.31,0.00,1.77,12.36
5864fdce-48dc-48d6-9ed2-1abe8dd93656,60.00,11.20,80.05,0.00,2.78,19.86
5871bb77-b06c-4e16-981f-5356934b520e,60.00,8.65,60.63,0.00,2.35,16.37
587545b7-eeee-4e34-ac03-c575659ca357,60.00,12.50,89.50,0.00,0.00,0.00
587ee54c-55d4-4e1e-8318-5b497ade5e72,60.00,12.70,90.60,0.00,0.30,2.37
5889177d-455d-4d82-9a19-cc6668dd0744,0.00,0.00,0.00,60.00,14.00,100.00
588a5fda-448d-4fe5-9ed0-46a62047c122,0.00,0.00,0.00,60.00,13.00,93.00
58992d49-513c-4c08-bad5-132ec719afe0,60.00,7.10,63.33,0.00,0.88,5.66
58aab40a-71ab-4d28-bc9e-f4e7030a9b7c,60.00,9.82,70.80,0.00,2.68,18.70
58cc7f21-f305-418f-a0be-c0902c8efcd2,0.00,0.00,0.00,60.00,11.00,77.00
592d175d-3aa4-4492-9a2a-853461062cc5,0.00,5.06,47.92,0.00,2.77,17.33
593ea6c5-600b-441f-b526-c3259c67415b,60.00,16.80,121.51,0.00,0.18,1.34
5962055f-1707-42cc-aa28-6ef8e06fef7f,60.00,11.79,82.20,0.00,0.38,2.97
5966497d-faf8-435e-b279-0afa0bffe4e3,60.00,24.00,168.00,0.00,0.00,0.00
59706a13-6a0f-488c-909a-0ab533b81c38,0.00,0.00,0.00,60.00,12.00,84.00
598ca771-4b36-4564-8220-359792ea85ec,60.00,12.35,90.09,0.00,0.40,3.15
59ae2b5e-31e1-4869-800b-7a72d33fa8ac,60.00,8.71,52.37,0.00,1.79,21.13
59c1e9a4-86d4-497e-a86d-203f837e7379,60.00,14.01,97.93,0.00,2.97,20.96
59c2464b-dcbe-4249-97ff-bd14f2eb6a68,60.00,8.45,59.26,0.00,2.05,14.24
59c93b25-59c9-44cd-a72b-79b5d20632a5,0.00,0.00,0.00,60.00,24.00,168.00
59d3874b-e13e-4615-ad85-76fed06450e7,60.00,9.18,64.69,0.00,2.32,15.65
5a510337-2658-491e-92f7-e9b2eb22c484,60.00,11.61,83.34,0.00,2.39,16.66
5a5aea09-68ca-4c1a-bd99-84b3b990ed8d,0.00,0.00,0.00,60.00,10.00,72.00
5a67dd42-77cd-40e0-833e-a4c749d2781c,60.00,23.98,167.88,0.00,0.00,-0.00
5a685950-44dc-4713-9d07-61c05cabfdf4,60.00,11.25,78.75,0.00,0.00,0.00
5a754edf-df2a-4701-88d6-34def56b02aa,60.00,16.81,117.55,0.00,0.19,1.45
5a930bdf-1f65-4e9d-81e7-ca53d6e44227,60.00,16.64,116.36,0.00,0.35,2.53
5a9627cd-449f-4c50-ac51-d7bec63e55e1,60.00,17.00,118.00,0.00,0.00,0.00
5ab0f76a-5e8e-4363-a6d2-2fa202c0f218,0.00,0.00,0.00,60.00,13.00,93.00
5ab1021d-ff82-4822-a029-4599e5c707e7,0.00,0.00,0.00,60.00,24.00,168.00
5ad6ae7c-9c37-45f3-bb50-f6c431de8872,60.00,16.83,117.72,0.00,0.17,1.78
5aeff866-38fd-4a89-9934-49922285eed8,60.00,11.71,81.94,0.00,0.29,2.06
5afc1281-c3a7-4332-a2e1-5ad4000f6af2,60.00,11.42,82.04,0.00,2.58,17.96
5b323edb-d0a5-4c45-b177-1a38b49df06c,60.00,13.20,92.46,0.00,0.28,1.92
5b391cd2-c2a3-4399-851b-c004d855e70f,0.00,0.00,0.00,60.00,12.00,88.00
5b3a09b0-8250-483a-b59c-7195786a1a30,60.00,14.21,99.25,0.00,2.77,19.63
5b44418f-40b2-4d13-b484-02ce648e5c68,60.00,14.08,98.35,0.00,2.91,20.53
5b4fe1c1-c273-4cdf-90f4-a88212b5ec85,0.00,0.00,0.00,60.00,24.00,168.00
5b524929-1ba3-4b4b-a71a-e684b1b992a8,60.00,9.68,67.84,0.00,2.82,19.66
5b6b6ac0-d133-45c8-9bdb-24eaff3ba946,5.96,11.18,78.27,49.35,0.82,5.73
5b721176-7053-40f0-91be-d8786801fe5b,60.00,11.98,86.24,0.00,1.02,6.73
5b72c5be-b929-4c0c-86db-64fe87955e79,60.00,11.42,90.90,0.00,0.58,3.60
5b80881a-d126-4923-976e-a1ba64ac99ae,60.00,12.43,89.08,0.00,1.57,10.92
5b84c70f-d9f7-4790-9492-62a1e0bceeea,0.00,0.00,0.00,60.00,11.83,82.83
5b94dd83-977e-4584-8d12-9094c79bec3d,0.00,0.00,0.00,60.00,10.00,72.00
5b9d9f2c-d43a-48c9-9339-25eff04c82e6,0.00,0.00,0.00,60.00,13.50,94.50
5ba0d219-0fa9-4ab4-b724-a2fdc9d8b5cf,60.00,9.62,69.44,0.00,0.88,6.06
5bbcb8d5-b46b-40d9-b7cf-8cbaed70e76e,60.00,8.37,58.68,0.00,2.63,18.32
5bc5adcf-865a-48c5-80ef-6290262241ea,60.00,9.85,69.03,0.00,2.65,18.47
5bcd1869-d419-478f-8b62-29f4e8756690,0.00,0.00,0.00,60.00,8.00,68.00
5bcdc824-8b5d-4f45-8021-9f8cce2e27d7,60.00,8.81,61.77,0.00,2.69,18.73
5bffe5fa-3bdc-4c4a-bf02-1757fc65dc0c,60.00,8.98,62.94,0.00,2.02,14.06
5c11567d-512e-43b5-bfb2-f5692c759562,60.00,10.09,70.70,0.00,2.74,19.13
5c13f3ed-26bc-462d-a916-afe679d7d893,0.00,0.00,0.00,60.00,8.92,44.00
5c75c2b9-a165-4d3c-a58d-b06c6aad5664,0.00,0.00,0.00,60.00,24.00,168.00
5c953c71-62f7-4f29-acc7-8d2627d29366,60.00,13.62,95.01,0.00,0.38,2.99
5c9fda51-136b-4e7b-9cd5-0c940725440f,60.00,8.83,59.92,0.00,0.09,0.58
5cb80902-b9a9-4a3d-8c8b-52d8a3379bb4,60.00,9.65,67.60,0.00,2.85,19.90
5ccce930-a15b-4f14-a79a-a907f669ee18,60.00,10.58,75.11,0.00,2.42,19.89
5cd7ec2f-12a5-408d-a242-2767bd2d3c3b,0.00,0.00,0.00,60.00,10.00,72.00
5d1de3a3-b090-4ff6-b40a-4079321ecc29,60.00,8.16,58.84,0.00,2.34,16.66
5d31e336-6014-447c-bd1e-bcc05563ef46,0.00,0.00,0.00,60.00,12.00,84.00
5d38ed48-35b5-4d8f-b4dc-b33035dca206,60.00,11.57,80.05,0.00,2.43,19.95
5d53ddde-fffe-410e-95a1-04a0193b1f48,60.00,11.42,81.14,0.00,2.07,15.27
5d69c49a-d779-4aa9-b32a-85b1cd070fde,0.00,0.00,0.00,60.00,12.98,90.88
5d7a246f-2e58-4496-8ecf-1b5f540927ea,60.00,10.69,77.56,0.00,2.81,16.94
5d9b6eab-fa87-4c6d-a814-94393369f126,0.00,0.00,0.00,60.00,10.33,72.33
5dc2631d-7d4d-4d64-852d-128bca82bf4e,60.00,11.28,79.04,0.00,2.20,15.34
5dc35819-148f-403d-b856-f753dd38ea80,60.00,7.23,54.51,0.00,2.77,17.49
5dced4d7-7816-4092-8efb-88d1fa55a8c2,60.00,11.50,78.50,0.00,0.00,0.00
5dcee5c6-898c-429b-9fcf-c7b55a1fd5ee,60.00,10.18,71.37,0.00,2.32,16.13
5de1aabd-0a6a-4e7d-88ec-3e7528933a19,60.00,12.48,86.19,0.00,0.52,5.78
5de1dfd5-1f1e-460a-91f6-71c72ce4d3ba,0.00,0.00,0.00,60.00,12.98,93.98
5dfeb938-281f-4f15-beaf-00fdc0840b26,60.00,9.76,68.01,0.00,0.99,7.24
5e1d0bac-45e5-490f-a289-76bd9872e7e1,60.00,11.27,78.97,0.00,2.23,15.53
5e26df28-48cf-4c85-b9d9-a9a3afe96415,60.00,16.87,115.02,0.00,0.11,3.86
5e2884cf-dcff-4320-85b1-881105855a70,60.00,11.27,78.99,0.00,2.23,15.51
5e64ca27-6179-4700-b10b-765c6bd2eb7c,0.00,0.00,0.00,60.00,13.00,91.00
5e8b8426-3423-4294-a6b3-5aec558800a3,60.00,7.40,51.90,0.00,2.10,14.60
5e928290-8d31-4d2d-8e3f-81984111e78a,0.00,0.00,0.00,60.00,10.33,72.00
5e93e976-0623-4a3d-9cce-72f48cc9c928,60.00,11.63,83.54,0.00,2.35,16.38
5e967c08-2103-4181-8466-e9977e2dfc2c,60.00,10.05,70.41,0.00,2.45,17.09
5ea3d86c-2a41-49ca-b61f-72b345a34090,0.00,0.00,0.00,60.00,8.25,69.75
5eaff432-fd9c-4362-8431-8cc02950d6a3,60.00,14.04,98.09,0.00,2.95,20.79
5eb365c4-a2f4-4f92-8be4-4c81cc550570,60.00,9.65,57.96,0.00,2.85,29.54
5efb1ef1-f1bb-4f45-9661-5f2b1a08dd81,0.00,0.00,0.00,60.00,10.00,72.00
5f1bcd29-8b9a-455e-a539-d4f227ad64d6,0.00,0.00,0.00,60.00,9.75,78.25
5f3ac8fc-c014-4939-91b2-08d4110cb7ed,0.00,0.00,0.00,60.00,12.50,87.50
5f5556a0-9f4d-490a-85a9-9f9d7c1c20f6,60.00,18.57,129.98,0.00,0.43,3.02
5f58859f-95f8-43ae-96cb-cf4a88d0c7df,60.00,14.15,100.82,0.00,1.85,15.15
5f6a9be2-a3e2-49c8-a46c-48f778417ee9,60.00,10.45,73.21,0.00,2.39,16.62
5f6c3ee2-5e45-4d9a-9948-f5ac22fc4b7d,60.00,8.85,61.99,0.00,2.15,15.01
5f78fc63-3eb1-48c6-b4f7-02f3159322c9,60.00,16.81,117.60,0.00,0.19,1.40
5f7f2a81-e30a-43b8-b01b-3c875a6b7553,60.00,8.84,58.95,0.00,1.83,15.72
5f856c72-9094-446a-978f-9877aa2fd878,60.00,14.09,98.41,0.00,2.90,20.47
5f8b738c-5895-4b6c-bd47-f20cb9fac521,60.00,14.27,100.77,0.00,0.23,0.73
5f96a457-3b02-4de1-9999-64f16862ff1e,60.00,9.91,69.48,0.00,2.59,18.02
5f9d8db8-9b0c-43ba-b307-291ef88d25a1,0.00,0.00,0.00,60.00,16.00,116.00
5faf9371-a7ae-417f-8af0-a69568f5e452,60.00,16.73,117.01,0.00,0.75,5.38
5fc6cc30-21f9-4d37-8e6a-03b30f1c5b20,60.00,11.67,81.81,0.00,1.83,12.69
5ff4f817-e978-49a1-acac-20f4b1a886e0,60.00,9.35,62.52,0.00,2.48,20.31
5ff871e7-df4c-437a-b743-d6f6ba1722ee,60.00,16.73,117.00,0.00,0.26,1.88
6037b035-3249-41c0-9236-218223fb87f4,0.00,0.00,0.00,60.00,10.33,72.00
603a1d53-fe65-405a-8271-fc8f3f669a39,60.00,14.72,107.01,0.00,1.28,8.99
603bbf6d-15d5-4cdf-8e3f-b770aef6da2b,60.00,14.03,97.90,0.00,2.97,20.10
60468f8d-7f01-4cfc-9fba-595f4e795038,0.00,0.00,0.00,60.00,12.50,87.50
604a4b2a-2202-4289-a0b6-fd863a6cbfd2,60.00,14.33,96.41,0.00,0.17,1.09
60625056-3e60-4373-b4ee-5e49968ead33,60.00,10.50,73.50,0.00,0.00,0.00
607347ef-9fd2-408f-8876-cf65df4053c0,60.00,8.51,51.10,0.00,2.16,23.57
6077f02e-2ee7-4e41-9fbd-79842be8c35f,60.00,16.90,118.23,0.00,0.10,0.77
60878a6f-5a31-4da5-aa21-9072676f4b88,60.00,13.24,85.71,0.00,0.75,13.20
608a3a2d-3d0c-4631-942d-25a7b1c0ae3b,0.00,0.00,0.00,60.00,24.00,168.00
608bba4e-a0c8-47c3-bb89-0f96e49b73a0,60.00,11.59,83.22,0.00,2.41,16.78
608f1c66-3c84-42ef-9aef-327ae8b16795,60.00,8.15,48.96,0.00,2.35,24.54
60e3e5ab-c51e-4533-b333-cff5aa757bcf,0.00,8.21,44.84,0.00,0.12,5.83
60ea0332-da24-4af0-b5ee-fe60e078e0ba,60.00,8.67,60.78,0.00,2.33,16.22
610bb210-9299-468a-a1f4-f7cbcac22cff,60.00,17.00,119.00,0.00,0.00,0.00
610e6da3-8f35-4c0a-b40f-b428efc621ae,0.00,0.00,0.00,60.00,8.25,69.75
610edb56-2baa-4f9b-84ae-37ec2ca87ff3,0.00,0.00,0.00,60.00,7.00,69.00
6111b692-f3df-44cc-a183-13efd5b51197,60.00,11.35,79.52,0.00,2.13,14.86
61294aeb-17fa-4e2d-93a0-e39566c12533,60.00,8.77,61.51,0.00,1.89,13.16
6136024d-3ae2-4ade-837e-405c226217bc,60.00,8.85,62.04,0.00,1.82,12.63
619d44de-b65e-4465-ae72-b7b30fa66b59,60.00,13.28,91.96,0.00,0.70,6.95
619d9edc-f7c7-4dfa-bf8a-9c11750b60ef,0.00,0.00,0.00,60.00,10.50,75.50
61e0646a-3c5a-4724-b223-b0ab7ff6fba1,0.00,0.00,0.00,60.00,14.00,100.00
61e46ccc-b00c-4625-9b54-1e4e2bccf4e6,0.00,0.00,0.00,0.00,0.00,35.50
61ef4583-89c0-4b3f-bdf6-fe9d7e73f9f8,0.00,0.00,0.00,60.00,12.50,89.50
622f272f-2b3e-4be0-9494-8fed88268d87,0.00,0.00,0.00,60.00,12.00,84.00
622f6cec-5d65-474a-b672-0b729b7e861d,60.00,11.85,84.91,0.00,0.15,1.06
62335af3-c7cc-4836-b12b-047b624c2a4d,60.00,10.59,76.16,0.00,2.41,16.81
6243d5f4-a9a2-4841-bf44-0dce6cec93a0,60.00,11.27,78.99,0.00,2.23,15.51
6252824b-0b1e-4030-925d-3637060c5275,0.00,0.00,0.00,60.00,13.50,96.50
62555073-a1c9-43c4-871f-0a0d89dcb621,60.00,10.53,73.99,0.00,2.95,20.39
627c6c24-2ada-4bbb-b6aa-50b89539e208,0.00,0.00,0.00,60.00,13.50,94.50
6281fa5b-f007-47b3-9548-792aaa491920,60.00,13.42,92.69,0.00,0.58,6.31
6297a66f-373c-42e2-b3ce-9f8b2670b929,0.00,0.00,0.00,60.00,12.00,85.97
6297f963-be5f-4666-ba6f-fca6969568b2,60.00,17.00,118.00,0.00,0.00,0.00
62a7d4ea-66df-467f-b1c6-02bad36cddb3,60.00,10.61,74.35,0.00,2.39,16.65
62c962bf-64bb-45da-ab98-86c1fdf87246,0.00,0.00,0.00,60.00,14.00,100.00
62d3fe75-8bcb-4ac2-9bf7-927a5d8a066a,60.00,11.41,82.01,0.00,2.57,17.91
62ecaed2-7dfc-4510-8fc2-2034b3cff91d,60.00,9.65,69.57,0.00,0.35,2.43
632e2f2b-da33-4a0d-aba9-f216ae3b0062,0.00,0.00,0.00,60.00,12.50,89.50
633c15ac-c89d-412e-9b24-e164e6c5477a,60.00,11.11,77.85,0.00,2.37,16.53
633e5820-5569-4a9d-9695-3de6e9a932dd,60.00,10.63,74.67,0.00,2.85,19.71
638a06b8-6a75-48d5-a943-54bc05f573cc,60.00,8.59,60.24,0.00,2.07,14.43
638a62fe-6721-4bca-bb7a-c231b4f26862,60.00,10.49,73.55,0.00,2.34,16.29
639e9467-6ec4-4e58-b58c-caaeb5abcc36,60.00,11.59,83.23,0.00,2.41,16.76
63cb9137-cfde-443a-9f33-33204c78e0f4,60.00,9.84,68.97,0.00,2.66,18.53
63cd76fb-e29e-42ad-8bfd-a843588d4c06,60.00,9.88,69.34,0.00,2.62,20.16
63dbd228-89e6-4784-911a-ba89105d0500,0.00,0.00,0.00,60.00,11.50,80.50
63e11aaf-ffbd-41b6-8567-b2214abe15d6,60.00,16.91,118.26,0.00,0.09,0.74
63e2f724-48a5-4599-8cc0-5b779f9bf762,60.00,11.48,82.46,0.00,2.51,17.46
63f333c4-638f-41d5-ad5e-e4046fabdadb,0.00,0.00,0.00,60.00,24.00,168.00
63f4b85d-8cea-4331-a2a8-59299a925fb4,60.00,9.90,68.48,0.00,2.60,19.02
63f63775-416c-4286-838f-de443da60e6b,60.00,12.02,86.37,0.00,1.96,13.55
63fb368b-47e0-4836-adce-355da2b9ff74,60.00,8.41,60.94,0.00,2.09,14.56
64134207-fac8-4955-a7e8-1c0b229e67ee,60.00,8.74,61.28,0.00,2.26,15.72
6435bd7a-994f-45bc-bde4-4c62f7b6180e,60.00,11.32,79.12,0.00,0.51,3.72
6444aa99-676d-44c1-9644-6e693c33eed9,60.00,11.49,82.58,0.00,2.49,17.34
645ec50d-b371-42b4-aa16-14b654b9f650,60.00,10.16,71.17,0.00,2.84,19.83
6467f411-7571-407a-be07-b8260c3daa1b,60.00,8.86,62.09,0.00,2.64,18.41
64788a52-e4c1-40cc-b0ce-29e627985eb4,60.00,8.81,61.74,0.00,2.36,16.43
647be713-e645-42c7-9cca-632ec4505395,60.00,8.89,62.35,0.00,1.77,12.32
649a6207-6682-4a76-91b2-bae56fb9226f,60.00,8.54,59.85,0.00,2.46,17.15
64a6ec8a-dcf2-4735-bb57-767cde3a081b,60.00,8.98,62.93,0.00,2.02,14.07
64d10664-07bf-41a4-95f7-c56b6af4270e,60.00,7.73,51.93,0.00,2.77,19.57
64e4a82e-aad5-44d6-acea-2bc4c960e0dd,60.00,14.20,99.17,0.00,2.78,19.71
64ecfdc1-0867-47d2-b8e1-fea593a61c64,60.00,13.24,92.77,0.00,0.24,1.61
6503b988-d21e-46c1-ab71-7109cdedfa84,60.00,8.41,58.91,0.00,2.26,15.76
651833a9-b49a-4499-88a6-6d40a942e16f,60.00,8.97,62.84,0.00,2.03,14.16
652917e6-645f-4af4-b52e-13ce1bccdbc9,0.00,0.00,0.00,60.00,13.50,94.50
652e05a6-f1dd-4356-ab2e-b17e6d08578d,60.00,8.97,62.87,0.00,2.03,14.13
65481df2-caa4-4a19-9e2c-8eb77e667c92,0.00,2.98,50.59,60.00,14.00,70.24
654e2f00-f052-4b7f-a036-76396d46ab46,60.00,8.41,58.92,0.00,2.26,15.75
6574cd6c-db16-433f-8bbf-b8af20c292c0,0.00,0.00,0.00,60.00,11.00,77.00
657c9b05-7a39-45d1-a670-fa3aa4973adc,60.00,8.85,62.04,0.00,2.15,14.96
657f0fcc-4df8-4517-9916-3f58a132686b,60.00,12.43,88.72,0.00,0.57,4.28
65816b1a-a1f6-4e46-899d-3c0e38c73357,60.00,10.02,67.20,0.00,2.48,16.30
6588460c-9bf8-4aa7-bb16-d6a8dad88b28,60.00,8.90,53.45,0.00,2.60,27.05
65a128d3-077d-4878-8322-adc407406455,60.00,12.83,101.81,0.00,0.17,1.18
65a5c465-b371-4893-8a9d-efecf36e24e6,60.00,9.98,69.95,0.00,2.52,17.55
65b0e5ca-9c10-4237-8e56-84fd0f2c8e3f,60.00,13.00,91.00,0.00,0.00,0.00
65b99c31-f97b-4860-a0cd-f6c489a623d9,0.00,0.00,0.00,60.00,9.50,105.75
65c5b29f-d778-4061-8d1d-cad07a7fec28,60.00,8.39,58.83,0.00,2.27,15.84
65f8b53c-9bb8-4124-8011-fb5f58359433,60.00,9.66,69.66,0.00,2.84,19.84
65fb05b5-8772-420b-9265-441db118fed9,60.00,16.90,118.25,0.00,0.10,0.75
662e3d3c-800e-4ca9-91e0-aa64c4893bc8,60.00,16.83,117.71,0.00,0.17,1.29
662efea6-4daa-4118-9df2-3e4e7a7824bd,60.00,17.00,118.00,0.00,0.00,0.00
6639fa38-3fa3-46eb-9c4e-21fab39500ee,60.00,8.85,62.04,0.00,2.15,14.96
6667a0e6-c8a2-45b3-a6fe-ac04aaae7a0c,60.00,17.00,119.00,0.00,0.00,0.00
6668486d-dae3-4fa1-91ab-4cebab5cd3d9,60.00,12.02,84.03,0.00,1.48,10.46
667445a4-e9ef-41eb-a22c-bd4ec7dcda18,60.00,14.18,98.90,0.00,2.82,19.10
668f5fa5-8ff5-449a-b96d-6a5a6d8098a8,60.00,8.98,62.97,0.00,2.52,17.53
66aa3d2b-fc8c-4a5b-9e47-4102cce2de2d,60.00,10.46,73.28,0.00,2.38,16.55
66b390a0-ef8c-454f-80e4-16bd71340cb2,60.00,13.22,92.51,0.00,0.26,1.88
66b6029c-5a29-4330-99f9-1c2c39e2dee7,0.00,0.00,0.00,60.00,11.50,80.50
66d24c7f-2d10-4fa6-a72c-55e1ed70275f,60.00,6.26,67.14,0.00,6.24,22.36
66dda565-5c0a-4fcd-be29-584764c87520,60.00,10.50,73.50,0.00,0.00,0.00
66eb664a-29f0-404a-94cb-f6ddfa8bb4d6,0.00,0.00,0.00,60.00,13.50,96.50
6725b078-44c6-48d4-8f38-d60b0277a310,60.00,16.31,114.08,0.00,0.19,1.42
672ba2ef-ea87-4023-ada2-f7d0ce8fff07,60.00,8.67,60.79,0.00,2.33,16.21
6731792b-e30a-49be-9c18-b87f24088414,60.00,8.85,62.01,0.00,2.15,14.99
67391a2e-bd02-4a1b-99a0-759ae1c3eff3,0.00,0.00,0.00,60.00,13.50,94.50
674b7c15-068c-4b4f-b31a-d7b8827a2b39,60.00,23.98,167.88,0.00,0.00,0.00
6761bad4-0440-4a36-8a42-3ffe8bb94bd8,60.00,10.79,77.52,0.00,0.21,1.48
677bf2eb-e6e2-4613-9696-9ef0fcd1d53d,0.00,0.00,0.00,60.00,11.00,77.00
67bd5fdb-a7bd-41cc-af5b-4a8f40dff144,0.00,0.00,0.00,60.00,10.00,73.00
67c02fc5-3210-4de9-bc93-3ba98e175d6c,60.00,11.14,80.81,0.00,1.36,12.69
67d400ed-6169-4864-8e9a-c3683ac7262f,60.00,9.80,70.58,0.00,0.20,1.42
67d5fd30-914e-4ed1-9bad-85f74eff77ab,0.00,0.00,0.00,60.00,9.75,78.25
68143e15-06aa-46a6-8b9e-6134a0538704,0.00,0.00,0.00,60.00,13.00,91.00
683c56fc-d4ea-4b05-8001-8497b9ae2f72,0.00,0.00,0.00,60.00,10.00,72.00
684055a8-8cc8-4b07-8731-8feca7e39599,60.00,13.39,92.64,0.00,0.60,6.27
684c5df3-eb4b-4701-a5c4-275a9216b31e,60.00,8.98,59.94,0.00,2.60,21.14
68614a19-b896-4178-af35-69abf7ec66c9,60.00,10.18,71.32,0.00,2.32,16.18
686382fb-aeff-4f20-bbd2-055a251573d9,0.00,0.00,0.00,60.00,12.98,102.88
687f013f-0714-4744-9f2d-27a07ecd6df0,0.00,0.00,0.00,60.00,12.98,90.88
689be64a-7d3c-440d-88dd-db05a0d20b07,0.00,0.00,0.00,60.00,10.50,73.50
68a25125-db55-4db3-ae37-855a53896935,60.00,8.66,56.74,0.00,1.84,18.76
68b04cbd-15f9-4b8b-aa86-1e2eb989c7d7,60.00,17.00,132.97,0.00,0.00,0.00
68cf5d76-5ddf-488b-a561-956cfdbe2385,60.00,8.15,57.11,0.00,2.35,16.39
68d3cb00-f885-4802-880c-d8e0d951a5aa,0.00,0.00,0.00,60.00,24.00,168.00
68d8cb3a-8cde-4045-b9fd-f5aa81480624,60.00,9.76,64.46,0.00,0.24,9.54
68e38998-8d0b-49f5-bcbf-bf0fa4fed692,60.00,14.00,97.80,0.00,2.97,22.91
68f52e5a-3d6e-44e3-a002-cbfeec6a4d2d,60.00,12.50,89.50,0.00,0.00,0.00
6902674a-c5b1-4fcc-bfa1-dd967da82d3f,60.00,10.59,76.22,0.00,2.41,16.78
69031dd6-fbe7-4b49-a0c2-750c6c1c19a9,0.00,0.00,0.00,60.00,13.50,94.50
690daee7-3183-4751-a522-49321a7f980a,60.00,11.14,79.75,0.00,2.85,20.17
6919653e-fc86-431a-969e-a46e774c3471,0.00,0.00,0.00,60.00,12.00,85.97
694f0ec7-28b8-4317-9a9e-7ca8e15b8e39,60.00,10.18,73.36,0.00,2.32,16.14
69613d82-a6b3-431c-89c1-5339e301ecd1,60.00,12.50,86.49,0.00,0.50,6.51
6968b610-f362-4fe8-9b8d-cb05f6b7b3f5,0.00,0.00,0.00,60.00,12.50,87.50
696ea15e-c321-4e85-945e-b0152f0d1341,0.00,0.00,0.00,60.00,12.50,89.50
69747877-4775-4d5e-bd76-5230be911636,0.00,0.00,0.00,60.00,13.50,94.50
69af28a9-60b5-494c-8507-e3b936133435,60.00,8.98,57.18,0.00,2.02,19.82
69cc2791-9e45-407b-bb53-9901d4364a8b,60.00,8.21,57.52,0.00,2.29,15.98
69d0b78f-7958-4d94-b6c6-dcf956888755,0.00,0.00,0.00,60.00,13.00,93.00
6a0b6f30-3393-4aac-a6f3-b76271ad87a5,60.00,9.99,70.01,0.00,2.51,17.49
6a0ceef1-6ef3-44f7-8f35-75048597dafc,60.00,10.22,71.64,0.00,2.28,15.86
6a11f2ef-8ad3-46ec-8b00-80e163f64b5b,0.00,0.00,0.00,60.00,24.00,168.00
6a1c78b0-23c9-44bc-9563-77a2c191e64a,0.00,0.00,0.00,60.00,12.50,87.50
6a2018a1-697d-4ba9-bd16-fc190f17b554,60.00,12.50,87.50,0.00,0.00,0.00
6a2239d1-f29b-4028-bf34-36fb88e7d453,0.00,0.00,0.00,0.00,0.00,68.25
6a294088-a7c3-4e33-849b-68b471de6ab2,60.00,11.58,80.12,0.00,2.42,19.87
6a2b72c3-34fc-45e9-85a4-2985f198decc,0.00,0.00,0.00,60.00,13.50,94.50
6a2ccb09-4be1-4db6-aedd-e44a39de57f8,60.00,8.31,58.27,0.00,2.35,16.40
6a3a970d-9ef6-4154-9b72-6923afa85b59,0.00,0.00,0.00,60.00,13.00,91.00
6a4bd60c-0c83-4c9d-b66e-9dbffabe564a,60.00,11.44,82.16,0.00,2.55,17.75
6a4cf130-9f92-4a72-86f9-41521caf43ea,0.00,0.00,0.00,60.00,10.50,75.50
6a4d1b5b-bd92-467a-bc3e-5b50d71f067f,60.00,11.68,81.85,0.00,1.80,12.53
6a6d57bd-42df-4ec3-8ced-4711fa83c7d7,60.00,13.53,100.63,0.00,1.47,10.37
6a7a87aa-ddb0-4b23-ad99-d07cb7009b30,0.00,0.00,0.00,60.00,14.00,100.00
6ab67bd6-8a17-4e43-b393-9a88f5292cf9,60.00,11.33,79.36,0.00,2.16,15.02
6ae89082-26e3-4fa9-a061-ed7b45646f6f,0.00,0.00,0.00,60.00,24.00,168.00
6b105910-5486-4aa5-a561-9986050de6a5,0.00,0.00,0.00,60.00,11.50,80.50
6b279d0c-9f51-4ee6-b4d9-1435dada0a1c,0.00,0.00,0.00,60.00,14.00,100.00
6b2814ed-59b1-4dc6-a414-49cc2b5320fa,60.00,10.43,77.09,0.00,2.57,17.91
6b2ee90d-bac7-4ff1-a9f7-1c4ebaec127a,60.00,9.62,65.61,0.00,0.38,4.89
6b2fa7cd-1656-41b1-8bba-23f13e41ee73,60.00,10.35,72.52,0.00,2.48,17.31
6b354a2a-a437-4f35-b0d5-8409d5090ecf,60.00,12.50,89.20,0.00,0.50,3.80
6b367331-5909-48ed-aadc-bcd28ce3ead0,60.00,10.98,78.52,0.00,0.36,2.81
6b37fba6-a084-4e5d-8ae3-4dc16c854691,60.00,8.67,60.78,0.00,2.33,16.22
6b4b5739-f8d3-4fc8-b737-39fe8742db16,60.00,9.91,71.44,0.00,2.59,18.06
6b6d9bbf-f235-4334-8710-619a744d0243,60.00,11.33,81.43,0.00,2.65,18.49
6b6ea0df-0ba4-46f0-b608-1c24d5bc2329,60.00,9.67,69.77,0.00,2.83,19.73
6b729372-046f-437d-9c71-271ec006e597,60.00,10.50,73.75,0.00,2.98,20.64
6b7d8b57-844e-4c19-af4c-d2af174fade8,60.00,9.69,67.87,0.00,2.81,19.63
6ba525ca-fcd5-499e-a830-3c9dd5d19380,0.00,0.00,0.00,60.00,15.98,113.88
6babdccd-fac1-405a-8ff2-a5bc9a51380b,60.00,8.88,62.23,0.00,1.79,12.43
6bd38597-e8d8-439d-8f3a-12d130908a5c,60.00,10.04,70.33,0.00,2.46,17.17
6bda15c8-8226-44d7-a171-1c86e77e7fc6,60.00,13.20,89.40,0.00,0.30,5.10
6bdcefc7-ba4e-4df1-869b-de3871fda39a,16.68,0.28,10.72,43.32,10.72,66.28
6be5b045-fd16-4feb-bdc8-a581d4edff53,60.00,11.15,80.18,0.00,2.83,19.74
6bea2a32-0722-405a-afec-f5f7cb67da88,60.00,16.65,108.79,0.00,0.35,12.21
6c084ef6-dd1f-49d8-a3b8-46b2f92a7d6a,60.00,9.85,76.13,0.00,1.65,6.35
6c36c344-ab51-456d-83f4-6117f3e2024f,60.00,10.37,74.59,0.00,0.38,2.66
6c3c23cb-9957-482b-92d4-852de473c1fb,0.00,0.00,0.00,60.00,19.00,133.00
6c5226bc-3688-40ed-be55-a5ae0195b9d5,0.00,0.00,0.00,0.00,0.00,35.50
6c581200-794e-4351-b605-1bfb8c634428,60.00,6.58,63.04,0.00,2.34,13.96
6c681f53-fbfc-4954-84c7-6459d1dd69b5,60.00,8.95,62.71,0.00,2.05,14.29
6c6a2de8-ed69-46c3-baa8-8d85a723cdc8,60.00,7.50,50.75,0.00,0.00,0.25
6c8a8d23-4d7b-4bd6-944b-3409023edc20,60.00,10.14,73.03,0.00,2.86,19.94
6c9b0e45-54a7-48bd-b3bf-31618a06ae79,60.00,8.34,55.44,0.00,2.33,19.23
6cd21743-93f4-4666-bbe2-bd8d6c687cdb,0.00,0.00,0.00,60.00,13.50,94.50
6cd2a399-49d9-4d25-91d0-5976e0661f09,0.00,0.00,0.00,60.00,14.00,100.00
6cde01bd-3eb2-4ed2-a63f-c7e253c97730,60.00,10.02,70.25,0.00,2.48,17.25
6cefa2bb-39df-4150-9ecf-355cf98ed97e,60.00,10.16,71.23,0.00,2.34,16.27
6d2fda27-6074-496a-8e5a-98fb3bf27333,0.00,0.00,51.02,60.00,12.00,32.98
6d9dca6c-8778-436a-9d00-15d1c7f8a1e4,0.00,0.00,0.00,60.00,11.00,77.00
6dac7d97-f4ee-4195-8d99-e77fb782a2ae,0.00,0.00,0.00,60.00,12.50,87.50
6dae80e7-525c-42c0-ad7a-1f94fce38126,0.00,0.00,0.00,60.00,17.00,119.00
6db82974-f41b-40a6-9b8d-9680fbb822a6,60.00,12.50,87.50,0.00,0.00,0.00
6db8ef22-6948-4957-8558-45dc165e27f8,60.00,10.03,70.32,0.00,2.47,17.18
6dcbc1f0-6809-4432-95a4-3ecb4bdb86db,0.00,0.00,0.00,60.00,13.00,91.00
6dd075db-720b-476a-8594-26eaf9f57091,60.00,9.68,67.82,0.00,2.82,19.68
6def806a-a1b5-4f45-b067-aaa43745fc07,60.00,8.98,70.75,0.00,3.52,18.75
6e02c724-f241-4b46-97c6-e3f63ab1fd9c,60.00,8.82,63.78,0.00,2.68,18.72
6e0a9305-b9b5-4d68-951d-f5d35f6fa96e,60.00,10.00,74.00,0.00,0.00,0.00
6e18d070-46e6-4503-b554-355d253ae9f1,60.00,23.98,167.88,0.00,0.00,0.00
6e491c2a-7f63-4743-b843-2cb3b98b0281,0.00,0.00,0.00,60.00,11.50,80.50
6e4d62f4-6733-4c46-8ca7-82ef99137e8d,60.00,13.27,92.70,0.00,0.23,1.79
6e58226f-6cf1-4fcf-8c38-e01fce6621a7,60.00,9.79,69.70,0.00,0.21,2.30
6e6a0f42-331b-4c76-b7b8-3e38ef711f18,60.00,9.15,60.80,0.00,1.85,16.20
6e6d5461-2f5c-4c2a-b5a6-1894891b3bd7,60.00,12.50,87.50,0.00,0.00,0.00
6e74a3d4-24cb-4494-8f54-71acf38c419b,60.00,11.00,76.50,0.00,0.00,0.00
6ead6af0-0c92-4b81-bd12-f21620459041,0.00,0.00,0.00,60.00,10.00,71.00
6eb4f195-076f-405b-bd7f-de46985b8589,60.00,11.23,78.69,0.00,2.27,15.81
6ecacb55-e73c-4cae-8f4d-71529dac1b16,60.00,14.51,105.50,0.00,1.49,10.50
6ecfec14-02e7-4819-bdc2-ffbd7cd07bbc,60.00,11.20,78.49,0.00,2.30,16.00
6ef30445-b002-4c4e-beb2-e60db4d7a84f,0.00,0.00,0.00,60.00,8.50,73.00
6f4375dd-1c0e-445a-88cb-1621d2849376,60.00,16.65,116.48,0.00,0.33,2.41
6f450746-b8e9-4771-8687-e38333990030,0.00,0.00,0.00,60.00,13.00,93.00
6f762096-d90d-43bc-8c09-7620f9feb1e9,60.00,11.21,90.31,0.00,0.29,2.19
6f882691-d58e-4c5a-9562-df0c4a81cac2,60.00,12.52,89.34,0.00,0.48,3.66
6f8857b0-07cf-4f09-b786-508107ef88c1,0.00,0.00,0.00,60.00,24.00,168.00
6f908bd4-52bb-4b05-af67-204ff8ed3779,60.00,9.38,67.75,0.00,1.12,7.75
6fba8704-0a28-47ee-a5bf-206f9d173872,60.00,8.68,58.12,0.00,2.32,18.88
6fbb19b0-1bd2-4ccd-8c41-841c611a9d3d,60.00,13.62,94.01,0.00,0.38,4.99
6fd9fedf-0382-4bd6-9a2c-8021353b57d8,0.00,0.00,0.00,60.00,12.98,93.98
7011b2be-1ed4-448e-8565-702e2740dd8e,0.00,5.34,34.79,0.00,0.16,3.71
7033d8d5-2c29-483b-ab30-9aad5f6020a8,0.00,0.00,0.00,60.00,15.98,111.88
703ebff8-aad8-49ce-a473-1c972e86a189,60.00,12.52,89.47,0.00,0.48,3.49
7041b005-08cc-4aa1-b668-e7023db27c0d,60.00,10.32,74.25,0.00,2.68,18.72
7043d081-a76a-43ce-b002-d5fb963fe39f,0.00,0.00,0.00,60.00,12.00,94.50
704a1da9-c299-46e9-8ee0-4678e5cc53fc,60.00,13.28,92.45,0.00,0.22,4.04
70545b51-59db-41bb-9cbd-cd1c7342ec95,60.00,7.86,55.11,0.00,2.14,14.89
7060f86a-de0a-4aa6-b9f9-0cf66c8e0071,0.00,0.00,0.00,60.00,12.50,87.50
7090f542-6336-4856-8211-8427a250f668,0.00,0.00,0.00,0.00,0.00,1.00
70a30f8a-6bfd-41c6-bc86-4ca3417c4546,0.00,0.00,0.00,60.00,15.00,105.00
70a6a6a6-eceb-4c7e-8f03-3cabdde2c831,60.00,10.59,76.99,0.00,2.90,17.39
70c75f98-9fce-442b-b712-ae443bddf2e0,0.00,4.61,29.37,0.00,2.39,16.63
70d7fbca-d195-4d51-a7d1-1bf8decf8044,60.00,12.69,90.56,0.00,0.31,2.41
70db5d61-63db-4100-83de-d17143dc6c29,60.00,8.68,57.81,0.00,2.32,19.19
70fa3dd8-3285-4e32-bf4f-7f0d77fb1899,60.00,11.24,78.76,0.00,2.26,15.74
70fd9c2f-a3ce-4632-8a47-4fd277cd37aa,60.00,12.43,88.75,0.00,0.57,4.25
70fff745-cd3e-4589-af31-833b80d510d7,60.00,11.57,83.06,0.00,2.43,16.94
710aaa0d-7afd-4fde-b529-3a7b875b5759,0.00,0.00,0.00,60.00,11.50,80.50
7114b5a3-3192-483e-9580-50a624a057bd,60.00,11.01,76.90,0.00,0.49,3.60
712550e4-5368-4640-aa77-686a41e86c02,60.00,8.62,62.41,0.00,1.88,13.09
7125d0ca-2d50-44a4-a5ba-605172f842d8,60.00,9.77,70.39,0.00,0.23,1.61
7125def2-bb00-4892-bf74-69b476a9e101,60.00,8.70,60.96,0.00,2.30,16.04
7128047b-94d8-4226-8d8b-5259b5fb5383,0.00,0.00,0.00,60.00,19.00,133.00
7155ecd8-56fc-4b62-8051-a28d7d916fc2,0.00,0.00,0.00,60.00,10.00,72.00
715df42a-7d41-405e-8f57-842c2ccbae4e,0.00,0.00,0.00,60.00,11.00,77.00
71815c12-8f4f-40ad-bb53-6a91dc7cd983,60.00,14.03,98.07,0.00,2.95,20.81
71817b8b-841f-40c1-ae14-391e2c0dc44b,60.00,12.36,88.42,0.00,0.64,4.55
7197a3f7-d3a1-47a2-bdeb-42753b113871,60.00,9.78,70.50,0.00,0.22,1.50
7197a4c2-1928-4f52-ae85-9a3396aea104,0.00,0.00,0.00,60.00,14.98,103.88
71a3c89f-18de-498c-89f9-8dae731600b7,0.00,0.00,0.00,60.00,11.50,80.50
71a6dec1-e151-4f1a-9a4a-1b12a6f2aa1a,60.00,9.84,70.97,0.00,2.66,18.53
71c14de0-4bdd-4d4a-8e66-d2fcbe205842,60.00,17.00,119.00,0.00,0.00,0.00
71ce7053-9052-4a70-944f-674f281017f2,60.00,10.50,73.50,0.00,0.00,0.00
71d56317-ecdd-4482-9c77-ebc1dd870b5b,60.00,15.81,112.38,0.00,0.19,1.62
71ddc5cd-0642-4c53-95cb-01a3e64cbb57,60.00,16.65,116.43,0.00,0.35,2.57
71e5c28c-702e-414e-8b4d-f850e644c9a5,0.00,0.00,0.00,60.00,12.50,87.50
71e9fb02-c674-4b81-9b31-ca7c11f715f0,60.00,8.41,58.96,0.00,2.59,18.04
7217cbc4-35bf-450e-afaf-9f220036015d,60.00,16.71,116.90,0.00,0.27,1.99
721f40f2-ec60-4fb5-b4e6-e2d2462a3f79,60.00,16.91,115.26,0.00,0.09,2.74
7249049f-c91e-4525-95e0-46dd4301a6f8,60.00,8.82,61.79,0.00,2.68,18.71
726af3fc-a917-408d-81f7-a7c073576d8f,0.00,0.00,0.00,60.00,10.33,72.00
7275966b-fcd1-476a-a30e-c44dc3816067,0.00,0.00,0.00,0.00,0.00,35.50
72783205-6679-468b-94af-386b4b838de5,60.00,9.66,65.63,0.00,0.34,4.87
7295b968-7dd7-4868-8350-bbe4a781eaed,60.00,8.87,62.14,0.00,2.13,14.86
72a29afd-0b6b-4b47-858e-3658a453df95,60.00,8.98,62.92,0.00,2.02,14.08
72a5d033-c529-43bb-9f19-b9d02f5fb5b3,60.00,10.00,70.50,0.00,0.00,0.00
72a7653b-cb1b-4b27-96bf-856e080b52c1,0.00,0.00,0.00,60.00,10.75,80.00
72a835c9-387e-4aa0-a3b2-f1d0403c8841,60.00,10.08,70.65,0.00,2.75,19.18
72cdc554-3948-431b-9112-8abe61ba5376,60.00,12.02,87.06,0.00,11.98,60.94
72d445f9-ef1d-4afe-a237-f108170eb374,0.00,0.00,0.00,60.00,11.75,85.72
72e1f570-d728-40e4-b4fc-24bcc96460bf,0.00,0.00,0.00,60.00,17.00,118.00
72fb9eb8-e372-469d-9b22-895057e0c200,60.00,10.06,72.52,0.00,2.44,16.98
7300d70e-242a-4e1b-836a-053b95fe8d4b,0.00,0.00,0.00,60.00,12.50,87.50
731005e8-7812-46a5-a7a8-84d53771a7e4,60.00,8.19,58.99,0.00,2.31,16.51
7325bbc5-19e2-470e-8486-8faeab19467d,0.00,0.00,0.00,60.00,18.00,126.00
73469764-54fa-4fd6-aa92-572fe558ade6,0.00,0.00,0.00,60.00,11.50,80.50
73566333-26c5-4cdf-8150-67c094b017f5,0.00,0.00,0.00,60.00,13.50,94.50
73640a76-1119-4fb1-bff9-aa46b7d68789,60.00,8.97,62.88,0.00,2.03,14.12
7365a544-4de6-4ca7-aa2c-62685f35d6ff,60.00,13.27,98.95,0.00,0.21,1.53
737027fd-265d-4e0c-9bf5-e1784df4e318,0.00,0.00,0.00,60.00,11.00,77.00
7380b66c-b727-4e0c-987a-c5656237f07e,60.00,16.64,104.07,0.00,0.34,14.82
738df2d7-b280-4762-957f-d89a17373e2f,60.00,8.42,59.00,0.00,2.08,14.50
73955864-56fe-4ceb-9626-795304935b0f,60.00,10.09,70.68,0.00,2.75,19.16
739fa5da-9262-47f6-9f6b-3dfb2e5b46f4,60.00,12.41,88.71,0.00,0.59,4.26
73a46451-ebc5-498c-ab85-1d6c48cf227a,0.00,0.00,0.00,60.00,11.50,66.50
73cefd6b-933a-4a45-9da7-722719bd3bd9,0.00,0.00,0.00,60.00,11.50,80.50
73d73b4a-dd88-4280-8243-537207950de5,60.00,11.45,79.85,0.00,0.88,6.48
73e05bfd-ca58-4927-a5a4-f2ee934a1c17,21.52,12.01,68.95,38.48,2.99,40.05
73e5e814-3673-45c4-8741-f088d3b4d864,60.00,11.49,82.49,0.00,2.51,17.51
73fc5b4f-e277-4f06-94e2-00a6d35c4522,0.00,0.00,0.00,60.00,16.00,112.00
74068ce4-76ca-45d9-a640-9751bfd59891,60.00,10.14,71.04,0.00,2.36,16.46
740ef134-df6b-4517-b1bb-843fee3c2e4a,60.00,8.35,60.52,0.00,2.15,14.98
741951a3-7ccd-4234-b5a1-10a13fe84817,0.00,0.00,0.00,60.00,11.00,80.97
742b775b-35b7-473f-bbac-8a5b071f31d8,60.00,10.56,74.19,0.00,2.92,20.19
7435dc0e-bb92-4f25-9f32-5cb6c70b8d5a,0.00,0.00,0.00,60.00,14.00,100.00
74366e9c-f0e1-40c8-ad05-12d41908aea3,60.00,11.41,81.95,0.00,2.59,18.04
746057d8-244f-407c-8338-0deb71d36a14,60.00,12.51,89.24,0.00,0.49,3.76
747dc140-73fc-4bfd-ab72-14796596529f,0.00,0.00,0.00,60.00,16.00,114.00
74945755-6e6b-4e42-94b1-1036d8d1cda0,0.00,0.00,0.00,60.00,24.00,168.00
74bfd598-53e0-430a-82ce-845078bea6ad,0.00,0.00,0.00,60.00,13.50,94.50
74c41600-06b0-43e5-9b82-6d7b2d6f6ac6,60.00,8.17,57.23,0.00,2.33,16.27
74d7d83f-039d-4316-8713-d38445d95cfc,60.00,11.73,84.22,0.00,2.26,15.70
74f360eb-3d3b-472d-ae35-1a148cc188de,60.00,11.45,81.15,0.00,0.80,5.60
74f9eaa1-9990-422f-9278-4943e1206b24,0.00,0.00,0.00,60.00,8.00,56.00
75019bef-72b3-4519-8389-b06228a62cbb,60.00,10.41,72.92,0.00,2.58,17.96
752ffc37-d925-4b2a-ab40-1685ed330d99,60.00,9.14,64.07,0.00,2.36,16.43
7574aa5e-993a-4597-a255-ca6e5dd2c072,60.00,12.50,87.50,0.00,0.00,0.00
757882ce-7cdf-4376-aa1a-d0fb88f22f0f,60.00,11.60,80.29,0.00,2.40,19.71
7581138c-1225-4148-ab18-ee745ca635a3,60.00,8.94,62.62,0.00,2.06,14.38
75969008-827e-4d67-971d-978ff6d2b56e,60.00,14.17,95.92,0.00,2.82,22.96
75a259c0-bf9a-48b0-b99e-d38669fab726,60.00,9.90,69.35,0.00,2.60,18.15
75a566db-5527-4a43-b2e3-9ce8ce3e6e40,60.00,8.98,62.93,0.00,2.02,14.07
75b09316-b29d-47c5-8f87-775a2238386e,0.00,0.00,0.00,60.00,15.50,108.50
75b1d483-33af-4b1a-a818-138921cb8fa2,60.00,13.62,94.06,0.00,0.37,4.94
75e47072-8c94-47ab-bd1c-3e7db02fa921,0.00,0.00,0.00,60.00,24.00,168.00
75e66c75-98e9-4d40-acb5-0deb7ca0bdc6,60.00,11.33,77.59,0.00,0.17,4.91
7613a03c-5793-42d5-b163-0864680749c6,0.00,0.00,0.00,60.00,10.00,69.00
7638cfd7-2925-4a2e-aaae-0b74bbbfe623,0.00,0.00,0.00,60.00,12.98,90.88
7643e697-28d7-45a0-ace7-4094d2a2cbab,0.00,0.00,0.00,60.00,12.00,84.00
765685d7-6a43-46df-8be6-8fea95657c5a,0.00,0.00,0.00,60.00,11.00,75.00
765ad595-5bde-4c7a-b6b3-badd8d3b277c,60.00,9.48,66.44,0.00,2.35,16.39
76768a8a-3106-4065-95d4-bc9a7e748838,60.00,8.75,63.37,0.00,1.75,12.13
7678ea31-a683-4e16-b75b-72f15f9c2021,60.00,16.91,118.30,0.00,0.09,0.70
768bf5de-8cef-40a5-8183-aca7de2bc027,0.00,0.00,0.00,60.00,12.50,87.50
76be18c2-0ced-4c9c-a92b-41b1fada85cc,0.00,0.00,0.00,60.00,11.00,77.00
76c445ef-3f6f-4597-b7b4-8317282d664d,60.00,8.93,62.59,0.00,1.74,12.08
76d8462f-620e-4663-8aea-e8f34857693a,60.00,13.52,94.48,0.00,2.96,20.91
76f4ea55-0d2c-4e51-b86f-5cd992daa81b,60.00,8.84,61.94,0.00,2.16,15.06
77171692-33fa-4b08-b39c-53481c12eac0,0.00,0.00,0.00,60.00,24.00,168.00
771e089a-c7c0-40e1-852b-864b83b11eff,60.00,11.46,82.32,0.00,2.52,17.59
773405fc-008c-4317-9543-5ff2a6cef03c,60.00,6.88,48.23,0.00,1.62,11.27
7760f2d1-43c4-42d5-93ea-eda59de4ecde,60.00,9.93,69.56,0.00,2.57,17.94
77616672-6251-4142-b7fb-0475cd66d2f0,60.00,10.61,77.15,0.00,2.87,17.23
7778c0a3-c600-4bb7-b992-3a7ea1f3f42f,60.00,11.30,80.90,0.00,2.68,19.02
7784800e-d62a-4138-a918-e540abbeecfd,0.00,0.00,0.00,0.00,0.00,1.00
778ba8e3-ac57-4435-85dd-8caaaf84318b,60.00,8.83,61.90,0.00,2.17,15.10
779f2dc6-45ea-4a77-9bf0-88015ba35777,0.00,0.00,0.00,60.00,10.42,75.42
77a3213d-e29a-44ec-9a41-eca0c1ef9d3e,60.00,11.25,80.88,0.00,2.73,19.03
77a75446-9148-4189-9725-45c647020500,60.00,9.86,71.07,0.00,2.64,18.43
77bd453c-218b-4f20-8265-2123f6779f41,60.00,9.85,69.03,0.00,2.65,18.47
77ea4d02-b137-4668-877d-2142d6336187,60.00,12.50,87.50,0.00,0.00,0.00
7801d8ab-bcdd-4acf-ac1e-0304f90ae467,60.00,12.42,88.64,0.00,0.58,4.35
78104331-9242-4bce-8971-2e2b8cafc5b9,60.00,8.61,60.38,0.00,1.89,13.12
7838a4bc-46a1-4def-90a4-bebebdaf18c2,60.00,12.50,87.50,0.00,0.00,0.00
783bb455-e60e-44f7-bae3-adc03f7bed5a,60.00,13.14,91.86,0.00,0.36,2.64
783c19f5-1859-4136-bb42-a71cfaa7e9de,60.00,8.68,60.84,0.00,2.32,16.16
784851e0-2175-4f2a-8441-d16d88359857,0.00,0.00,0.00,60.00,11.00,77.00
784f4829-ca35-408e-9f93-6645861bb122,60.00,22.50,157.50,0.00,0.00,0.00
785314e2-f048-4a3f-a8bc-c5e7fcdc7a1a,60.00,9.79,68.57,0.00,0.46,3.18
785383d7-20bd-4b8d-a62e-cd69b2c1d380,0.00,0.00,0.00,60.00,19.00,133.00
78569346-b40d-45fa-88b1-37a228c592aa,0.00,0.00,0.00,60.00,12.00,84.00
785ba5d7-9aa0-4925-a55c-5a6f9d996e8a,60.00,7.47,65.11,0.00,0.78,4.64
7893b681-501f-477d-9d1d-d6e3856e6831,60.00,8.66,57.71,0.00,1.84,15.79
789df178-9840-434e-9649-9aa95f85aed9,0.00,0.00,0.00,60.00,8.00,68.00
78ad84f2-072a-403e-bd6f-466e6769cf9b,60.00,8.96,62.83,0.00,2.04,14.17
78b0cbfa-355a-4575-af14-53c2dd719bee,60.00,12.50,114.50,0.00,0.00,0.00
78b5b775-99d4-4875-8803-cda775e254c5,60.00,16.83,103.87,0.00,0.16,15.01
78c58464-e875-4a15-9698-4780baa14f7c,60.00,8.95,62.69,0.00,2.05,14.31
78c89a12-2674-4ee4-8009-471ffc7044a8,60.00,11.57,83.06,0.00,2.43,16.94
78c9f192-880d-4cdd-90b1-544d88a2f6b9,60.00,8.89,62.31,0.00,1.78,12.36
78e287c6-e5c9-4d7f-9887-a17f0437d6e7,60.00,17.00,119.00,0.00,0.00,0.00
790410e1-c253-4421-aade-177dab7574c6,0.00,0.00,0.00,60.00,12.00,85.97
790d25f6-5872-4cb4-ad6b-5bb8ae67a9cf,60.00,9.26,66.93,0.00,2.24,15.57
791141f7-8994-4a9c-b2f1-c094e1528b07,60.00,11.16,79.87,0.00,2.82,20.04
791ca00c-2b70-480f-937e-b110740d1b6d,60.00,8.50,53.63,0.00,2.50,23.37
79442306-dd30-4b7f-bcc9-3695bdfd3235,60.00,10.75,75.33,0.00,2.25,15.67
79532de3-2b67-4377-bc99-fe9f0da9de03,0.00,0.00,0.00,60.00,13.50,94.50
797563ed-b4bc-44fc-9fa9-4929b95ca0c5,60.00,10.51,78.23,0.00,0.24,1.77
79758d59-cd12-49f8-8c68-c8753270712e,60.00,14.73,107.04,0.00,1.27,8.46
79846e0f-e06f-470f-85c1-599d012b03ba,0.00,0.00,0.00,60.00,12.98,93.88
79a0f07e-a01e-4882-a4b3-56d99746d1ad,0.00,0.00,0.00,0.00,0.00,1.00
79a6fe78-fbac-44cb-880c-4a16fe6792c8,0.00,0.00,0.00,60.00,13.50,94.50
79b0012d-3276-4434-9988-af0d7353988b,60.00,9.63,67.50,0.00,2.87,20.00
79c3b00e-7cc6-4772-a9d8-bf3d35675151,0.00,0.00,0.00,60.00,24.00,168.00
79cfb8ca-69f2-418d-97dd-bcfbae9ea548,60.00,10.08,70.64,0.00,2.75,19.20
79eb22f0-cad2-4f5a-905d-6343d6ff430f,60.00,12.55,86.94,0.00,1.45,13.06
79ec537f-b161-46e0-9a18-726e634842f7,60.00,16.82,117.65,0.00,0.18,1.35
79ee2465-0a9e-4777-bb97-43922d2df3e0,0.00,0.00,0.00,60.00,21.48,132.97
79fce90b-1a78-4935-8d59-43c7686d37b0,0.00,0.00,0.00,60.00,10.00,70.00
7a002a85-ce9c-4e92-9770-16e3f1d69c08,60.00,8.36,58.61,0.00,2.30,16.06
7a0e8829-eedd-412e-b627-0018465c1d43,60.00,9.20,64.53,0.00,2.30,16.01
7a230e56-7021-41d0-a46b-0eb3c072324e,0.00,0.00,0.00,60.00,24.00,168.00
7a242d0e-309c-4915-9755-e9019d69108d,60.00,17.05,119.25,0.00,0.45,3.25
7a286bf8-07be-43d4-8bf0-d83d966cbe8d,60.00,10.51,75.55,0.00,0.24,1.70
7a2e74ae-7f5e-4382-a6a2-2e5e2119655a,60.00,8.34,58.44,0.00,2.33,16.23
7a32617a-f7f4-4e9c-934e-4abe3543d97d,60.00,8.68,60.82,0.00,1.82,12.68
7a65455a-0645-4100-bca8-f3569cf55d95,60.00,10.96,76.60,0.00,0.54,3.90
7a6a0108-674f-46d5-a6da-3a326f8b6abe,0.00,0.00,0.00,60.00,16.00,116.00
7a7bc05e-c339-4731-be7d-04f355960c2d,60.00,23.95,155.66,0.00,-0.00,11.99
7a7f47db-2ea6-49a6-9583-14ae81f98a9f,60.00,8.66,60.69,0.00,2.01,13.98
7a969433-ed37-4d74-912e-ff40c8c9906d,60.00,10.12,62.78,0.00,2.38,26.72
7aa791b1-e6f6-42b1-bc27-03dd17344aa9,0.00,0.00,0.00,60.00,12.00,85.97
7ab09e07-efd0-4271-9847-48304acb292b,0.00,0.00,0.00,60.00,10.50,75.50
7ac3f5c1-65c7-4103-a257-c645fb94b551,60.00,16.91,118.28,0.00,0.09,0.72
7ac8bc4e-4bc1-4cca-b6b3-466c73c22b57,60.00,10.50,73.50,0.00,0.00,0.00
7ac9b4a4-72e8-4a04-8406-b45d82181457,60.00,10.36,72.57,0.00,2.48,17.27
7af58736-79dc-4301-8a4e-7faac3ae4bde,60.00,14.76,107.24,0.00,1.24,8.73
7b07749e-3a74-4b86-8d39-1cb4e0fef4c9,0.00,0.00,0.00,60.00,24.00,168.00
7b0a8e0c-8a57-4672-b4ea-78e7109be287,0.00,0.00,0.00,60.00,10.50,73.50
7b0c2503-0285-4359-9d39-78c9e186f3d3,60.00,12.00,96.00,0.00,0.00,0.00
7b32388f-e432-4918-8f2c-776878f2dc76,60.00,13.23,94.62,0.00,0.75,5.30
7b3d0e97-cff1-4afa-add9-74cde5cb16a7,60.00,16.83,117.73,0.00,0.17,1.27
7b3ebe2b-21d6-48e9-a038-3da7c2091c93,60.00,8.98,62.92,0.00,2.02,14.08
7b45816f-b9fe-4fd6-8630-9d487f85f5e0,60.00,12.00,94.45,0.00,0.00,0.00
7b47dd02-133c-44cb-ba2d-b3b65c177196,60.00,12.50,89.50,0.00,0.00,0.00
7b5109f2-d697-420b-8e9d-749197bfe660,60.00,12.50,89.50,0.00,0.00,0.00
7b53c76b-c7ac-41d2-91f8-bc3ae860bf02,60.00,16.96,115.67,0.00,0.02,2.22
7bae1884-0c0f-4902-9aac-b0a85341aa89,60.00,13.27,92.70,0.00,0.23,1.80
7bbeba14-6df0-4370-8595-4a70330bb337,60.00,9.72,68.09,0.00,2.78,19.41
7bbebda1-7f6a-412b-a010-0b5760e4a781,60.00,8.86,62.11,0.00,2.14,14.89
7be05175-40fa-4d58-944c-820208bb8084,60.00,14.14,98.73,0.00,2.85,20.15
7be89d19-e4ca-4c86-91b7-270717fd3aa3,0.00,0.00,0.00,60.00,8.00,74.00
7bf02aba-b7b8-4153-a19a-a1acfbf6a5e4,60.00,9.99,72.03,0.00,2.51,17.47
7c2d842a-5de8-4e40-8479-f2b72c4582bd,60.00,13.50,94.50,0.00,0.00,0.00
7c339aa3-ba90-456a-8bd0-ea24dd3f71ce,60.00,13.40,95.75,0.00,0.08,0.67
7c347b88-a69c-4ba2-9983-a34afbdf9cc8,0.00,0.00,0.00,60.00,14.00,100.00
7c969b6f-2454-4b65-bf9f-b3fbc29d2d43,0.00,0.00,0.00,60.00,12.50,87.50
7c9be152-e6f3-4fa9-98d6-baee7db56e0d,60.00,8.96,62.82,0.00,2.37,16.51
7ca4ac3f-942f-484b-81c5-c452acdc7e0f,60.00,11.66,90.53,0.00,0.34,3.96
7cc13c05-ba2f-4ba5-ac64-f2f32f669d84,60.00,8.95,62.73,0.00,2.05,14.27
7ccda072-7905-43e7-8cdf-12633a7fe326,60.00,8.68,60.85,0.00,1.99,13.82
7cdc6325-7fde-4f46-93fe-e4f9ff21811d,60.00,8.68,60.82,0.00,1.82,12.68
7ce35467-0119-46c7-b42b-c7da5d5b793e,60.00,9.82,68.80,0.00,2.68,18.70
7cf2b177-a892-4a6b-adfc-72390d852a38,0.00,0.00,0.00,60.00,11.00,77.00
7d0bf834-04c7-44d1-95e0-acab1134866d,0.00,0.00,0.00,0.00,6.58,71.50
7d1c6aad-a7ca-4da3-a50a-eeb88cb94a39,0.00,0.00,0.00,60.00,14.00,100.00
7d280e4e-2248-465c-bdf1-870ac6f3e7eb,0.00,0.00,0.00,60.00,13.50,94.50
7d409bf1-f8fe-47ea-9696-ad0e8aa4fb7d,0.00,0.00,0.00,60.00,12.50,87.50
7d432a43-fc24-4f14-ba90-28c0da6aa7c0,60.00,11.36,80.35,0.00,0.39,2.90
7d49fa51-2d64-4b09-8193-411a47a8ea4f,60.00,12.50,89.50,0.00,0.00,0.00
7d4e4594-536c-4c52-bd9c-59326c1608d4,60.00,16.84,117.78,0.00,0.15,1.11
7d5cc906-8328-498a-9a13-d5abd18d628c,60.00,13.23,92.45,0.00,0.27,2.05
7d73479e-5a31-4498-97d2-44b774135b35,60.00,16.81,114.60,0.00,0.17,3.29
7d823b82-f8d8-4f1e-a8d5-b855a01eeaf9,60.00,11.18,80.33,0.00,2.81,19.58
7d82dafc-127b-4cc6-aa94-738893679e25,0.00,0.00,0.00,60.00,24.00,168.00
7d9177c4-27ca-42a2-8915-b94057fd7cdf,60.00,24.00,168.00,0.00,-0.00,0.00
7db1c008-8945-41ef-a5d1-1d8b1cae2a8a,60.00,11.00,63.50,0.00,0.00,0.00
7db5c949-cbda-46a3-a4fc-c447c7f10a58,60.00,8.35,58.49,0.00,2.15,15.01
7dd94dd6-5cdc-42d7-a87b-03a735536613,60.00,10.08,70.64,0.00,2.75,19.20
7e2c25cf-0b1d-49de-8d09-93d1c39ffd04,60.00,11.33,79.37,0.00,2.17,15.13
7e5a01ff-e5cb-426d-8881-88b85c3274bb,60.00,11.52,82.77,0.00,2.46,17.15
7e5e1568-c5a6-467e-b801-5616b013a0dd,60.00,10.34,38.16,0.00,0.16,35.34
7e5e6564-eae1-4fe0-96ba-378cfd3f34f8,0.00,0.00,0.00,60.00,15.00,109.00
7e9137e1-9765-46ae-acce-52f39a3d9fcd,60.00,11.24,78.74,0.00,2.26,15.76
7eacd7ac-a49c-47e9-8c07-c4778bc1a9dd,0.00,0.00,0.00,0.00,7.33,62.75
7eb58a3b-00df-44ae-9ae0-432e017b5d1f,60.00,16.81,129.45,0.00,0.19,3.51
7f06abd6-0f82-4b11-8ee7-c1bdf0a14f88,60.00,11.41,81.91,0.00,2.59,18.09
7f0a8b68-1e9a-480d-837f-7ee8cfe888cb,60.00,9.97,65.86,0.00,2.37,20.48
7f168609-aef5-4951-9556-8dcb17abe597,0.00,0.00,0.00,60.00,13.50,94.50
7f1df44f-0a2c-4d7a-914c-94629a8e4eb5,60.00,10.20,37.83,0.00,0.30,35.67
7f38d882-8df3-4485-9155-ab7e43e115b8,60.00,10.07,72.58,0.00,2.43,16.92
7f4fbf55-268b-438a-b9d8-d2fc9421a018,0.00,0.00,0.00,60.00,12.50,89.50
7f943cfc-20f7-4b0b-b469-683399ee559b,0.00,0.00,0.00,60.00,13.50,94.50
7fa112c6-fd3a-4ff6-aadb-4b55f2e74048,60.00,12.66,90.71,0.00,1.33,9.21
7fb2880c-f753-4e92-93e0-aaf665934746,60.00,8.97,62.85,0.00,2.03,14.15
7fc2a3ca-9eac-4648-87a5-2e896e9a32b6,60.00,16.90,118.24,0.00,0.10,0.76
7fce1b39-f97f-4c70-b7d9-298da5768273,0.00,0.00,0.00,60.00,24.00,168.00
7fe93e00-b46f-4f8c-82d9-1030032d522a,60.00,9.80,68.01,0.00,0.20,3.99
8019f241-1acc-4333-bb98-f7f075a8a4a2,60.00,11.50,82.59,0.00,2.49,17.33
8023614d-8f75-4df1-833c-25da04677713,60.00,16.83,117.74,0.00,0.17,1.26
80328c8d-119b-485c-9de2-2964a40e60c0,0.00,0.00,29.13,60.00,11.00,47.87
803922a6-4ff1-4cc9-8d2e-1efacb8e6e3a,60.00,8.95,62.76,0.00,2.05,14.24
805418a4-3f52-4cbc-89be-571708e06a03,60.00,8.98,62.94,0.00,1.52,10.56
806bd58a-fcd1-480f-a702-d33859a4c5b0,60.00,8.98,62.93,0.00,2.02,14.07
806ef901-1394-43f5-8d07-2e15abd068e7,60.00,12.43,88.73,0.00,0.57,4.27
809a26a3-64c4-4278-8b78-3255e96c9381,60.00,8.78,58.53,0.00,1.89,16.13
80a3e9c6-403d-4bc3-afed-0266c2a200e9,0.00,0.00,0.00,60.00,13.00,93.00
80abbad4-f34e-4d7a-84e9-641b90837a8f,60.00,12.50,86.18,0.00,0.50,5.82
80be47e4-8ac8-4731-a18a-9127f6b1adbb,0.00,0.00,0.00,60.00,14.98,104.88
80bfaa25-2f4b-4638-8cc9-b046766cd4ee,60.00,8.98,62.97,0.00,2.02,14.03
80d81c52-1fd2-4254-8419-d5a42457998e,60.00,13.24,92.77,0.00,2.26,15.73
80e24bd6-9cfa-4fa2-a955-1eb92c275b3d,60.00,11.48,82.46,0.00,2.51,17.45
80f23b40-aba6-4d73-84b8-87f5bc340322,60.00,8.68,60.83,0.00,2.32,16.17
80f77772-530c-4d2a-aa43-58aa1f75ab15,60.00,7.51,68.77,0.00,0.24,1.48
810674c8-e375-4d13-999c-5e98baa15bc6,60.00,8.72,46.62,0.00,2.28,19.38
811f385e-413b-4713-a090-3d3bc78c546d,60.00,8.49,59.51,0.00,2.17,15.15
813277b6-0ada-4dee-ab61-08c350bb61e7,60.00,16.90,118.20,0.00,0.10,0.80
813f2a57-bc88-4baf-a5a8-0475ac2d4fa1,60.00,10.01,70.14,0.00,2.49,17.36
8142b789-2f7d-4b8f-a69c-aef9c571c2a0,60.00,10.25,71.75,0.00,0.00,0.00
81454fe4-bfba-4055-ba23-1635a0d45bca,0.00,0.00,0.00,60.00,11.00,77.00
814b1266-2521-4431-9d7a-2833036a0d7f,60.00,8.61,60.32,0.00,2.06,14.35
815190bd-a015-4403-9471-6443f7cdf9c2,60.00,8.86,62.12,0.00,2.14,14.88
81969abd-6097-45a3-8191-a22c288a98c1,60.00,11.58,83.20,0.00,2.40,16.72
81990eed-f3df-49a1-b987-139cefe85b06,60.00,13.43,90.00,0.00,0.57,9.00
81a71c20-9b3a-4a64-b6e5-fbe81e6d2356,60.00,14.74,103.35,0.00,0.01,0.15
81ce3a20-34e8-48f0-bf82-002939e71bec,0.00,0.00,0.00,60.00,9.75,78.22
81d279fa-17b1-4648-8c59-af4d10d1f871,60.00,11.60,81.28,0.00,1.88,13.11
81dfa18e-1327-409e-98af-b5860254519a,60.00,8.98,62.93,0.00,2.02,14.07
81ec6a19-4afa-4262-846f-d984bdf4943e,60.00,6.73,53.00,0.00,2.77,15.50
81efe672-70f3-4e5b-8b06-777dae0d5864,60.00,16.90,118.21,0.00,0.10,0.79
81fd18a4-ed2c-4597-a529-36bfbab8e191,0.00,0.00,0.00,60.00,13.00,90.00
81fe8f25-2e90-4a1c-9c14-bb40328a7b39,60.00,8.19,57.40,0.00,2.31,16.10
820cc2d2-005c-4079-b698-8036cea1aad3,60.00,9.61,57.61,0.00,0.39,12.89
8215e2ad-29a7-4cc8-acfc-7780fe512268,60.00,11.69,83.97,0.00,2.29,15.95
82188eb1-65ef-4de6-a5df-98fd8d305056,60.00,16.90,118.20,0.00,0.10,0.80
8250d659-ce29-485f-a0ce-7e7a5c9e657e,0.00,0.00,0.00,60.00,11.75,84.25
825e0ea5-88ac-4441-8cf0-eda834d4a31b,0.00,0.00,0.00,60.00,9.75,78.25
82926e80-bde1-4144-8c47-047e79e95d18,60.00,10.31,90.41,0.00,3.19,4.09
8298991f-f82b-47e8-b30c-1025a96bb57f,60.00,11.13,79.73,0.00,2.85,20.19
82a90ca9-9b4b-4de3-be1c-c9992fc414a0,60.00,8.69,60.90,0.00,2.31,16.10
82bfbe71-32ad-49f0-8102-e55eb4dd90f8,60.00,9.82,70.83,0.00,2.68,18.67
82c61330-4b72-4724-920c-ca90873bad19,0.00,0.00,0.00,60.00,15.00,107.00
82d133de-6761-4887-8b74-73d7dbba76c5,0.00,0.00,0.00,60.00,14.00,100.00
82e6565a-e7e3-4948-90b5-61684510a2be,60.00,8.98,62.93,0.00,2.02,14.07
82eedff3-5c5b-40f6-b912-df34f8e0c064,60.00,14.50,101.74,0.00,0.25,1.75
8303289f-0e5c-4f03-a136-a0252960855d,60.00,12.66,90.36,0.00,0.34,2.61
831453a0-6b6c-478f-b864-613d8d3139f8,60.00,15.35,108.12,0.00,0.65,3.88
833f3d50-b642-4598-b0f8-af4c52beec4b,60.00,8.79,61.61,0.00,2.21,15.39
834a2b88-eea2-460d-9cd0-5e177c967f2e,60.00,12.62,90.43,0.00,1.38,9.57
834ffdac-39f1-4c9d-880a-3d7e548fc895,0.00,0.00,0.00,60.00,7.50,51.00
835d6a6d-5de1-4cd2-945f-4a5d62c7bb20,60.00,12.35,88.56,0.00,1.63,11.35
8361651c-ded1-420a-a76d-e27faf3ce535,0.00,0.00,0.00,60.00,10.00,70.50
8371a40f-5091-4f60-a572-49dda9f7de0f,60.00,9.03,63.26,0.00,2.47,17.24
838218c4-deb0-484b-baac-f0f605acc92c,60.00,16.91,118.31,0.00,0.07,0.57
83881ca3-0129-4449-a482-f993a9b60d7e,60.00,8.96,62.82,0.00,2.04,14.18
83a4534f-1637-497d-bb85-266063000dfa,60.00,9.32,64.64,0.00,2.51,18.19
83addca9-a515-478b-abf3-62277a1f2ef1,60.00,8.51,59.61,0.00,2.16,15.06
83b5cc8d-5d48-40ec-8f5e-f28796005c25,0.00,0.00,0.00,60.00,14.00,100.00
83b84e9c-350d-41a4-be0d-8446e448e4c3,60.00,11.73,82.17,0.00,1.76,12.22
83bdfe31-f43e-493a-a213-73d96a972c47,60.00,8.31,58.26,0.00,2.35,16.41
83d072da-c2ff-4f2a-a003-2e3205f45674,60.00,14.51,102.45,0.00,1.49,13.51
83f0e828-5146-46e0-bf86-3ab93221007e,60.00,8.67,60.80,0.00,1.99,13.87
84233064-c786-423f-b19c-22137d103c16,60.00,9.87,70.26,0.00,2.63,19.24
8452c82a-7479-462b-9f1e-08582f62e850,60.00,14.19,99.09,0.00,2.78,18.68
846200ef-278d-410f-9193-7e1f2b818ba8,60.00,11.21,80.33,0.00,2.78,19.58
8466aa8d-d7ef-4de9-a3e6-d5e16c2dc2ab,60.00,17.00,119.00,0.00,0.00,0.00
846ac1c8-7539-4a77-b779-1bf37b30b9d6,0.00,0.00,0.00,60.00,12.50,89.50
8470d787-d7a4-40b1-bf64-6248f2f27e79,60.00,9.63,69.49,0.00,2.87,20.01
8484bd50-6025-412b-89c3-4c0f25b4f4a2,60.00,13.14,92.06,0.00,2.36,16.44
8489c804-fdc9-4814-ac40-2094986632fe,0.00,0.00,0.00,60.00,9.75,78.25
849009d7-37e2-4484-9d65-4dccfd5cafb7,0.00,0.00,0.00,60.00,14.00,100.00
84919fc9-97e4-48f5-8a6e-e6d4c25bf83a,60.00,8.74,63.25,0.00,1.76,12.25
8495b9a9-6cf2-44f9-a4fd-cb6235c023a9,60.00,9.23,67.68,0.00,2.27,15.82
84987111-2e3a-4a46-905d-7de56d8e07f3,60.00,12.50,89.50,0.00,0.00,0.00
84a37057-debf-4036-abee-74bb04ca58ae,0.00,0.00,0.00,60.00,24.00,168.00
84bd34e5-1300-411a-9360-aa128c053d1f,60.00,16.82,114.62,0.00,0.18,3.38
84e00fe4-c550-41a6-a7c3-0e10cb76441f,60.00,23.98,167.88,0.00,0.00,0.00
84ea7890-c125-4e40-b9f3-5474e6bcc9ca,0.00,0.00,0.00,60.00,12.50,87.50
84ebaea8-818b-41c8-8be0-f5c60c96f4b3,0.00,0.00,0.00,60.00,14.00,100.00
84fdbc2a-6897-4c4c-b93c-0b0c39af2f10,60.00,16.00,122.00,0.00,0.00,0.00
850494bb-dab4-4607-b856-fb17b43fabda,60.00,11.49,81.99,0.00,2.51,18.01
850a04dd-8174-456f-929e-a4d730bb1aff,60.00,9.44,66.18,0.00,2.39,16.65
850c3070-bd8d-44e9-938b-da8a95233be1,60.00,18.90,132.20,0.00,0.10,0.80
851599bd-48c0-4e29-8821-5670fac197cd,60.00,9.96,71.78,0.00,2.54,17.72
85169f00-f6f3-4a39-b7b6-0de7ca5bab19,60.00,11.74,84.26,0.00,1.26,8.70
853404f8-2bfa-4b7c-b011-053037e1ad77,60.00,9.03,63.29,0.00,2.47,17.21
85456dcf-2b6d-4d7e-a16a-ba5c413493d9,60.00,11.19,78.41,0.00,2.29,15.97
85690cbd-c8da-49e0-b0eb-d6302eff0e0f,60.00,16.91,118.31,0.00,0.09,0.69
85873a46-e76d-46e3-a821-f18c01c92c75,60.00,10.53,78.63,0.00,2.96,17.79
858fa0fd-c95e-49f4-8522-8398bb1af3e9,60.00,10.97,83.63,0.00,0.03,0.37
8594d606-bee9-4233-840e-83ca8e385760,60.00,8.69,60.87,0.00,2.31,16.13
85a124b6-ae67-4313-933b-990cbeb38eef,60.00,10.14,71.04,0.00,2.36,16.46
85a9a2c5-9aae-4dbc-b533-36016be1a4be,60.00,11.57,83.10,0.00,2.43,16.90
85ab17cd-0664-49f7-bcda-ef98b765590f,0.00,0.00,0.00,60.00,24.00,168.00
85bc8493-eb7b-4431-be19-0e6092be02aa,0.00,0.00,0.00,60.00,7.92,67.97
85cfb691-0049-4a9c-80bb-012666687120,60.00,8.49,61.51,0.00,2.01,13.99
85d408de-2184-46cd-9d43-eb47d16337e1,60.00,13.52,100.54,0.00,1.48,10.43
85e0eac2-4393-497c-8bf4-96c0323736c3,60.00,10.50,73.50,0.00,0.00,0.00
85e63132-bbfe-4090-9a5c-4e6d920517cc,60.00,11.50,82.60,0.00,2.50,17.40
85ed9b40-0451-4f08-8b65-237893909bf8,60.00,11.54,82.86,0.00,2.46,17.13
85febafc-a8fc-457c-9cd6-217923577964,60.00,16.83,117.73,0.00,0.17,1.27
860d520e-bf9e-4721-8513-99501134d11a,60.00,10.50,73.50,0.00,0.00,0.00
8633ea65-f7e6-40b3-8c87-47b67817ad80,0.00,0.00,0.00,60.00,12.50,87.50
8642d3a5-6b92-4026-b4a6-cfb107bd75b8,60.00,13.21,92.32,0.00,0.29,2.17
865911b4-e3c8-47f5-b7b5-f677dcae0072,60.00,16.82,117.64,0.00,0.68,4.86
866b2f28-0d80-44fb-8170-925e93c29ef3,60.00,8.68,60.83,0.00,2.32,16.17
866b5527-d978-4de2-982a-811e25295836,60.00,8.93,62.58,0.00,2.07,14.42
867a2af1-4619-4faa-b8a2-6d3bbd50688e,60.00,9.72,70.08,0.00,2.78,19.42
867fd2b2-ea99-4978-875b-8e47439981fc,60.00,9.00,65.02,0.00,0.75,5.23
86849cb0-e483-47db-8730-82395e5d56bf,60.00,8.66,57.69,0.00,1.84,15.81
86983f6d-e914-4b6b-b9bb-075ff87d9832,60.00,11.92,85.37,0.00,0.08,0.60
86c2f442-c401-44a9-917f-445396421211,60.00,11.56,79.99,0.00,2.44,20.00
86d7f038-ae47-4c3c-a683-a6d632c51ea2,60.00,10.12,70.94,0.00,2.38,16.56
86d8983d-409a-41a2-8e2b-c75985acf2bc,0.00,0.00,0.00,60.00,14.00,100.00
86e6f314-0f0d-4e5a-95d1-23af85b77747,0.00,0.00,29.38,60.00,11.00,36.62
86eacb9c-499f-4b61-a4c9-704cb9d68fc0,60.00,9.84,68.95,0.00,2.66,18.55
871031a3-526a-41b7-a46d-89c1048d3a6a,60.00,8.72,61.10,0.00,2.28,15.90
875278fe-2b4b-4669-a39c-d54a848a23d9,60.00,10.49,67.53,0.00,2.34,22.30
875611e7-659b-4839-aa48-78588aa0f666,60.00,8.69,60.89,0.00,2.31,16.11
8761599c-4882-4313-b525-b26e964a5a49,60.00,13.24,92.48,0.00,0.26,2.02
876f10f7-f36e-4633-9b8d-91af4d1cd649,60.00,9.98,75.49,0.00,1.77,6.76
87755916-f34c-4d76-9c64-41a5cd684a2f,60.00,10.50,73.50,0.00,0.00,0.00
87ac09f9-27fc-4ba5-ba60-c75b94353b4f,60.00,9.51,66.66,0.00,2.32,16.17
87ac7ab4-4bfc-4d2c-8f4a-a5d539d62229,0.00,0.00,0.00,60.00,7.98,68.88
87aec97f-bb99-4e39-9463-3c431f3a0c49,60.00,13.16,94.19,0.00,0.33,2.22
87c6ec1c-2b91-4c50-a594-b402f1f8d334,0.00,0.00,0.00,60.00,12.50,87.50
87e38316-0f0b-48f6-990f-2ddfe79259a3,60.00,9.72,68.10,0.00,2.78,19.40
88062eae-f6cf-4bb9-a485-6bdbd02f4a33,60.00,13.27,92.69,0.00,0.23,1.80
88243b5a-d812-425c-9f32-bbf4f9a3406f,60.00,11.43,82.10,0.00,2.56,17.82
8825db6f-a586-42a6-a6a4-b1c040366edc,60.00,9.74,67.50,0.00,2.76,20.00
885465f1-c30b-4d6a-ac0f-6df7b7081f8e,60.00,11.36,81.61,0.00,2.63,18.31
88657d7a-0c3d-435d-bfd5-3a62c2fc8f2e,60.00,9.71,68.03,0.00,2.79,19.47
88a2b554-0283-44fd-a247-e2c6bfdfb6b7,60.00,8.66,56.74,0.00,1.84,18.76
88aa7686-fae4-457e-a568-81d1747fac1e,60.00,12.50,87.50,0.00,0.00,0.00
88aea8ad-6d77-4521-a266-d8129bb17822,60.00,10.83,75.83,0.00,0.17,7.17
88b6b82c-62ac-4331-bf5d-72e453a857cf,0.00,0.00,0.00,60.00,13.00,93.00
88b7dfaf-6a15-4554-b20c-41b1ab479427,60.00,16.82,117.67,0.00,0.18,1.33
88be4682-2af7-4549-900b-92a77ddf0c1b,0.00,0.00,0.00,60.00,11.00,77.00
88cf02d2-6352-49f5-bde5-df0e3bf01bbf,60.00,16.83,126.33,0.00,0.17,5.63
88f4a0f8-2168-44c1-8540-77d9c75178ce,60.00,10.09,70.68,0.00,2.75,19.15
89009ac1-ad8f-4d67-b0e6-535829f5372e,60.00,12.41,88.94,0.00,1.59,11.06
891b5516-a123-4daf-b724-4994aafebe9e,0.00,0.00,0.00,60.00,11.50,80.50
892d420a-d831-407d-8147-632fd25d5406,0.00,0.00,0.00,60.00,24.00,168.00
892dd449-d222-4055-ab1d-0a816086caed,60.00,11.34,79.10,0.00,0.49,3.73
892e7b35-8e9a-4d31-9109-7db03387e57a,60.00,8.98,62.91,0.00,2.02,14.09
8946966b-3b20-4292-8a65-86c7bd145276,0.00,0.00,0.00,60.00,12.50,87.50
89481847-6ef9-46ce-91f9-4c12cb742855,60.00,10.22,71.66,0.00,2.28,15.84
8949af6b-69ea-487e-888d-70ec104321d9,60.00,9.63,68.43,0.00,0.37,3.57
895c1b96-ec4f-4c74-ad26-638c6374962e,60.00,8.66,60.73,0.00,1.84,12.77
8967a0a9-8d7a-404a-872b-699b60faf149,60.00,9.50,68.48,0.00,0.25,1.77
896c840b-9832-49d6-96a2-c7ee39fec3d2,60.00,16.50,115.50,0.00,0.00,0.00
898849d3-0e38-4114-995f-f67664fd897d,0.00,0.00,0.00,60.00,12.98,90.88
8988b440-ffa8-48c8-8fe4-4cfba5576ede,60.00,11.41,79.95,0.00,2.07,14.44
898da184-3738-424e-b08f-35735b856bf5,0.00,0.00,0.00,60.00,11.00,77.00
899a56e2-5111-4ad0-9da1-0c96058c026a,0.00,0.00,0.00,60.00,12.98,90.88
899c10d3-e06c-42f2-8ea3-bdb9d7ffcdb1,60.00,11.58,83.13,0.00,2.42,16.87
89aaeaf7-c824-4102-822b-63e0d70810a1,60.00,16.90,124.36,0.00,0.10,1.14
89ae011b-4597-4210-9e31-e412e1aae85a,0.00,0.00,0.00,0.00,0.00,1.00
89b9f0d4-8adb-4170-a951-7485d819be53,60.00,13.19,94.42,0.00,0.31,2.08
89fbf1ca-327a-4c1f-9a76-c1190e51cb08,23.83,8.38,62.34,36.17,2.62,14.66
8a2cb25f-7409-4a1c-a488-853ab258d13b,60.00,14.38,101.36,0.00,0.12,0.14
8a504135-378e-486a-aa81-546c500acc11,60.00,6.18,50.97,0.00,17.80,116.92
8a659e9a-a6c1-4291-927b-4524aa1a0dab,60.00,11.24,80.82,0.00,2.74,19.10
8a66a10a-a8c2-4ccc-9364-bac9586d162b,60.00,9.98,71.93,0.00,2.52,17.57
8a82a6aa-d7e7-44b9-a2f5-7b7c803fa393,60.00,8.36,58.59,0.00,2.31,16.07
8a8b6b4f-ab04-4892-b0b6-f021b3caf5e2,0.00,0.00,0.00,60.00,12.00,85.97
8a8e9e92-3822-4d44-9c2f-be4f3e656600,60.00,12.54,119.93,0.00,11.45,47.95
8a9c885c-8691-4b51-952b-15b55ff2357f,0.00,0.00,0.00,60.00,13.00,90.00
8a9efae5-f8ce-49d5-a737-e9de1982c75c,0.00,0.00,0.00,60.00,13.50,94.50
8ab78b9a-78a6-407c-9828-09fbe4ff4a44,60.00,8.23,59.69,0.00,2.27,15.81
8acc8530-bacc-4ec1-af60-eb761425d0bf,60.00,7.49,52.51,0.00,2.01,13.99
8ae0e85e-2494-4b57-a52b-1355bbbd43fe,60.00,16.82,117.67,0.00,0.18,1.33
8b05153d-8403-45a6-8e0c-a40efe6bd5cb,60.00,8.67,60.79,0.00,2.33,16.21
8b627159-0c6a-4807-a825-c220e808db16,60.00,9.23,64.67,0.00,1.77,12.33
8b761505-c20a-4e34-b29a-4932e06dd03e,0.00,0.00,0.00,0.00,0.00,25.00
8b947e7d-d79b-4ceb-b34b-fc454502e779,60.00,13.34,93.44,0.00,0.15,0.94
8b97f401-94bd-4277-a819-4b2a36eb8a35,60.00,8.60,60.28,0.00,2.07,14.39
8ba86163-346d-4781-987a-f2053bd77f67,0.00,0.00,0.00,60.00,10.50,73.50
8bb9776c-696f-4b36-b87c-985b7ef0ce42,60.00,16.91,118.27,0.00,0.09,0.73
8bcc4d8d-e046-4b24-bca5-de1f0cfeb4d5,0.00,0.00,0.00,60.00,10.50,73.50
8bd33f23-8238-4908-9b13-7aacf1737e49,60.00,11.21,80.34,0.00,2.78,19.58
8bd540c4-b468-4af0-bd44-840b0ef674d8,0.00,0.00,0.00,60.00,12.00,84.00
8c670828-156a-41fb-952b-23dd798ce354,60.00,10.54,73.84,0.00,2.30,15.99
8c6b8db2-0caf-4b56-98d0-5d7329619f7e,0.00,0.00,0.00,60.00,11.50,80.50
8c730e2e-1960-480e-94c4-b1d491c216d2,0.00,0.00,0.00,60.00,11.00,77.00
8c9cd597-ff9c-4809-948e-3a4d14e1f1f8,0.00,0.00,0.00,60.00,12.00,95.00
8caef280-81a5-4718-892a-8fa58b757ad8,60.00,14.17,98.99,0.00,2.81,19.89
8cbe472f-4744-4cd6-94d7-d311942a38a9,60.00,10.50,73.50,0.00,0.00,0.00
8cc53fc8-2f77-41b2-bf21-8303fa1a16ff,60.00,12.42,88.66,0.00,0.58,4.34
8ccc4703-2645-4625-a8b3-55d8dba5f89a,60.00,9.91,64.55,0.00,2.59,24.95
8ce35b2b-7e1f-454d-8b2a-ca71e824f9e9,60.00,8.54,59.88,0.00,2.12,14.78
8ce6424e-7262-4a01-941b-aed5ca1e4a8e,0.00,0.00,0.00,60.00,17.00,119.00
8cef0356-e52f-42a9-8deb-2545bb7e1853,60.00,13.24,89.50,0.00,0.26,4.99
8d2550a7-8d0b-44f4-a70e-5474d2a0dd2b,60.00,8.99,61.98,0.00,0.76,6.27
8d2f9b4d-6b58-464c-9d40-ea4e30806f47,0.00,0.00,0.00,60.00,24.00,168.00
8d301121-ebb3-436f-8f86-f3b6e5022edf,60.00,10.12,72.91,0.00,2.38,16.59
8d5a6e17-ab15-4f70-b7bb-4219e859a92d,0.00,0.00,0.00,55.31,12.00,84.00
8d61b170-86e2-451a-8c91-c92b90d023b5,60.00,11.98,87.43,0.00,1.02,5.57
8d6a6bdc-e1d3-4243-9ddb-d4e52fd380ec,60.00,9.99,72.01,0.00,2.51,17.49
8d6ebd64-cff3-4ac7-827d-0eac4a4aac7f,60.00,13.97,100.63,0.00,3.00,17.13
8d7ee308-2e89-446d-aac4-92276869036c,60.00,11.31,79.26,0.00,2.17,15.12
8d830f10-8709-4140-8fd7-a95dd513c63c,0.00,0.00,0.00,60.00,10.50,73.50
8d896ba3-d646-4bb0-b6d3-c8eb677c897e,0.00,0.00,0.00,60.00,17.00,119.00
8dd2a035-6432-4283-bb4d-9a13a4f31228,60.00,23.98,161.90,0.00,0.00,5.98
8dd4e9cf-5e1b-4b1d-b0c8-4e00be02d6e6,0.00,0.00,0.00,60.00,11.00,77.00
8dfbaa4e-0799-4124-a866-34a38e410733,60.00,12.42,85.97,0.00,0.58,7.03
8e1b4a5d-bcfc-4a43-bd46-79c713c702ec,60.00,11.54,79.85,0.00,2.46,20.15
8e2e0717-e61c-40a5-b3cd-28e5a5de701a,0.00,0.00,0.00,60.00,12.98,90.88
8e5321bd-074c-46e6-a706-b7de57817752,60.00,14.68,101.91,0.00,0.07,1.58
8e546f94-ecc4-48ef-84c2-3e7573992a76,60.00,10.50,77.55,0.00,2.50,17.45
8e577fae-49d3-4cfd-ae99-80801e911986,60.00,24.00,168.00,0.00,0.00,0.00
8e613068-8266-4217-9478-dfa7ba4106df,60.00,11.25,90.64,0.00,0.25,1.76
8e8192aa-0edf-4725-ad29-9a9b7e32a4de,60.00,10.18,73.38,0.00,2.32,16.12
8ebad8a5-ab5a-4fed-b268-9fa5c29681d1,60.00,9.86,71.06,0.00,2.64,18.44
8eda543d-8c89-4a96-a0e7-f2a33b96ddb0,60.00,8.98,59.94,0.00,3.35,26.39
8ee08e77-9aeb-440a-a18a-a68840cc31ee,60.00,23.98,167.88,0.00,0.00,0.00
8ee44f72-23e6-4e32-a9c4-e5d5eb5497fa,60.00,10.13,71.00,0.00,2.37,16.50
8f072f27-7769-4aa0-9048-3a42e0b82c96,60.00,11.83,82.61,0.00,0.17,1.39
8f1c018d-1f15-4d11-8937-5a52ad34f541,60.00,23.98,167.88,0.00,0.00,0.00
8f22fc1f-f793-47f9-a98b-e73df67d335f,60.00,11.59,83.24,0.00,2.40,16.68
8f25db43-14a6-48b9-a7e7-7ea16867ebab,60.00,9.00,64.99,0.00,0.75,5.26
8f33c495-5cfa-4214-aff0-16e36f7e5584,60.00,12.50,87.50,0.00,0.00,0.00
8f6898ca-6dbf-4aa3-b543-d5a89b6c72c7,60.00,23.98,167.88,0.00,0.00,0.00
8f7074c9-d9e5-440f-bcb7-6138cff51525,60.00,11.50,82.50,0.00,0.00,0.00
8f7fbd7d-1e8f-4960-a724-143fccde681a,60.00,12.50,87.50,0.00,0.00,0.00
8f817373-d50f-48d3-b8be-d250d907bdd5,0.00,0.00,0.00,60.00,10.50,75.50
8f88bf06-8df3-42c0-98bb-47fbe09fa349,60.00,17.50,122.50,0.00,0.00,0.00
8f8ce392-eea6-41fc-a21f-f464866ce890,60.00,13.66,95.41,0.00,0.32,2.47
8f920bff-bba7-4b2c-a5a3-c6c14add3c2a,60.00,11.28,81.09,0.00,2.70,18.83
8fec9030-22f3-45e5-87d8-9004a3a768ac,60.00,8.66,62.69,0.00,1.84,12.81
8ff3f8a4-1156-4d2b-ba64-924b608a0618,60.00,8.15,57.14,0.00,2.35,16.36
8ffbcb90-9963-49f5-bc5c-ee03b1429871,60.00,10.50,73.50,0.00,0.00,0.00
90132906-8554-4b05-a020-476926f2ff41,60.00,9.65,63.64,0.00,0.35,6.86
90251bfb-fef7-44ff-95da-ef8371309bd7,60.00,8.52,59.74,0.00,1.98,13.76
905092dc-8f5a-47f3-8b07-6add16b99580,0.00,0.00,0.00,34.69,7.50,52.50
90601b97-21d0-4ddc-bc70-e48780f73ada,60.00,9.82,69.25,0.00,0.18,1.25
9062a987-9ba0-44ab-b728-c163d6455bd0,60.00,12.43,88.76,0.00,0.57,4.24
906f0a38-75ac-4987-b75b-05805172f8d6,60.00,8.98,62.94,0.00,2.02,14.06
9072b57b-6f4b-476e-9a4c-9d21324c2c4f,60.00,8.80,61.72,0.00,1.86,12.95
909a5879-4a0e-452d-afac-174fe93c6f3c,60.00,13.27,92.84,0.00,0.21,1.54
90aaa1dc-b7bc-4864-8ed3-3850dc78b578,60.00,16.90,118.22,0.00,0.10,0.78
90be7e04-1e26-4589-b25b-95ccc2df1295,60.00,12.50,89.50,0.00,0.00,0.00
90bea824-e98d-4588-b1d1-95508b49f2fe,60.00,8.98,62.93,0.00,2.52,17.57
90bf6777-9200-48c1-b43f-19fbf09e86b3,60.00,12.50,87.50,0.00,0.00,0.00
90f09793-e6a6-4dec-a1f7-516b9777eb99,60.00,8.87,62.14,0.00,1.80,12.52
90f9d96a-53f0-49bf-b541-962181b39006,60.00,15.81,110.58,0.00,0.19,1.42
910c2415-84e4-46a9-a977-ec56dd861fad,60.00,11.16,78.17,0.00,2.33,16.21
91296b1a-eef4-4064-81bc-f6639d5c62c9,60.00,11.52,82.22,0.00,2.46,17.70
912dd418-684b-44cd-afdf-bb2da528f5ce,60.00,8.98,59.93,0.00,2.52,22.57
91a7d88b-b206-4556-b01e-5abbdff4c68b,60.00,11.56,83.00,0.00,2.44,17.00
91faae8a-b42d-4bee-a13e-5a67df639db9,0.00,0.00,0.00,60.00,24.00,168.00
92025936-2067-4940-b940-f559088129cc,0.00,0.00,0.00,60.00,13.50,94.50
923e818a-0961-4476-a563-247cdf293f2c,60.00,8.22,59.64,0.00,2.28,15.86
924e2fde-1156-45ef-92a0-31fefcf5db9c,0.00,0.00,0.00,60.00,8.00,74.00
925f2c15-a4ee-4cde-853d-9a79b40f00a4,0.00,0.00,20.31,60.00,11.00,45.69
9262cd88-3925-435d-8c08-be3eaaba2e5e,60.00,16.82,117.65,0.00,0.18,1.35
927173ff-f84d-414f-931b-2a85f930cea3,0.00,0.00,0.00,60.00,17.00,119.00
92788d2b-f06f-4815-8204-df54fd3bda5e,60.00,8.72,63.12,0.00,1.78,12.38
928b405a-130b-4efc-b522-e84fc7c99ee3,60.00,8.98,62.94,0.00,2.02,14.06
92921c12-2ae9-4a4e-a8b5-054070c143c2,60.00,13.24,92.51,0.00,0.26,1.99
92bb41de-37de-48fd-aa8e-7acee02d1724,60.00,12.63,87.08,0.00,0.37,4.92
92bf8627-199f-4a22-8f9a-88d64fb9be4b,0.00,0.00,0.00,60.00,13.50,94.50
92c3bdf6-a428-453f-91cb-1671daebc1a6,60.00,8.31,58.25,0.00,2.36,16.42
92c6d43e-ac31-4718-bf39-04b36853e9c7,60.00,8.16,58.83,0.00,2.34,16.67
92d68cc3-4668-4803-9054-5ec15ed53131,40.85,8.57,61.95,19.15,2.43,15.05
92e352c8-793e-4661-9814-a7e77dedd233,0.00,0.00,0.00,60.00,12.00,94.50
92ecf6cf-d240-4f96-b677-ef330b5d7f50,60.00,8.88,62.25,0.00,1.79,12.42
932721bd-7c93-4b83-a9ce-022d2bdecafb,0.00,0.00,0.00,60.00,17.50,122.50
9348a88a-ca7b-4adb-b9da-833ac281a07a,0.00,0.00,0.00,60.00,11.00,84.00
93607d22-b4dd-4343-ab66-9a2fea844f42,60.00,16.66,113.50,0.00,0.33,4.38
936ff3c3-d4da-4152-81ad-67577965f2b0,0.00,0.00,0.00,0.00,0.00,35.50
937b33f4-3ec5-45bb-8200-7e32652648dd,0.00,0.00,0.00,60.00,10.50,73.50
937f4bf6-532f-4bca-bfe6-85ad32a2c29d,60.00,14.20,99.18,0.00,2.78,19.70
93835a7d-d2f1-43aa-aad2-ab623b3b2bdd,60.00,13.99,100.77,0.00,3.00,18.11
93932764-61cb-46b7-86c5-c6151d292858,60.00,14.46,106.43,0.00,1.29,9.32
9394b5a3-ec68-4a6b-8f07-706a456c7a07,60.00,10.45,73.22,0.00,2.39,16.61
939eee8a-b1eb-4fd4-a4ef-55d621483667,60.00,10.75,77.77,0.00,0.75,4.72
93a0e034-d09c-40dc-93be-736dbcb1c5fd,0.00,0.00,0.00,60.00,11.50,80.50
93a52c5c-158e-41e4-a5bd-6484bc4363a6,0.00,0.00,0.00,60.00,10.50,75.50
93c9d71a-7428-40f0-a440-9d9b1ecc028d,60.00,12.50,89.50,0.00,0.00,0.00
93d3cb27-4c75-425a-bff6-75cc131a4ab2,0.00,0.00,0.00,60.00,16.00,112.00
93d85721-bf8f-4606-b924-1ee52c475992,60.00,11.75,84.36,0.00,2.23,15.56
93e338e7-20df-4f2b-bb67-5a26dc537aca,60.00,10.50,73.50,0.00,0.00,0.00
93e33e37-7258-49df-94c3-9acee042b6f9,0.00,0.00,0.00,60.00,10.50,73.50
93f7d031-a50a-4a01-abfa-81f7ed6c2084,60.00,8.29,57.10,0.00,2.21,18.40
940771c8-a9d0-4251-bc6e-77689618bb0b,0.00,0.00,0.00,60.00,13.50,94.50
940c4769-42fa-4045-88c4-ade09a6d12a2,60.00,8.86,62.08,0.00,2.14,14.92
941ce057-1c7b-48b6-bf96-db0bae790ee7,0.00,0.00,0.00,60.00,12.98,90.88
9461ad33-1fd6-4d31-8c10-1ce2750775a7,60.00,14.35,103.92,0.00,0.65,3.58
94702331-673f-41d8-ae90-7e62c41a730f,0.00,0.00,0.00,60.00,10.50,73.50
94827789-bfad-4dea-9606-11afe26cf4b1,60.00,12.50,89.50,0.00,0.00,0.00
94afd1a1-3c80-496c-ab89-8c77c4c17952,60.00,16.65,116.46,0.00,0.35,2.54
94c430bd-cffd-4e3e-863c-99e13dfffb78,60.00,11.58,77.16,0.00,2.42,22.84
94c456fd-a8f1-4a96-acfd-aba171f5fe5f,60.00,8.83,55.91,0.00,2.17,21.09
94cfd25a-abbb-407c-9aec-6f74ec7f5f50,60.00,10.13,70.98,0.00,2.37,16.52
94d9f1ed-166d-4863-8e8a-5d5dda04ad5c,60.00,14.26,99.48,0.00,1.49,16.24
94e19d12-3635-4e1e-885c-6c916597f272,60.00,8.89,62.28,0.00,2.11,14.72
94eea2c1-e7a8-4a45-bf6f-dfb30451e3fa,60.00,10.61,71.32,0.00,2.39,19.68
94f66d20-3539-48a0-978c-2e872b5c42db,0.00,0.00,0.00,60.00,15.50,108.50
9508d371-a46f-4b1d-a215-820d169360cc,60.00,14.58,102.80,0.00,1.42,13.17
952090f7-9e9b-4a46-93c1-307dc8419cf1,60.00,10.67,83.42,0.00,2.83,17.07
95248f76-1342-4809-b32d-314255767eb6,60.00,16.65,113.49,0.00,0.35,5.51
9533fb55-e939-4b50-9dca-2901be67124e,0.00,0.00,0.00,60.00,13.50,96.50
953e4c1d-b483-4d2f-a18f-53e8c59a38eb,0.00,0.00,0.00,60.00,12.50,89.50
954a07b2-61de-4dea-8814-f70f45c05402,60.00,10.69,76.72,0.00,0.56,4.03
954d5011-cf52-4c62-938f-a8234747b720,0.00,0.00,0.00,0.00,15.98,111.88
95800b32-bcd7-46bf-aecc-2a8f6b386e1f,60.00,10.13,72.98,0.00,2.37,16.52
958d853b-cbd9-44e0-85a5-542dc501ce92,60.00,17.00,118.00,0.00,0.00,0.00
95a12b0a-2692-4558-b1c0-2abe3a8855f7,60.00,10.17,71.26,0.00,2.81,19.62
95acadc2-7b35-4318-b007-bda00ec5b16f,0.00,0.00,0.00,60.00,15.00,105.00
95b66a1f-11e5-4f8c-8723-a4bb72be841e,60.00,9.84,70.94,0.00,2.66,18.56
95f6418a-59c2-49cb-9c0e-d340768ca434,60.00,16.80,117.49,0.00,0.20,1.51
95fbb78d-44be-4d41-a768-45982beade5e,60.00,10.20,73.46,0.00,2.30,16.04
962b9796-8816-4faa-9ba4-741cfa4de40c,60.00,13.73,126.89,0.00,0.77,3.11
96497ba4-06ed-4afc-a7fb-67686ba02707,0.00,0.00,0.00,60.00,10.42,75.42
9650679e-c15c-4338-b0f5-bccf72c75277,0.00,0.00,0.00,0.00,0.00,1.00
9653da2b-c820-47f2-93ca-d9d12ad65304,0.00,0.00,0.00,60.00,12.50,87.50
965a2b36-65fa-42d3-a768-e21d6de34218,0.00,0.00,0.00,60.00,14.00,100.00
966f1d0c-cc52-4250-9057-f6f39ae227d6,60.00,8.23,57.66,0.00,2.27,15.84
96950008-a077-4b10-81fd-ec52e1547893,60.00,17.00,119.00,0.00,0.00,0.00
96c0bea4-0acd-471a-b765-ccdf9bad5491,60.00,11.68,83.91,0.00,2.30,16.00
96c0fb72-08aa-4623-a888-c2c66367b11b,0.00,0.00,0.00,60.00,24.00,168.00
96e29a61-3372-48c1-9e39-70e90422836a,60.00,15.37,107.61,0.00,0.63,4.39
96e37e01-714e-4b48-96e0-5f832608403b,60.00,11.63,81.49,0.00,1.85,12.89
9705026b-788b-4fc5-a644-578964745343,60.00,12.23,87.56,0.00,0.77,5.40
970fedb0-be4c-412e-aa34-42441bc74ac2,0.00,0.00,0.00,60.00,24.00,168.00
9712785a-462b-428d-b50c-59d00bca28bd,60.00,12.50,89.50,0.00,0.00,0.00
9721744e-4666-4fee-b1ee-9c894d213ece,60.00,10.58,74.31,0.00,2.90,20.07
9754b5a6-6af9-4e81-addb-ed0ba91fcb10,0.00,0.00,0.00,60.00,10.00,72.00
97695fb7-9460-4fff-b2fd-348f519808fe,60.00,11.31,77.93,0.00,2.67,21.99
9794b90e-6326-44ef-bdf5-83a6d1ba388e,60.00,8.72,61.10,0.00,2.28,15.90
979cc8a7-537b-4fc0-ba2f-ec41864f2b53,60.00,11.20,78.48,0.00,2.05,14.27
97cbc4cf-4ced-4436-94df-fcbdb8e70bed,60.00,9.63,67.50,0.00,2.87,20.00
97d882d3-1cf6-4260-a578-1b53b140aec0,60.00,8.23,57.65,0.00,2.27,15.85
97dd66d5-660c-48eb-8b5a-792c529ec4dd,0.00,0.00,0.00,60.00,14.98,114.88
97f174ce-da22-42df-ae08-619a78ece4fa,0.00,0.00,0.00,60.00,14.00,100.00
97fea5f1-dbf6-4107-9878-1c1ebcb0d01d,0.00,0.00,0.00,60.00,7.92,67.97
98091932-5686-45c5-8630-dee33132b572,60.00,14.25,99.49,0.00,2.73,19.40
981dd0dc-1b9e-4549-ada9-07467c793851,60.00,16.82,117.66,0.00,0.18,1.34
982422e6-534e-4ead-9020-18c12e574323,60.00,14.98,107.38,0.00,0.00,0.00
982a4756-42b3-4e29-ae84-27ee5f50977f,60.00,16.71,116.86,0.00,0.28,2.03
982bc638-b74b-4cc0-873a-11a08a48e99c,60.00,13.96,109.53,0.00,3.01,11.18
983d4510-05c8-48f1-a063-cd3936dbac9f,0.00,0.00,0.00,60.00,11.00,77.00
984cdab9-8098-4517-b97c-317849725b72,60.00,9.98,67.93,0.00,2.52,21.57
9858cbdb-5401-4bf3-99b7-de2431ed2d2d,0.00,0.00,0.00,60.00,11.50,80.50
9876f2cb-3fbf-4b70-acb6-7393bf5999d6,60.00,8.83,59.93,0.00,0.10,0.57
98868a07-8ad9-4cde-9d8d-f7978d2a9490,60.00,13.39,92.66,0.00,0.59,6.26
98a1bad7-6717-49c3-82ea-87b82269dd43,60.00,14.27,92.28,0.00,1.73,35.68
98a66732-cad5-4434-a42b-fef1d57ed696,60.00,8.97,62.88,0.00,2.03,14.12
98bd1a08-6c3e-4cc2-a808-d3a61b0d82f4,60.00,12.56,89.60,0.00,0.44,3.40
98d52fcf-9f0d-4df9-a6fc-3fb593286cdb,60.00,11.18,79.98,0.00,2.80,19.93
98f5a8db-7d46-4204-9d06-bda639f4e84e,60.00,10.57,76.04,0.00,2.43,16.96
99022b7d-c1ce-4cc6-8a66-e375d25973e7,60.00,11.17,78.16,0.00,0.83,5.84
9925ca1c-2cad-4e90-8e81-238d73b56466,60.00,10.63,74.70,0.00,2.87,19.80
993c19a5-5140-42b6-a410-da7eee517c67,60.00,17.00,118.00,0.00,0.00,0.00
9947ee90-7118-496e-a9c4-3b506ba0b6eb,60.00,10.05,72.44,0.00,2.45,17.06
997cd76a-0619-45ad-98f1-f7be34906958,60.00,13.14,91.99,0.00,0.34,2.40
998908df-83f0-4f4e-b144-b7ffa7729eca,60.00,12.50,89.50,0.00,0.00,0.00
99a9f201-86dd-4949-abe2-b0f96f1a33bc,0.00,0.00,0.00,60.00,15.00,105.00
99bf489f-069f-4bea-9ac6-1af2edab9efe,60.00,11.46,82.30,0.00,2.53,17.61
99d45a84-b184-4cde-856a-489abe0b5695,60.00,11.69,83.95,0.00,2.29,15.97
99e2f23b-535b-4e14-9665-1b11b1b2b93b,0.00,0.00,0.00,60.00,13.00,90.00
99eb6c03-df6d-4a6c-8cd0-6df65f30d6f4,0.00,0.00,0.00,60.00,13.00,91.00
9a04e06f-3e94-4c65-99d1-ba5ed05dd33e,60.00,9.98,69.96,0.00,2.52,17.54
9a2379da-e7ac-40f4-badd-d29d4075e763,60.00,11.00,76.01,0.00,1.00,7.99
9a35d48b-4cd8-458d-9562-bdde949503a6,60.00,8.53,56.76,0.00,1.97,16.74
9a3d91ab-e42a-4ae4-b9b3-a8511fdc7477,60.00,12.43,88.75,0.00,0.57,4.25
9a42ba06-dd31-4dcf-8925-b37c7fdd3601,0.00,0.00,0.00,60.00,13.00,93.00
9a48fced-3212-45cb-ae7d-f5a7f619a29d,60.00,8.74,61.28,0.00,1.92,13.39
9a6f73e4-264e-4b44-8c43-f2f7e381fd27,0.00,0.00,0.00,60.00,10.42,75.42
9a751871-5143-4f7e-802d-d0b5588109d2,60.00,10.00,70.50,0.00,0.00,0.00
9a81e798-43ae-4147-9402-361f02b98689,60.00,11.22,80.41,0.00,2.76,19.51
9a88f20c-79e7-4c88-aed3-883eb34d650e,60.00,8.16,58.82,0.00,2.34,16.68
9a8fb34e-32c3-444d-8263-a8138b1254de,60.00,12.00,85.97,0.00,0.00,0.00
9a909013-1d1d-42b9-a0cf-b7d1455b7260,60.00,10.87,76.18,0.00,2.63,18.32
9a91577c-dfd2-483a-b96e-33b47fc7b359,60.00,8.98,62.93,0.00,2.02,14.07
9a9cb04a-eb9c-4cd7-ac8f-06dcc8dcb6db,0.00,0.00,0.00,60.00,16.00,114.00
9aa7bb1e-6fc3-428f-8675-0b5b8441b316,60.00,10.35,74.47,0.00,2.65,18.50
9aeb7e38-8371-4f60-8f8d-c1fe760d48f1,0.00,0.00,0.00,60.00,13.50,96.50
9b0dd774-9ae3-421c-92c0-18523bf4df2d,60.00,11.55,82.92,0.00,2.45,17.08
9b299aaa-13d1-4be3-8454-6d49301460cf,0.00,0.00,0.00,60.00,12.83,89.83
9b2b5d82-276a-4544-8666-9d70a0d75c00,0.00,0.00,0.00,60.00,13.50,94.50
9b38557c-70fb-4598-92a0-b0d5ea60d566,60.00,17.00,119.00,0.00,0.00,0.00
9b480687-5489-4f40-a657-2ef2ecd07f88,0.00,0.00,0.00,60.00,11.50,80.50
9b51ba1f-527b-4ab8-b2e1-8c48fa2fffc7,60.00,10.55,75.93,0.00,2.45,17.07
9b7f2e9f-e037-4c25-a6ee-05ea866dcc54,60.00,13.65,95.67,0.00,1.84,12.83
9b886a76-e306-4376-be5b-99ecbbcf496a,60.00,11.55,82.90,0.00,2.45,17.10
9bb308ee-46ad-49ee-a69e-9184e1a63bab,60.00,14.27,100.54,0.00,0.23,0.96
9bc2ddee-7ee2-46b8-98d2-d1ca495f43bd,60.00,13.32,93.33,0.00,0.18,1.17
9bc4ca49-6edb-412b-8b75-ce207dc6e6e0,0.00,0.00,0.00,60.00,7.50,51.00
9bd7eda7-0bfc-4565-9471-061f680f2847,60.00,8.36,58.60,0.00,2.64,18.40
9bdcceec-9de9-4885-a407-3d4a3ac76a9d,0.00,0.00,0.00,60.00,14.00,100.00
9bec06df-8aa0-45c7-92b4-b4f72cdadb46,60.00,10.74,76.13,0.00,0.26,2.87
9bfff6a7-a8f5-4a4b-8084-a1cc69e75cc2,0.00,0.00,0.00,60.00,11.50,80.50
9c3d54fd-d401-4c28-a9c5-ee559d76366c,60.00,13.42,93.85,0.00,0.06,0.54
9c3f2ec7-8348-4e2b-a8b2-273eaa9f1b16,60.00,17.50,122.50,0.00,0.00,0.00
9c573b1d-d256-4bfe-86fe-bfa4161522bf,60.00,8.72,61.13,0.00,2.78,19.37
9c6eea83-f1ef-47fb-ba14-34fa98cc55d1,60.00,9.55,66.92,0.00,2.45,17.08
9c745fa0-edbe-4f27-acdc-76884d2171fe,60.00,8.36,58.62,0.00,2.30,16.05
9c86dde5-b712-4125-9e62-231d358d13f6,60.00,11.43,82.12,0.00,2.55,17.80
9c8e341c-31c4-46f5-a8b0-a6554c2be7a9,60.00,10.10,70.74,0.00,2.74,19.09
9c8ff64b-e83d-42b7-a85f-e4da4ab88fdb,0.00,12.66,93.13,60.00,3.32,17.75
9c9393b7-568e-462a-8c0d-fb32da0009ab,0.00,0.00,0.00,60.00,17.98,125.88
9cb27797-5d3f-4fa5-a146-887a921fb06e,60.00,13.20,92.25,0.00,0.30,2.25
9cb6745d-b79b-4cd8-aedd-f52fd38f0e9a,0.00,0.00,0.00,60.00,8.98,72.88
9cbc2d93-ae5a-473e-b529-2d27e73d7e24,60.00,10.05,72.45,0.00,2.45,17.05
9cbc9b05-a356-4957-8933-634bffd34438,60.00,8.77,61.49,0.00,2.56,17.84
9cc39740-dfe3-4b09-a078-55eedd1ef142,60.00,12.50,87.50,0.00,0.00,0.00
9cedf614-ae9b-48d5-9de9-96f04b128bb6,60.00,17.00,119.00,0.00,0.00,0.00
9cf1b119-e7c5-454c-bb5f-c9038fcfdbcf,60.00,13.15,92.01,0.00,0.34,2.37
9cfbc6f0-d438-4796-b3de-a430831e11bf,60.00,9.64,67.53,0.00,0.61,4.22
9cfcfd70-04b5-40b7-a82c-ab31dd77d790,60.00,8.64,60.53,0.00,2.36,16.47
9d05fbaf-733b-4b74-af6f-d06d99512165,0.00,0.00,0.00,60.00,17.98,125.88
9d07beef-b640-40ed-b291-c2cfea2bd1f5,60.00,8.98,62.93,0.00,2.02,14.07
9d27d66b-52c3-43b2-898c-bbfb8ed50eac,60.00,16.98,118.88,0.00,0.00,0.00
9d7ef1f2-f19d-431b-aaa2-e70f3e4e1d91,60.00,9.72,70.12,0.00,2.78,19.38
9d824bcd-b889-4067-ad3a-6fc4122fc754,60.00,18.00,126.02,0.00,1.00,6.98
9d8f1a12-0ff6-4258-902e-94a3cf5e170b,60.00,11.32,78.92,0.00,2.52,17.91
9d939044-4693-4371-b749-c7a02464aabc,60.00,9.24,64.76,0.00,1.76,12.24
9d9be2ef-0277-468b-a471-8b273262f6e1,60.00,11.67,83.80,0.00,1.81,12.62
9db9935b-b21a-4084-851e-ed6e21096543,60.00,10.54,75.85,0.00,2.46,17.12
9dc1c172-7600-4d81-98f4-5a72d366dc94,60.00,16.78,117.39,0.00,0.70,5.00
9dc9895f-b202-431a-a6aa-16eb8723d5d7,60.00,8.16,57.16,0.00,2.34,16.34
9dd990b3-e845-4db9-93de-e5e10310a6cb,60.00,8.97,62.85,0.00,2.03,14.15
9dffd890-d963-4562-b65a-8bf78ec36036,60.00,8.95,62.75,0.00,2.05,14.25
9e0dac02-e2cf-48bd-9b4e-3b0ed1901b54,60.00,12.53,89.81,0.00,1.47,10.19
9e107b58-e11a-4110-80f9-e8d3b46a14de,60.00,10.15,71.16,0.00,2.35,16.34
9e12cf37-9ef1-4ae0-8ddb-12260b905af6,0.00,0.00,0.00,60.00,24.00,168.00
9e13ede0-9363-4f5d-8b7c-855c5ea27d52,60.00,12.50,89.50,0.00,0.00,0.00
9e150c05-e66d-4dc4-a93a-7aaa6922c187,60.00,12.50,87.50,0.00,0.00,0.00
9e314209-2c55-41cf-af54-0f4ff3839c96,60.00,11.48,82.46,0.00,2.52,17.54
9e3c4e79-1c02-4d8e-abc6-4f33c8b3db82,60.00,16.89,118.13,0.00,0.10,0.76
9e421a56-0363-4401-a6d7-d7071027b936,60.00,8.69,57.88,0.00,1.98,16.79
9e49f3f3-4400-430f-9eaf-a9ab4b365408,60.00,7.61,33.27,0.00,2.89,40.23
9e508b10-7191-42f6-93e2-7dcb236294c1,60.00,12.50,85.20,0.00,0.50,7.80
9e591792-4c1e-4506-9a58-925c7cf06152,0.00,0.00,0.00,60.00,13.50,94.50
9e95e624-f3ea-447a-81d1-225b9422fe70,60.00,10.42,74.97,0.00,2.58,18.00
9ea11a8a-9631-4389-b1cb-7fcbe7c087ba,60.00,8.88,62.26,0.00,1.79,12.41
9eb8c1f0-4922-4ddf-b6ca-d0fe1ca4d571,60.00,11.98,83.76,0.00,1.50,10.62
9ec72748-4e52-4707-8eb0-c24ece8b5aed,60.00,9.41,65.93,0.00,2.09,14.57
9ed04d15-fd34-4ba2-8ab7-55d32d1c44c4,0.00,0.00,0.00,60.00,12.50,89.50
9ed3cf4d-c119-43f2-90bc-92a837bff096,60.00,8.65,60.62,0.00,2.02,14.05
9f0c76ba-d3b7-4ea7-9711-d1804374f72a,0.00,0.00,0.00,60.00,10.50,73.50
9f21d406-65e5-4af0-bba4-36b5c2191087,60.00,9.51,76.52,0.00,0.24,1.72
9f663945-ccff-4e27-8d14-3782c2a0e519,60.00,10.68,77.59,0.00,2.80,16.79
9f669af0-c870-4397-848f-3cf56986c2a3,0.00,0.00,0.00,60.00,14.75,103.50
9f7cdf49-0172-44d6-94ce-d8cb7fe74320,0.00,0.00,0.00,60.00,10.00,73.00
9f84465e-a400-4b32-b69d-43674798afd9,0.00,0.00,0.00,60.00,12.00,84.00
9fd9d47f-9420-4e13-9ba7-ec1f1e297b6b,60.00,11.59,83.23,0.00,2.41,16.77
9fdce0a6-8841-4262-91e0-2116a7b9a30a,60.00,10.25,71.75,0.00,0.00,0.00
9fdd5bc3-fae5-4595-9a9f-dd163d90e1e9,60.00,13.42,95.66,0.00,0.58,4.34
9fe432c5-c053-4951-abdc-4e8a5c1b3256,0.00,0.00,0.00,60.00,24.00,168.00
9fe98b65-b812-45d7-8193-f3ddfc2dafd2,60.00,10.08,70.64,0.00,2.75,19.19
a02a8241-167b-487e-b214-14b264781485,60.00,16.90,112.20,0.00,0.10,5.80
a03c04ec-2a54-4eb0-a204-c8d03ce7fefa,60.00,8.68,60.85,0.00,2.32,16.15
a03ea52a-6223-461d-b7ea-cfd644a3750c,60.00,9.57,67.00,0.00,0.18,1.25
a0458e17-79d9-4516-97eb-6832fe728c2e,60.00,12.50,87.50,0.00,0.00,0.00
a04c187e-3d91-4474-bf8c-2e6cb5c0159b,60.00,10.08,70.64,0.00,2.75,19.19
a05f10cc-b330-4115-b104-7bbbe5638eab,60.00,13.26,90.59,0.00,0.23,5.91
a06f2e63-1dd4-484f-a7a7-71a5dc60d5d6,0.00,0.00,0.00,60.00,11.00,77.00
a09f0820-ba97-470e-9485-f6938024d785,60.00,10.29,67.76,0.00,2.70,19.14
a0a31b95-d9bb-495b-83fc-108ff32708c9,60.00,10.02,72.19,0.00,2.48,17.31
a0bdfe5d-2558-4fbd-9cb5-70dbd0d1b78a,60.00,12.50,87.50,0.00,0.00,0.00
a0c119ad-b6c1-4488-89b7-bf93c24875e4,0.00,0.00,0.00,60.00,13.00,103.00
a0c7cfec-e816-460c-9a94-e1477e93e636,60.00,8.86,62.12,0.00,2.14,14.88
a0f6b38a-7ccc-46fa-9ed9-ef4fa134ba52,60.00,12.88,86.13,0.00,0.62,8.37
a1320b77-7b49-42f4-8ad5-90bc69a79cbe,60.00,10.51,75.65,0.00,2.49,17.32
a1350619-7ea4-4910-a05f-d91b83f928fc,60.00,16.91,118.27,0.00,0.59,4.23
a14195f0-a93a-42be-9197-5573d4448d47,60.00,17.00,121.00,0.00,0.00,0.00
a148bdeb-c9d4-40f4-ab97-cc8b477bef9b,60.00,11.57,81.10,0.00,1.91,13.28
a160909a-70a9-469a-9945-617765ad847c,60.00,3.27,3.27,0.00,20.73,164.73
a175f12f-7a45-4172-8811-6e247431f8ad,60.00,9.89,69.33,0.00,2.61,18.17
a176929d-7275-424c-9247-8cd5dca3c0c2,60.00,13.33,93.37,0.00,2.17,15.12
a1838af4-71d2-40f3-98bd-001573fb7c2a,60.00,17.84,124.88,0.00,0.16,1.12
a19a8d90-b6a5-4743-988c-4a3f16828161,60.00,16.90,118.22,0.00,0.10,0.78
a1aaef94-aa42-4289-aaf0-ce2b84ab7768,60.00,9.75,68.25,0.00,0.00,0.00
a1b91f50-3cc6-43ad-b803-5d179ea0a124,0.00,0.00,0.00,60.00,10.00,73.00
a1bf4cbb-4468-47e8-aaf2-6f938de46ae1,60.00,11.51,79.67,0.00,2.49,20.32
a1ded404-2604-494a-a230-5d26db60b0f7,60.00,17.00,118.00,0.00,0.00,0.00
a1e252e3-c5f2-4324-8182-16c0d0532870,60.00,8.64,60.55,0.00,1.86,12.95
a22839ef-4841-4074-ab1d-f356ae348ee8,60.00,11.98,83.70,0.00,1.52,10.80
a261087b-ca76-44e9-9a99-8299adf6c09a,60.00,8.69,62.94,0.00,1.81,12.56
a2a80ce0-79fc-4971-9965-55cd7760bafe,60.00,16.81,117.62,0.00,0.19,1.38
a2b7f12a-763b-40b1-a025-b106e2ddea34,60.00,8.13,59.75,0.00,2.87,16.75
a2baf926-1bff-4b0f-93f8-f947a4160a1e,0.00,0.00,0.00,60.00,10.00,73.00
a2e05d42-50d5-4127-885b-9fa228ba8b8c,60.00,13.27,92.81,0.00,0.22,1.57
a2e233e7-989a-4191-a73f-943a56916d3e,0.00,0.00,0.00,60.00,8.00,68.00
a2e71b56-7126-4aa6-a97b-666390a1f464,60.00,12.54,89.84,0.00,1.46,10.16
a301b7d5-a88d-4323-92c1-c57fb3ef19bd,60.00,10.25,71.85,0.00,2.25,15.65
a301c867-9cfe-41d5-81f5-a3fab06d71ef,0.00,0.00,0.00,60.00,14.00,100.00
a31edf38-fdc9-4087-b9b4-f5d95727cb42,60.00,9.96,69.82,0.00,2.87,20.01
a31f541e-f061-4ec9-a623-e5cd836fd0a0,60.00,8.84,61.96,0.00,2.41,16.79
a337d6b6-5fe0-443e-936c-60f4ddf4c2a3,0.00,0.00,0.00,60.00,11.25,80.25
a33f0bea-5499-4ba2-aec5-304e10342dad,60.00,8.99,62.98,0.00,0.76,5.27
a33fc88e-0277-49d0-8eb6-f6d1177db494,60.00,15.83,110.71,0.00,0.17,1.29
a358fe54-a184-4122-b7c0-d8772f4d51ff,60.00,8.69,60.90,0.00,2.31,16.10
a360e916-b282-410f-839b-b281d623aaf6,0.00,0.00,0.00,60.00,17.50,122.50
a366aaab-f4cb-4bff-bf2b-f0c4d2691ba8,60.00,9.92,69.51,0.00,2.58,17.99
a36f611c-9c69-4a0e-858d-414179bd4869,0.00,0.00,0.00,0.00,0.00,1.00
a3742906-f8d1-462b-a185-952f6bf3a399,0.00,0.00,0.00,60.00,12.98,90.88
a375eebc-ffe8-4f0c-ab94-361060fd53d5,60.00,10.67,74.77,0.00,2.33,16.23
a3805c5d-e5e6-4458-8b25-14856c87aaca,60.00,12.66,102.65,0.00,3.34,9.35
a388480b-0b36-41fc-8062-6de493c00cf9,0.00,0.00,0.00,60.00,10.00,70.00
a3a98934-9b16-4b30-aeae-00a29f1ac1df,60.00,11.50,82.59,0.00,2.49,17.32
a3b5bcef-dd0d-4159-979a-b96af3184dd8,60.00,8.98,67.95,0.00,3.52,19.55
a3b5fe88-4c52-4c08-a1f8-579e6dd57067,60.00,14.22,99.29,0.00,2.76,19.59
a3c1074f-bfca-4e0c-bd8f-a8cebd415a18,60.00,11.58,83.16,0.00,2.42,16.84
a3c9905a-22a3-4cf1-967b-f7af19bcfb0e,60.00,8.61,60.33,0.00,2.64,18.42
a3d1ec03-9fef-4b4a-9f41-248e7800ea15,60.00,9.87,71.17,0.00,2.63,18.33
a3da50c3-5de5-48c3-8fb7-e63c0881d099,0.00,0.00,0.00,60.00,13.00,103.00
a3dbeade-cb4d-4a73-aebb-c886e83b72ca,0.00,0.00,0.00,60.00,12.98,90.88
a3fed5bd-fb0c-47bd-a021-f11c62a0ab73,0.00,0.00,0.00,60.00,12.98,93.98
a4152362-4f47-4391-9a3c-d97881dadbde,60.00,8.17,57.25,0.00,2.33,16.25
a41abd17-9adb-4bb5-b358-95d406cc68cc,60.00,9.35,65.54,0.00,2.48,17.30
a41aff61-b861-4408-98e5-3ba2798ac1ed,60.00,9.72,70.11,0.00,2.78,19.39
a4290f3b-18f2-4109-8436-f279569d8387,0.00,0.00,0.00,60.00,11.50,80.50
a42f603c-fd5f-4690-afca-56a5847b428b,60.00,11.32,79.29,0.00,2.17,15.10
a43f034e-bd63-4ea6-815e-6d77a7d284e5,60.00,12.88,102.44,0.00,0.12,0.56
a4454956-2526-48e4-9906-492d4dd43708,60.00,14.47,104.75,0.00,0.53,2.75
a45d15a6-9cb8-46ae-80ce-2418a947709f,60.00,14.47,129.84,0.00,2.28,9.16
a48af4b9-dab0-4f0e-b12a-734e4f116025,60.00,11.59,83.25,0.00,2.39,16.66
a497a00b-a3f9-4fef-9049-acb04a811a58,60.00,10.57,73.05,0.00,2.43,19.95
a4a7614f-5dca-4afb-ad4d-3a7540201f4e,0.00,0.00,0.00,0.00,0.00,1.00
a4ad8994-e90e-490d-a6bd-12015aa4a8f1,60.00,10.34,72.49,0.00,2.49,17.35
a4cc3642-7df9-4328-b6b8-0e21fd34de20,60.00,8.86,62.12,0.00,2.14,14.88
a4d20d76-fa31-408d-9528-18b0757c60a4,0.00,0.00,0.00,60.00,11.00,79.98
a4d6a924-6481-4cfa-b142-5b047aab277d,60.00,24.00,168.00,0.00,0.00,0.00
a4db7589-6b17-4c9b-80c5-fa27de6e37a1,60.00,12.02,86.42,0.00,1.96,13.50
a4df243e-6958-47bb-b908-ed60da008b32,60.00,17.00,119.00,0.00,0.00,0.00
a4e500f1-8497-4e44-b461-d2c5342b6371,0.00,0.00,0.00,60.00,10.00,72.00
a4f61ed3-25a5-402c-a600-08a0ae454cbb,60.00,11.45,82.84,0.00,1.39,12.99
a4feed1c-7b14-4aac-b379-3fff1a342c99,60.00,17.00,118.00,0.00,0.00,0.00
a50683ae-6f20-445a-8665-6fbb4209a702,0.00,0.00,0.00,60.00,12.50,87.50
a522ccf7-5a94-459c-86ac-dfbd5706e0c3,0.00,0.00,0.00,60.00,17.00,122.00
a5259d44-0e43-450c-b1b5-c4637c5d3ccf,60.00,12.93,102.83,0.00,0.07,0.17
a5583bd3-c8ee-41d4-ab13-a82a10a0a7c4,0.00,0.00,47.09,60.00,15.50,61.40
a55e84f1-15ac-4c11-987f-c058f22f0eed,60.00,10.58,76.97,0.00,2.90,17.42
a5acef1c-faec-4c3e-a4de-b862e7f453a0,60.00,8.86,62.09,0.00,2.14,14.91
a5b29f8b-1f73-444e-9be6-7896111081e2,60.00,17.00,118.00,0.00,0.00,0.00
a5bc44ac-0628-480e-8e02-814b887700f8,60.00,18.98,132.88,0.00,0.00,0.00
a5cb9628-6a3b-46ca-b584-e170c984bc46,0.00,0.00,0.00,60.00,12.00,84.00
a5e34c97-d0ac-4cfa-a5f9-ed6b841a10f5,60.00,8.73,49.63,0.00,1.77,23.87
a63a71d8-c4d2-4b3c-989e-624f994eaa79,0.00,0.00,0.00,60.00,9.75,78.22
a64ff40f-2fb3-446d-9efe-dfc36a31a202,60.00,8.73,59.39,0.00,0.19,1.11
a6524c99-f92b-410c-a23e-8d3097c189c4,0.00,0.00,0.00,60.00,14.00,100.00
a6545d60-dff8-44c6-81da-8b3f60347165,60.00,9.80,68.76,0.00,0.20,3.24
a65bcf7b-0cc8-4718-ad72-b929ecc85d96,60.00,10.81,75.68,0.00,0.44,3.07
a65bf621-0814-4625-9ca5-ff5888fe4434,0.00,0.00,0.00,60.00,15.50,88.47
a65efdb1-1057-429e-9c94-ca0d6fd355e1,60.00,17.00,119.00,0.00,0.00,0.00
a677e7c4-0e41-4543-8077-ddb19eaaaf85,60.00,17.00,118.00,0.00,0.00,0.00
a6917f89-3912-4e92-ad55-cc0769bf421f,0.00,0.00,0.00,60.00,14.00,100.00
a6a65f8c-7d89-4748-a9a7-7466be829ef3,60.00,10.05,70.46,0.00,2.45,17.04
a6b40aca-7bb5-4eed-bcb3-2f6c6218902d,60.00,11.65,83.62,0.00,1.85,12.88
a6b5c2b3-d3b7-44f6-9ac5-ef49316b2c54,60.00,10.22,71.61,0.00,2.28,15.89
a6c53cb7-049a-40af-bccb-6527402de547,60.00,11.58,80.12,0.00,2.42,19.88
a6c767d6-c476-4f5d-93c1-dff5e6d00964,0.00,0.00,0.00,60.00,14.00,100.00
a6c90d09-3860-4605-9d66-010d948bdf9f,60.00,16.65,113.43,0.00,0.34,4.45
a6da3f97-de0c-4cf9-8547-b71a34939083,0.00,0.00,0.00,60.00,11.50,75.98
a6de50fe-43e6-4cad-860c-f0f264e991f4,0.00,0.00,0.00,0.00,0.00,35.50
a6e1ccaa-30b6-4ace-8f98-8149c3929de2,60.00,8.92,60.46,0.00,0.01,0.04
a6ed4324-d793-41fd-91af-bca2141a234d,60.00,7.77,67.49,0.00,0.22,1.49
a7125ff3-49cd-4637-af07-00161aeabdc4,0.00,0.00,0.00,0.00,0.00,68.20
a728722a-b84e-4322-9382-337179cf5b4f,60.00,12.50,86.50,0.00,0.00,0.00
a72bd6d7-740a-489b-8bb8-5b94ae19d1e9,0.00,0.00,0.00,60.00,12.50,89.50
a7375093-8b98-4660-887f-c5f5ed85835a,60.00,10.57,76.07,0.00,2.43,16.93
a73b324c-d6d1-480d-a31c-e4215d6709e1,60.00,8.84,61.99,0.00,1.82,12.68
a73df026-bb9e-4120-828d-d6f81df993b9,60.00,9.00,64.99,0.00,0.75,5.26
a74d9d7a-7ff2-4f0d-a6ff-2c40f0d48a3a,60.00,8.98,62.94,0.00,2.02,14.06
a75bd378-8899-45a6-be47-dcd22d847965,60.00,8.31,58.24,0.00,2.36,16.43
a76a4e96-a655-4110-adbe-393daa1d6532,0.00,0.00,0.00,60.00,13.92,91.00
a76b0b1e-2a8b-4790-b1b1-0f32f5cbf70f,60.00,6.57,56.98,0.00,4.43,20.02
a76fa00b-781f-435a-89a7-49b91b99a6f4,60.00,15.78,110.40,0.00,0.20,1.48
a792089b-e23d-435f-bc18-113b7cc95e11,60.00,14.03,97.91,0.00,2.97,21.09
a79fae90-aa6c-4b5c-b7fc-42d0a888811c,60.00,12.71,90.67,0.00,0.29,2.30
a7ac531d-96e9-4f5f-9bba-4eabfed4af25,0.00,0.00,0.00,60.00,11.00,77.00
a7b059fe-7bda-4944-8665-19d591464e5d,0.00,0.00,0.00,60.00,14.98,107.38
a7b43b9c-f5d3-477b-b839-311bd37265cb,60.00,13.56,95.01,0.00,1.94,13.49
a7b8a2a9-792b-466f-9a32-e35820da053c,60.00,9.09,63.75,0.00,2.41,16.75
a7c0a508-6081-4470-ba1b-0ee011be58c6,60.00,18.96,131.71,0.00,0.04,1.29
a7c4d1e7-ec36-453e-ae1d-5ee1f735faca,0.00,0.00,0.00,60.00,10.00,72.00
a7dc6b8e-384b-42b1-a77e-8433c1af322a,60.00,9.90,64.57,0.00,2.60,22.93
a7e73b18-6383-4cc0-90c1-1ae41fe725e2,60.00,13.35,95.40,0.00,0.63,4.52
a80ac32b-614a-455b-89b6-cec65c167620,60.00,8.85,62.00,0.00,2.15,15.00
a831e903-99c3-458c-82d0-672617656b3f,60.00,14.06,98.27,0.00,2.92,20.62
a857b233-2034-46cc-86b6-e7d4872d0e55,0.00,0.00,0.00,60.00,13.00,90.00
a858f1f0-efd6-4df3-892e-3d1aa6680189,60.00,16.77,117.30,0.00,0.71,5.08
a869381b-f99f-4134-a95d-aeb252a707a9,60.00,12.43,89.07,0.00,1.57,10.93
a8820734-0192-48d9-8c97-cd1eb15feb67,60.00,11.21,82.34,0.00,0.29,2.16
a8b8c7a4-86c4-4b04-a6c8-21627d8e9df8,0.00,0.00,0.00,60.00,13.92,91.00
a8bf9ee9-babb-469f-917c-8a638579b695,60.00,9.07,63.61,0.00,2.43,16.89
a908a593-e26b-43cc-8944-4bb5a9716057,60.00,10.06,72.53,0.00,2.44,16.97
a91a483d-1138-4651-9a5c-4f3051afccc6,0.00,0.00,0.00,60.00,12.00,94.50
a920a0e7-c321-4733-9917-50aa8e0de1e8,60.00,5.31,52.35,0.00,5.19,21.15
a928bfb0-bca7-42c7-88c7-fd98e058d53f,0.00,0.00,0.00,60.00,12.50,89.50
a92a03fc-a8b5-4936-8436-b11041baeb99,60.00,10.50,73.50,0.00,0.00,0.00
a934b731-92a0-4d45-a858-995610e329cc,60.00,11.73,82.29,0.00,0.35,3.29
a94e93ac-a4eb-4efb-a79e-0176af88cc1a,60.00,12.54,89.85,0.00,1.46,10.15
a96d7f73-456f-4270-ac35-77098d5cda4d,0.00,0.00,0.00,60.00,12.00,85.97
a98f9a80-a706-4c61-96af-386e6aa744e9,60.00,9.85,69.04,0.00,2.65,18.46
a99bbef7-054f-42b7-aa0b-56c9797afff9,60.00,11.18,79.95,0.00,2.81,19.97
a9ab292b-2a3b-4ff1-84c2-f7de5a5fae2e,0.00,0.00,0.00,60.00,14.00,100.00
a9ab7ea0-4bbb-4f2b-9b5f-ade87f912a9c,60.00,10.75,74.09,0.00,0.25,2.91
a9beac87-8522-4c52-a87a-05bf3b89e054,60.00,23.98,167.88,0.00,0.00,0.00
a9d56f89-0a00-401b-9c7b-6be813f954c6,60.00,11.22,80.44,0.00,2.76,19.48
a9edfd00-83c9-47a2-9087-c406f1c242e5,0.00,0.00,0.00,60.00,14.00,100.00
aa000994-37af-4aba-a465-c308c7aaf999,60.00,8.76,61.35,0.00,2.74,19.15
aa18d583-5a3c-4c25-a5e0-fdefe2c8a1e6,60.00,8.32,58.28,0.00,2.35,16.38
aa26ed88-2869-4ffb-b44e-463d4a238f12,60.00,9.06,54.40,0.00,1.94,22.60
aa777695-0092-4f26-b535-9f2a26582d65,60.00,8.74,61.30,0.00,2.26,15.70
aa8e880f-827f-45c6-b853-b23ee70610ad,0.00,0.00,0.00,60.00,11.50,80.50
aa8fb44d-93ba-4182-b2c9-2d0be3326597,60.00,6.58,60.99,0.00,5.92,26.51
aae81865-7746-4917-9f0b-78fa788e6986,60.00,8.94,62.64,0.00,2.06,14.36
ab19aa77-1ded-4366-9e72-c5c06514ec5d,60.00,15.92,107.41,0.00,0.08,3.59
ab2ff266-f66e-482a-b965-8215417cd29e,60.00,8.71,61.01,0.00,2.29,15.99
ab337beb-cdd1-4b4a-9198-2a44e6d17e9d,0.00,0.00,0.00,60.00,10.33,72.00
ab340e75-bf5c-438c-858f-7d3739d63a0b,60.00,17.00,125.50,0.00,0.00,0.00
ab39cf54-be48-4f2b-8446-c3d9dcee7927,60.00,8.16,55.84,0.00,2.34,19.66
ab3c3220-1b85-47e0-ba6e-8134dd1579f5,60.00,8.85,62.06,0.00,1.81,12.61
ab403ede-4a74-436d-b90a-c496c7296439,60.00,12.56,91.72,0.00,2.44,17.25
ab568fd3-fee8-423f-84e8-335bd0607343,60.00,10.08,67.61,0.00,0.92,7.39
ab651c82-026e-4e92-8ce1-5cb8f3faf64a,60.00,9.75,70.25,0.00,0.00,0.00
ab658249-73d8-48e1-aa3a-346bb22cbc9d,60.00,12.50,89.50,0.00,0.00,0.00
ab6d58d5-d668-4417-9ae1-db042e9e57dd,60.00,8.82,61.83,0.00,2.18,15.17
ab729179-1d18-4605-a33b-f3ad10f739d3,0.00,0.00,0.00,60.00,24.00,168.00
ab7ce011-ae25-4486-9c16-8e44a0a6236d,0.00,0.00,0.00,60.00,12.98,93.98
ab90bdb7-06fc-46a1-bd81-1cbf8843862f,0.00,0.00,0.00,60.00,8.25,69.75
ab95e433-96e3-4b98-b595-704556af1b34,60.00,10.58,73.11,0.00,2.42,19.89
abb61108-0c16-4131-b50a-df3a1ad41494,60.00,12.50,89.50,0.00,0.00,0.00
abbc2f70-45cc-406e-99b2-5e2910e5af86,0.00,0.00,0.00,60.00,11.00,79.00
abc82718-059c-4ee7-9b75-6e97135fbc51,0.00,0.00,0.00,60.00,10.75,75.25
abc9f096-aa34-45f7-883d-0840d3907ac5,60.00,13.20,88.05,0.00,0.30,6.45
abfc60a6-04e1-4822-bf2d-117f98c0936f,60.00,9.82,68.80,0.00,2.68,18.70
abfdb85a-faed-4d93-8b6c-19188d3a6da7,0.00,0.00,0.00,60.00,10.50,73.50
ac1839d2-8121-4406-a0e1-befeb2763a55,60.00,10.57,78.93,0.00,2.91,17.49
ac27fe93-da15-4ed3-9a07-7160c22f90ac,60.00,14.03,97.93,0.00,2.97,21.07
ac41e3f4-aa60-49d3-ae5a-f74a7f5e9f69,60.00,9.87,69.15,0.00,2.63,18.35
ac5b2ca0-e372-40cd-b61b-693d7bee02bb,60.00,8.83,61.87,0.00,2.17,15.13
ac5ea969-8f43-4cdf-9745-4a98028a949e,60.00,8.90,62.41,0.00,2.10,14.59
ac65db1a-e7ed-45c4-b44a-870145046abc,0.00,0.00,0.00,60.00,11.00,77.00
ac743a32-0342-4990-83d6-e8da44119455,60.00,11.40,81.88,0.00,2.59,18.04
ac76385e-e021-4b36-9f3b-1116de915740,0.00,0.00,0.00,60.00,15.50,108.50
ac7a2fa5-a2ed-44b4-b552-d5b4213036d6,0.00,0.00,0.00,60.00,13.50,94.50
ac8b4b83-fcfd-4c0d-9063-0415e8b09a72,60.00,8.81,61.76,0.00,1.86,12.91
ac9d3cf9-553c-4a47-b428-6cd548031965,60.00,9.09,63.69,0.00,1.91,13.31
ac9fb54b-07e6-4d0f-889c-bafbec6ff54b,0.00,0.00,0.00,60.00,11.00,77.00
acab3e3c-6354-41ba-9cd7-94f83b43c5cf,60.00,16.00,115.50,0.00,0.00,0.00
acbb9bf1-8f94-4adb-8ce4-1b8aa25afcdd,60.00,11.44,82.19,0.00,2.54,17.73
accd7d30-02fb-4fb0-ae26-e164a4f44b2c,60.00,14.07,101.93,0.00,0.93,5.57
acddd512-f61a-43d8-8c80-4f41c64ff7d8,0.00,0.00,0.00,60.00,13.50,94.50
ad0170cb-71e8-4807-b635-764ca52d7035,60.00,12.50,87.50,0.00,0.00,0.00
ad12d339-9948-4b53-b18f-afe10d8674c4,0.00,0.00,0.00,60.00,24.00,168.00
ad30ae93-a289-43c7-b4e8-0561eb03854a,60.00,11.20,80.04,0.00,2.79,19.88
ad4a4c8a-c248-4226-9b30-47c3dc5b743f,60.00,11.65,83.68,0.00,2.33,16.23
ad658f16-269e-4bb1-af8d-c29f47df6f00,60.00,10.24,71.76,0.00,2.59,18.07
ad70d0a7-08f8-4c1c-aebe-256d5f4d78b5,60.00,9.85,69.03,0.00,2.65,18.47
ad86629c-2909-4cea-bf15-5b9685fcb616,60.00,10.09,70.71,0.00,2.74,19.12
ada61de6-ae55-41ac-afca-afe767d44fde,0.00,0.00,0.00,60.00,8.00,68.00
adaf9feb-b191-4338-bbe6-5360ec8f37fd,60.00,17.00,119.00,0.00,0.00,0.00
adb08bb0-2a1e-4f4b-a253-a09c831a1e6e,60.00,8.98,62.93,0.00,2.02,14.07
adc9672e-23c4-4f7d-8416-a96504325c30,60.00,16.80,117.52,0.00,0.20,1.48
adccb22d-f7cf-4400-a3fd-a3fcf5544860,0.00,0.00,0.00,60.00,14.00,100.00
adfd31ae-95cb-4e9f-a3ff-dfb60d40d978,60.00,11.59,83.18,0.00,2.41,16.82
ae1ce22a-f2ba-4e42-a717-6d64a712c72f,60.00,11.06,77.23,0.00,0.44,3.27
ae1ef208-1a3e-4ea7-aaa4-d24047763444,60.00,13.45,97.18,0.00,1.30,8.82
ae20e0f7-cd89-4698-af9b-e1727f78353f,60.00,8.91,62.49,0.00,1.75,12.18
ae2483af-617e-484a-9f03-1bb4f8fca65e,60.00,8.86,62.11,0.00,2.64,18.39
ae27e21e-35e8-4e85-8b79-5a0e0a6ec82d,60.00,8.87,62.18,0.00,2.13,14.82
ae3a009e-b89d-4142-b142-fb99e631c91f,60.00,11.41,90.88,0.00,0.59,3.61
ae5ade88-f2d4-4b1f-b960-d1829e5e0cb1,0.00,0.00,0.00,60.00,13.50,94.50
ae7324cb-f34d-438c-bb48-a3367a3983b3,60.00,24.00,168.00,0.00,-0.00,-0.00
ae74eb81-05ba-4f1d-bc93-bf85f16ca5f4,60.00,13.33,92.26,0.00,0.65,6.66
ae76e5c1-329f-41e1-b917-420267a4bf2b,60.00,8.92,62.54,0.00,1.83,12.71
ae95a608-76f0-4038-a9dc-43069229a03d,60.00,16.83,117.69,0.00,0.17,3.30
aec31305-3984-49b3-bc3a-dec7750f1e77,60.00,13.20,92.26,0.00,0.30,2.24
aecefe43-c64c-4ed0-9e57-5830f806af21,0.00,0.00,0.00,60.00,12.50,87.50
aed004f1-a505-4a3e-8ac9-f6e4f4d85387,60.00,8.98,62.94,0.00,2.02,14.06
aed47c45-0c45-4b60-9b8a-d63b1e6d7a4e,0.00,0.00,0.00,60.00,11.00,77.00
aee36120-f012-4320-ae54-d0112cd383ae,60.00,10.09,70.69,0.00,2.74,19.14
af0ebfc2-fbb0-4551-ae6e-e5091f54f94a,60.00,8.31,58.23,0.00,2.36,16.44
af1a2a2f-41ba-4544-9cab-0f3bc690f3ec,60.00,12.50,89.50,0.00,0.00,0.00
af1a997f-004c-4da1-aca9-dd3419fc94dd,0.00,0.00,0.00,60.00,11.50,80.50
af2dd64a-a149-4c74-98ec-d729a5193880,60.00,10.95,76.51,0.00,0.55,3.99
af3166a8-d552-4fb7-aa9e-57f8858c0af5,60.00,7.83,67.92,0.00,0.15,1.06
af45b5e0-dce8-4772-a7c3-3382b3d107a5,60.00,16.89,118.17,0.00,0.11,0.83
af4b6705-7466-43a1-a847-500426fd00b3,60.00,10.09,70.70,0.00,2.74,19.13
af4ca22d-17cb-4502-8565-10500d93dff6,60.00,9.81,68.71,0.00,2.69,18.79
af4d46c2-c46b-4700-98a3-0c5292264096,60.00,9.62,67.34,0.00,0.63,4.41
af5b359c-2e15-4ad1-a8b4-a6ad1c511e91,60.00,8.75,61.34,0.00,2.25,15.66
af808835-7d03-445b-8a01-3cf98a2f3431,60.00,10.51,75.60,0.00,2.49,17.37
af8aad5e-4857-4276-bfd6-c170a33f5932,0.00,0.00,0.00,60.00,13.50,94.50
afa0d571-a419-40ad-8967-482bd03002c1,60.00,12.50,89.50,0.00,0.00,0.00
afa195ab-c9fe-45a7-996d-f071e2bc7679,60.00,10.18,73.37,0.00,2.32,16.13
afa83e71-2abb-4249-97a3-db0eeb4c6938,60.00,8.41,58.90,0.00,2.26,15.76
afaf5f2f-118d-49c3-9e48-50a55d5267e5,0.00,0.00,0.00,60.00,13.50,94.50
afb4d44f-8005-4ac9-ba2b-0e10700679fa,60.00,9.58,76.04,0.00,0.17,2.21
afc35982-8d07-4171-b900-66a2288ab33f,60.00,11.60,83.28,0.00,2.40,16.72
afc54a63-ee4c-4ba5-822d-afb54a2676ec,60.00,10.09,70.68,0.00,2.75,19.15
afcd0e1f-a8dc-4f43-b665-74921473be47,0.00,0.00,0.00,60.00,12.50,87.50
b011058e-216f-42f1-974d-2591511d63d0,60.00,16.82,117.62,0.00,0.18,1.38
b0141b06-f9c6-4abb-974b-02a69895b9fb,60.00,8.68,60.80,0.00,2.32,16.20
b01678a4-aa67-4618-89fc-8799574c36fb,0.00,0.00,0.00,60.00,13.00,93.00
b027ea14-422e-49c0-aa08-2811186249a5,0.00,0.00,0.00,60.00,13.00,93.00
b02e5816-56c6-4bef-9405-98de50839eba,0.00,0.00,0.00,60.00,18.00,126.00
b03b700b-df85-429f-908a-14bef3fe0c4c,60.00,8.89,62.28,0.00,2.11,14.72
b040c148-43f5-414e-912e-8f2260f5de6e,60.00,17.00,119.00,0.00,0.00,0.00
b048555f-56c0-4af5-b1b9-a672530298b6,60.00,11.29,79.12,0.00,2.19,15.27
b0550b6a-bf9f-42fd-ade3-bb98acd74fe0,0.00,0.02,0.12,0.00,0.00,0.00
b0638033-12bd-4a5d-9d2c-fa1fa78b6490,60.00,12.55,89.90,0.00,1.45,10.09
b071cd56-c96d-488a-82a0-1722ebc023b6,60.00,8.85,62.04,0.00,2.15,14.96
b081b6a6-34cc-4b77-9f91-72b0207225b0,0.00,0.00,0.00,60.00,11.00,77.00
b09a8e44-8412-47a2-ae7f-8baf2db02df3,0.00,0.00,0.00,60.00,10.33,72.00
b0a287ef-7f1d-4f47-8679-b66c3afd9d3f,60.00,12.50,87.50,0.00,0.00,0.00
b0aba79a-8970-4b0d-8986-4981ba6fbaf8,60.00,8.36,60.56,0.00,2.14,14.94
b0acf5a4-3a18-4967-a894-21d69c2a66c1,0.00,0.00,0.00,60.00,24.00,168.00
b0b2f2a1-51f0-4461-8f70-1d923d6be482,60.00,17.00,119.00,0.00,0.00,0.00
b0b5688d-c78a-44ee-af72-e2e946f854a6,60.00,9.72,70.08,0.00,2.78,19.42
b0bf2679-bc55-40aa-9375-8a340e0b6b1e,60.00,11.98,83.20,0.00,1.02,9.77
b0c24be0-0a6c-41fd-ac7e-7ef03f2f2d94,0.00,0.00,0.00,60.00,11.25,78.75
b0cb02c0-c832-4d9c-bb15-c9098b82185b,60.00,16.75,114.14,0.00,0.22,3.62
b0d02a84-eafb-4df0-bd41-8fb104046f71,60.00,11.54,79.90,0.00,2.45,20.10
b0e30b74-48d1-4a84-b387-6958c706362b,60.00,8.96,62.81,0.00,2.04,14.19
b0fb1669-6f32-48ee-adae-efdfa178a95c,60.00,9.72,68.09,0.00,2.78,19.41
b0fb3532-a4ca-4c3a-a7ef-8bac7508444b,60.00,16.90,116.29,0.00,0.10,2.71
b10b99c4-94a5-456a-941e-93396832913d,60.00,8.81,61.76,0.00,2.19,15.24
b10c488a-9b33-49f4-9621-c227becf03cb,60.00,8.69,55.21,0.00,1.98,19.46
b117361e-92d7-4d6c-9ad7-b7f887c9c021,60.00,16.78,117.36,0.00,0.70,5.02
b140caa6-4676-433e-9d5d-24069249ede9,60.00,11.21,80.35,0.00,2.77,19.57
b147440c-f8a1-4774-831a-3fbca8292eab,60.00,10.26,71.92,0.00,2.24,15.58
b1489119-cbe1-4327-8d8d-dd5ed68d59ec,60.00,17.00,119.00,0.00,0.00,0.00
b152506e-910a-49e9-8569-222c292963e9,60.00,17.98,125.88,0.00,0.00,0.00
b153906f-e9c9-4873-811e-21a4d4199a43,0.00,0.00,0.00,60.00,13.50,94.50
b16659ed-94cb-4597-b21a-6c7ff32d1573,60.00,11.26,80.63,0.00,2.74,19.37
b1903b77-ad4b-4a03-bfbf-71156c803b9b,0.00,0.00,0.00,60.00,12.00,84.00
b1bacab0-2d51-47b4-951c-c1ae36296b9c,60.00,13.24,92.77,0.00,0.26,1.72
b1bbc300-1114-47b8-8add-eceb07afd153,60.00,8.75,61.35,0.00,1.91,13.32
b1c308ed-762e-44a3-b4f1-ca65547ea44a,60.00,8.68,60.82,0.00,2.32,16.18
b1cecc14-19ed-4b1f-bbab-5a863443bf6e,60.00,8.63,60.52,0.00,2.37,16.48
b1f2bc63-7297-48cb-ac8b-1443c6519201,60.00,13.42,92.65,0.00,0.58,6.34
b20d425e-f7e0-4478-a3c3-5ef1f4c59852,0.00,0.00,0.00,60.00,10.00,74.00
b223e45e-5688-4044-bcac-26b12961c7a8,0.00,0.00,0.00,60.00,15.50,88.47
b24ded51-f21f-41a3-b546-321b67acde21,60.00,6.15,51.42,0.00,6.35,36.08
b266a869-6d88-453a-a4f0-24b9499dcad8,0.00,0.00,0.00,60.00,13.00,93.00
b273fa75-4bd0-4746-9511-95ca18d56098,60.00,13.42,92.68,0.00,0.58,6.32
b28d0457-067f-4512-881f-01afe8c44288,0.00,0.00,29.56,60.00,11.00,47.44
b29a3ebc-49f8-4580-997c-9a1b0f323fcf,60.00,17.50,122.50,0.00,0.00,0.00
b29e16d2-dae8-46b5-95b8-a1bea190bf65,0.00,0.00,0.00,60.00,12.98,93.98
b2d9a889-f73c-4839-b91d-bed2b28b5d61,60.00,10.14,71.08,0.00,2.36,14.42
b2dd0ff3-d16b-4e34-a59e-1da68c39c80b,0.00,0.00,0.00,60.00,17.50,122.50
b2ec5809-4b9f-458f-a902-e2115136867c,60.00,14.03,97.88,0.00,2.97,21.12
b30fa364-6eab-44c9-8413-72b709abd859,60.00,13.23,88.60,0.00,0.77,10.40
b3165a77-9f20-4200-a91d-4c0b86ab4539,60.00,8.67,60.74,0.00,2.33,16.26
b3258d79-257f-4e26-ae50-1b16f6cfb7a0,60.00,10.67,74.65,0.00,1.33,9.35
b339f6b9-a74c-4ea2-9f8b-544568c007c7,60.00,8.17,57.22,0.00,2.33,16.28
b3607ede-0539-447a-a127-48773ae04848,60.00,9.91,69.44,0.00,2.59,18.06
b391b52f-2f48-48f9-b33d-7683c2731b9d,60.00,11.13,79.73,0.00,2.85,20.19
b3a2168d-f81d-43b5-8801-e34f848847d1,60.00,11.59,83.21,0.00,2.41,16.79
b3d368f7-432c-4f80-877d-0c14d056a809,60.00,9.91,69.25,0.00,0.59,4.25
b3e0fc2a-f7f1-4e56-9349-c876e0a878c7,0.00,0.00,0.00,60.00,15.98,113.88
b3f199fe-92d2-44fa-9863-7a6e58d7250a,60.00,18.04,119.24,0.00,3.45,13.72
b3f44990-10d9-4906-97f6-c22b2f77b80a,0.00,0.00,0.00,60.00,13.50,96.50
b3fb15de-9b6c-409e-baf2-971ecf957163,60.00,12.67,90.45,0.00,0.33,2.52
b4020edf-f4a0-4e45-9259-e440f71c123f,60.00,16.91,118.29,0.00,0.09,0.71
b406b00c-a9b9-42d7-99b0-7c42474ebd77,60.00,14.28,100.71,0.00,0.22,0.79
b4118e62-584b-46a8-aeea-84fe3ba7642d,60.00,15.25,123.00,0.00,0.00,0.00
b411d990-d4d3-4a61-ae98-2c53f1b18e81,60.00,10.53,75.75,0.00,2.47,17.22
b42ce7a2-2ecd-4b40-b30f-f79573a88dd1,60.00,13.20,92.26,0.00,0.30,2.23
b432b139-50be-425e-b326-71ce2544abf9,60.00,8.98,62.93,0.00,2.02,14.07
b4439c93-5b15-43d0-8854-0b4067e26f67,0.00,0.00,0.00,60.00,12.98,90.88
b456e992-8444-407f-b58a-1670a2c24c8b,60.00,11.59,80.19,0.00,2.41,19.81
b466f9b6-9527-4ebb-bca9-e4893f280da4,60.00,12.63,107.27,0.00,3.37,8.23
b46cedd2-2d2f-450a-a020-638cea19da30,0.00,0.00,0.00,60.00,12.50,87.50
b46eeb59-e059-4536-87e1-410ffde5a1dc,60.00,10.58,73.17,0.00,2.42,19.83
b48b7622-2416-4369-9628-554e29ecf0f7,60.00,13.24,92.73,0.00,0.26,1.77
b4941c10-6221-4d53-9f8f-1bb64f963fbd,60.00,8.68,60.80,0.00,2.32,16.20
b4da1367-fa1c-4bd2-9b4e-a695da0d28cc,0.00,0.00,0.00,60.00,24.00,168.00
b4e95812-bc54-43dc-9f8f-842e27facfee,0.00,0.00,0.00,60.00,15.00,115.00
b4f0ae6e-6ab7-4faa-be4b-238451fc2695,60.00,8.47,59.35,0.00,2.37,16.48
b506b2e6-b690-422a-9f97-0d87f2e5ae6f,60.00,12.50,86.50,0.00,0.00,0.00
b526f120-264a-4b72-ae86-3afd3fcc6560,60.00,10.26,71.89,0.00,2.24,15.61
b529aa9c-4ce5-422a-a5b4-3629f93f2699,60.00,12.50,87.50,0.00,0.00,0.00
b532537a-1c1c-4b01-9e73-a25e2a2dc3d9,60.00,11.53,80.79,0.00,1.95,13.59
b553f261-9d5b-4053-8c04-86c1aa0c4749,0.00,0.00,0.00,60.00,10.50,73.50
b55f1e03-2bcc-4849-be51-9ccc64162c90,60.00,11.56,83.04,0.00,2.43,16.88
b570982e-701f-46b6-9dad-33020711f285,60.00,8.98,62.93,0.00,2.02,14.07
b5929a42-1e1c-4ac4-8817-9766e76786d0,0.00,0.00,0.00,60.00,13.50,94.50
b594e97d-4fab-4202-94f8-cb54dcd6b5e3,0.00,0.00,0.00,60.00,12.50,87.50
b59ead9c-c15f-4d5f-8dda-cd348ed5bc22,60.00,23.98,167.88,0.00,0.00,0.00
b5a80364-5c41-422a-a31d-0e97ddce8041,60.00,14.16,98.76,0.00,2.84,19.24
b5bce7b3-f4e2-44d3-b291-88f510515556,60.00,12.65,109.42,0.00,11.35,41.58
b5bdcfac-4b5e-4263-a3e6-1a70632be6b9,0.00,0.00,0.00,60.00,12.50,85.50
b5cbb6d3-46f8-41c1-9d36-f9b477daed44,60.00,8.98,56.95,0.00,2.02,20.05
b5d0a65d-6d54-47aa-95e9-9312f0353326,60.00,12.46,89.06,0.00,0.54,3.91
b5e0bf37-913e-40a4-9f1e-fd873de02553,0.00,0.00,0.00,60.00,7.92,48.00
b5e17610-53e4-4402-99ae-4c9b013bee1b,0.00,0.00,0.00,60.00,24.00,168.00
b5fe57d6-af55-4a80-88fb-b5e9c280e187,60.00,9.67,68.09,0.00,2.83,21.41
b61be1c1-8b71-404a-85c9-092869002590,60.00,9.31,71.66,0.00,0.69,5.84
b6370770-9c60-4059-b70a-d3aa5a2563aa,0.00,0.00,0.00,60.00,10.00,70.50
b6373386-4057-4762-bf1a-f07b4c47c3bd,0.00,0.00,0.00,60.00,17.48,122.38
b6441c87-0ea8-43ae-9a3c-ec08b4bff03d,60.00,11.43,82.12,0.00,2.57,17.88
b6510d6d-37b6-4c9f-a08c-730960768afd,60.00,6.27,53.14,0.00,4.73,23.86
b666183d-975d-4f08-9474-949042d07a59,60.00,14.15,98.82,0.00,2.84,20.07
b681a138-c2f0-410f-8171-9bf1be8f6b56,28.52,13.55,97.81,31.48,3.43,21.07
b6898f84-72ad-4688-ae90-d84911d022f3,60.00,13.21,92.32,0.00,0.29,2.18
b69fd6f9-1ea9-4772-aadb-47f2318c4a7d,0.00,0.00,0.00,60.00,15.00,105.00
b6a66c4e-9ac5-426f-a901-d7a053a4a36c,60.00,8.68,60.82,0.00,2.32,16.18
b6b847d1-a4dc-4339-8b87-cf2dbe6dd16e,60.00,13.50,94.50,0.00,0.00,0.00
b6caf2dd-b4c1-4c41-8670-a5859c575fe0,0.00,0.00,0.00,60.00,11.50,80.50
b6cce054-96ab-425b-803e-5fbd96908c8a,60.00,12.50,87.50,0.00,0.00,0.00
b6f49639-9226-4d00-ae31-1d145be33002,60.00,16.83,117.74,0.00,0.17,1.26
b7200a79-b1ac-4495-beac-0b1f17061fb7,60.00,11.41,81.96,0.00,2.58,17.96
b73cfab1-b68a-4ab4-875b-67c3ed0d37a4,0.00,0.00,0.00,60.00,13.50,94.50
b7474ca0-8205-44c2-bbe3-e164e48464ff,0.00,0.00,0.00,60.00,8.92,60.50
b74e3d67-0986-446e-9c7c-1abc3addee30,60.00,11.49,82.55,0.00,2.49,17.37
b76906bc-ad71-45e6-8241-ce1239fb602b,60.00,16.83,114.71,0.00,0.17,4.29
b76e292d-737b-4a76-835a-9a8b753b2cb5,0.00,0.00,0.00,60.00,12.00,85.97
b7717077-fb1e-48d3-bef9-248eb8d73426,60.00,10.00,72.01,0.00,0.75,5.24
b77cb686-6d32-4813-b0d1-b4d8ff0749c9,0.00,0.00,0.00,60.00,13.50,94.50
b77e20a5-a915-4101-bc88-6591fc28cc06,60.00,12.50,87.50,0.00,0.00,0.00
b792359e-2919-4240-8c9c-8d44f89c87db,60.00,10.06,63.52,0.00,2.44,25.98
b7942aac-4cf8-4c2f-8a85-dba062c4c67e,60.00,8.87,62.15,0.00,2.13,14.85
b7ab1821-9fda-4f35-908b-443f194c957b,60.00,8.98,62.94,0.00,2.02,14.06
b7cf2f10-f34a-4179-ae61-263377e7c998,60.00,8.98,62.93,0.00,2.02,14.07
b7d0bbb6-c8a1-44e6-9d7c-c3796b8fd127,60.00,11.00,79.00,0.00,0.00,0.00
b7eb80e7-4177-4477-89c6-baa7924cad61,0.00,0.00,0.00,60.00,24.00,168.00
b855a988-2700-44a2-a6f2-ebbe44ca9474,0.00,0.00,0.00,60.00,8.00,68.00
b86c20f2-56b1-4f37-a3ee-827449d71650,60.00,8.49,59.52,0.00,2.17,15.14
b8927548-bdef-4988-ad1c-58a1bfdc6556,0.00,0.00,0.00,60.00,13.00,91.00
b8b0ec91-9114-40ef-a744-d717f76f61fa,0.00,0.00,0.00,60.00,10.50,73.50
b8bd678a-0f65-4a95-afb2-c969c3f34db5,60.00,8.98,62.93,0.00,2.02,14.07
b8cb4f94-f77a-490f-b730-ea97d0d01628,60.00,8.44,59.17,0.00,2.22,15.50
b8d11580-8e5b-4aa2-8b13-ea9bef143225,60.00,11.37,79.47,0.00,0.63,4.53
b8d52bde-de0c-415e-979d-f41b42ef884c,60.00,8.58,60.12,0.00,2.09,14.55
b8d95168-60d0-42b9-b63a-d839ecb5aefb,60.00,11.32,81.38,0.00,2.66,18.54
b8d97b60-54a2-4dd2-b8df-8f1d377129f8,0.00,0.00,0.00,60.00,13.00,93.00
b8f24455-b6ba-4e60-8d75-a1f827113a6b,60.00,12.50,89.50,0.00,0.00,0.00
b8f8b20d-a8f1-4fa6-8f11-8e371e06d16c,0.00,0.00,0.00,60.00,11.00,77.00
b91908ee-4776-4b4e-97f6-a367be458a2b,60.00,9.99,72.03,0.00,2.51,17.47
b91bae62-438f-4549-bd46-45580704b5fe,60.00,10.00,72.01,0.00,0.50,3.99
b91c8987-0d4e-44a4-bb15-3811cdaf9f4b,60.00,10.53,78.54,0.00,0.22,1.46
b9236bb8-ad33-49a8-9381-184cd2f7b4dc,60.00,9.79,70.55,0.00,0.21,1.45
b935c05c-fbb6-4501-9f9a-1d4030d9082f,60.00,11.90,85.25,0.00,0.10,0.71
b94116a9-5bfa-4930-9e10-2a165bd581fd,60.00,9.75,68.32,0.00,2.75,19.18
b9423ee8-2b3a-4425-9f7a-21632c89f1fa,60.00,9.49,68.53,0.00,1.01,6.97
b94ab157-fd6b-4ef6-a9db-a32deeba71d6,60.00,13.73,94.92,0.00,0.25,4.00
b94b81cb-3809-494a-b49d-fb8acaebe695,60.00,9.82,68.80,0.00,2.68,18.70
b94ec4d0-884e-4da4-82f0-f55c6fcc83f0,0.00,0.00,0.00,60.00,8.92,60.50
b9658706-c388-4880-89a1-327f195b44c1,0.00,0.00,0.00,60.00,14.98,104.88
b9750b85-c7d7-490b-bbe3-0ccb779f33d2,0.00,0.00,0.00,60.00,13.50,94.50
b975a375-d547-4bda-9a59-73cd39b96a0d,60.00,11.59,83.20,0.00,2.41,16.79
b9797987-ee11-47de-b60a-f6e31f70b945,60.00,16.91,118.30,0.00,0.09,0.70
b97c4e7e-c1f2-4cbe-9f72-3dc9ae5d3585,0.00,0.00,0.00,60.00,13.50,94.50
b982a786-1f5f-4e8c-8cdd-974a4d6eea47,60.00,11.19,80.00,0.00,2.80,19.92
b984c966-d7ac-4a42-8211-775ed9b41881,60.00,11.70,84.06,0.00,2.28,15.86
b98897d9-6ce6-4bdf-bbc0-c0149878cdf2,60.00,8.22,57.61,0.00,2.28,15.89
b9d0fa30-17d7-4427-83c5-95165d3c853f,0.00,0.00,0.00,60.00,14.00,100.00
b9e10eb3-39f8-4cd2-8f8b-cab08ee361fe,60.00,10.03,72.27,0.00,2.47,17.23
b9f70b1e-782c-445c-af9b-5606862688e4,60.00,16.80,117.50,0.00,0.70,5.00
b9f82035-2d7c-4d12-a5c6-8f1b65d5fdb1,60.00,16.67,116.61,0.00,0.31,2.27
b9fc8a4e-d753-4850-a494-c29a03794d42,0.00,0.00,0.00,60.00,14.00,98.00
ba12769e-c79d-40ee-a37d-a4b2f2dbc2da,60.00,12.42,85.94,0.00,0.58,7.06
ba16207e-4688-4a0b-8f5f-8b95abb9c064,60.00,11.30,81.24,0.00,2.68,18.68
ba16b579-49e8-48ae-a214-2d3ae9aa94a8,60.00,9.70,64.95,0.00,2.80,18.55
ba2ad4a6-c754-42f0-86d5-6b0f7479ce3e,60.00,16.70,120.12,0.00,0.28,5.26
ba519add-a4e0-42a7-a559-8bf6aa108ad0,60.00,10.09,67.72,0.00,2.74,18.11
ba52c05e-02a3-4794-92e7-0031522be372,60.00,14.16,98.77,0.00,2.84,19.23
ba60eadc-aacb-4319-8371-9b4bff0238a8,60.00,9.80,65.64,0.00,0.45,6.11
ba6b50ba-31ca-4aca-add1-540d5083707a,60.00,8.56,60.02,0.00,2.10,14.65
ba6bb612-0305-445d-8b40-ba99a139a7c1,60.00,8.82,61.83,0.00,2.18,15.17
ba7f5b92-7c69-4c77-bcee-305e7e3f083d,60.00,14.06,95.24,0.00,2.92,23.64
baa09595-a86a-4fab-bbf0-44c54010a5f4,60.00,12.50,89.50,0.00,0.00,0.00
baa17d5d-989f-4bdf-9ede-505bda85c671,60.00,11.45,82.25,0.00,2.53,17.67
baa60b43-b4ee-472b-93a1-397d5bb86bf2,0.00,0.00,0.00,60.00,8.00,68.00
bab045a1-aaae-41fe-a21c-68f210b08b51,60.00,8.48,59.45,0.00,2.18,15.21
bab07197-bed9-4f19-9a13-5bc1bb7c4bbb,60.00,11.14,78.03,0.00,2.35,16.35
bab4c149-1f42-4aa6-911b-1d14c00091fa,0.00,0.00,0.00,60.00,9.75,78.25
bab7fdae-c38c-4cb8-ae38-ad33a8b58d25,60.00,8.71,61.04,0.00,1.96,13.63
baba6c7c-b6c0-41e0-afcd-e16198e142eb,60.00,15.50,108.50,0.00,0.00,0.00
babb7986-2c15-4859-994e-336440cfc146,60.00,10.50,73.50,0.00,0.00,0.00
bad3c0e6-ad67-40b4-aca8-ce1046b25d68,60.00,12.02,86.34,0.00,1.96,13.57
bad8cf9f-5201-4da2-a1c8-87787537a0be,0.00,0.02,0.12,0.00,0.00,0.00
bae161a4-6583-46ed-8671-c8473e43af1c,0.00,0.00,0.00,60.00,24.00,168.00
bae93b3c-2344-4e50-9817-7d1c037eefb9,0.00,0.00,0.00,60.00,7.00,55.00
bb166fd9-8edf-486c-80c4-dd3bc5211245,42.54,5.99,41.99,17.46,2.01,14.01
bb16d6f5-ba5d-4c44-8386-afaa088465ff,29.81,7.10,69.56,30.19,5.40,19.94
bb3054a5-63f9-4ce7-a7be-b90145c1a469,60.00,8.30,58.21,0.00,2.70,18.79
bb43202a-d38d-4128-b8ea-dc125050894b,60.00,11.61,83.39,0.00,2.37,16.53
bb542533-4057-47fb-b59f-67e997a7628f,60.00,10.34,72.48,0.00,2.49,17.35
bb718d88-5f14-4edf-acf8-1aa912e1b18a,60.00,12.50,89.50,0.00,0.00,0.00
bb7980a5-e7b3-407b-9044-8c924f83be0b,60.00,9.82,70.80,0.00,2.68,18.70
bb7c3148-41ab-4d76-bc01-5456826fba96,60.00,10.45,70.14,0.00,0.89,7.19
bb907cc0-85df-473d-96e7-96739d3ee75b,60.00,11.56,80.02,0.00,2.44,19.98
bbc97678-76a9-46e0-8aef-12bbb847dbd2,0.00,0.00,0.00,60.00,10.00,70.00
bbcc6730-efcb-4b84-aec7-44cc48764c73,60.00,11.61,80.32,0.00,2.39,19.67
bbcc7fef-c648-47fa-834f-7ca3004b68ef,60.00,8.77,66.22,0.00,2.73,16.28
bbeff755-c7fc-4f5b-b899-ce83feb7e404,60.00,8.96,59.79,0.00,2.04,17.21
bbf65bf3-efc6-4668-83a8-6a17a140cfa5,60.00,12.77,91.06,0.00,0.23,1.90
bbf9c46d-ff5a-444e-9c96-e1d95ebaa163,0.00,0.00,0.00,60.00,14.00,100.00
bbfc5e32-5e37-405e-971a-8d75f505a9e2,60.00,9.55,87.11,0.00,5.45,19.89
bc00934e-d89c-4bf6-ae25-86ba83151099,60.00,13.62,88.38,0.00,0.38,10.62
bc0ab8a4-a836-4fe2-ac22-3b466d848cfa,0.00,0.00,0.00,60.00,12.50,87.50
bc29bfe7-18ec-4266-93d4-457f230d48eb,60.00,12.42,85.96,0.00,0.58,7.04
bc3111fd-2f5f-4244-baff-3d7afd5e100b,60.00,9.81,68.75,0.00,2.69,18.75
bc62b511-f08d-47cf-a432-3f15f85530b6,0.00,0.00,0.00,60.00,10.25,73.75
bc638189-13f1-4f83-b1d6-d3ceecf2c6e8,60.00,8.54,56.89,0.00,1.96,16.61
bc65d2ff-41d3-410d-b690-638dc41e7725,60.00,9.15,64.16,0.00,1.85,12.84
bc93b32e-3871-4b61-ade6-ebd5dfc3172e,60.00,17.00,119.00,0.00,0.00,0.00
bc99681a-5fb8-4b63-b86f-f6e88051004d,0.00,0.00,0.00,60.00,24.00,168.00
bca32bb6-b6a1-4ab4-97fc-279ccb3ac3a5,60.00,10.03,72.27,0.00,2.47,17.23
bcac3b69-f68d-45cf-9208-eb9368456c73,60.00,9.69,69.86,0.00,2.31,16.10
bcbb0b03-342f-4009-8bc0-de96d53b6c2a,60.00,16.82,114.68,0.00,0.18,4.32
bcd9b42a-e828-41ab-8065-dd0b099b580d,60.00,8.73,61.18,0.00,2.27,15.82
bcf8b190-b281-49b5-a980-4fcd903fbc0a,60.00,17.00,121.00,0.00,0.00,0.00
bd0445ee-9e12-4afa-8b8c-c4e85b761a18,0.00,0.00,0.00,60.00,12.50,87.50
bd1a986d-9452-4db9-ac71-23f190a4565c,60.00,9.79,70.49,0.00,0.21,1.51
bd379719-19f9-41c5-867c-56773c59d87f,60.00,12.62,87.02,0.00,0.38,4.98
bd3de5ab-89e2-4416-896f-2120a5b5528d,60.00,17.00,119.00,0.00,0.00,0.00
bdbc6796-2f3a-4ba8-86f9-c06c2fc4efaa,60.00,9.71,68.04,0.00,2.79,19.46
bdc44772-6e9d-40b0-983d-e10a6e0d492c,60.00,11.60,83.31,0.00,2.40,16.69
bdd16b0d-5cc8-46bf-a88a-165f957081fb,60.00,14.73,90.31,0.00,1.27,25.69
bddf5ed5-2f69-4e62-9773-8d7ef104ccca,60.00,9.20,64.48,0.00,1.80,12.52
bddfd551-379a-492d-8a3b-27495dbfec68,60.00,8.25,57.80,0.00,2.75,19.20
bde8333e-2e73-498d-a4cb-df5972476205,60.00,8.23,57.65,0.00,2.27,15.85
be31c03d-d136-4685-a759-c7f14ff6ef77,60.00,14.35,103.10,0.00,0.65,4.40
be4e4962-e131-42a4-9038-185d88d1cbea,0.00,0.00,0.00,60.00,12.50,87.50
be5fdf3f-d3fa-4c0b-af4c-b2951a91fb45,0.00,0.00,0.00,60.00,24.00,168.00
be67324e-3d3d-4adc-a3e9-06709e9013bf,60.00,8.68,60.84,0.00,2.32,16.16
be7041f0-8d78-44c5-afcc-6e6b5f339119,60.00,10.02,55.17,0.00,2.48,34.33
be91b7af-6aab-4d84-b04e-181f4e019260,60.00,17.00,118.00,0.00,0.00,0.00
be9d5501-bfcd-4cee-985a-4a7fc1d948ac,60.00,8.98,62.92,0.00,2.02,14.08
beb16097-b931-4ddc-8993-46af608a85da,0.00,0.00,0.00,60.00,11.00,79.00
beb56757-9c5f-4cd5-abe4-ce9656c45368,0.00,0.00,0.00,60.00,10.33,72.00
beb8bde8-3b2d-4041-99ea-71ae2d06b3b3,0.00,0.00,0.00,60.00,13.92,91.00
bec1f028-bbf5-4bd6-94e0-f3dbc601926b,60.00,10.21,89.34,0.00,2.79,9.66
bf18fb31-db72-4451-a0db-11a17cf45842,0.00,0.00,0.00,60.00,24.00,168.00
bf2b63f4-d15f-4622-9130-abc6c36c1f6f,60.00,15.50,88.47,0.00,0.00,0.00
bf2f1be3-e503-454b-94c3-9fa50e407c42,0.00,0.00,0.00,60.00,11.50,80.50
bf3cc4c5-65dd-4bdb-b777-233df6bc08c8,0.00,9.13,102.10,60.00,7.87,16.90
bf3dcb7b-6c3d-45d5-ad35-568a83c1fc07,60.00,12.50,87.50,0.00,0.00,0.00
bf7d1ed8-08ac-48b5-8ac7-5ba0c562560f,60.00,11.62,83.48,0.00,2.36,16.44
bf7dc571-600b-4556-8d29-9b06b5bc2ea2,60.00,10.98,76.81,0.00,0.77,5.44
bf878dd8-ab16-43eb-8c50-b90b5111b80c,60.00,13.60,94.06,0.00,0.38,4.85
bf8c7687-f098-4076-8af5-da39ee6ceb13,60.00,8.94,62.67,0.00,2.06,14.33
bf93f0fb-f641-4da9-9a5e-365700f90a7d,0.00,0.00,0.00,60.00,19.00,133.00
bf95d2ad-2530-4e3a-9c32-04b28448a372,60.00,17.00,119.00,0.00,0.00,0.00
bf988458-7d1e-4789-b259-e6ffe84a7c54,60.00,14.17,98.85,0.00,2.83,19.15
bfa1b473-8816-4f72-8dac-4160e6b5c246,60.00,9.63,69.51,0.00,2.87,19.99
bfe83e2c-fc19-4564-b057-7205cf9d12db,0.00,0.00,0.00,60.00,13.92,91.00
bfe94125-700b-425c-9e84-e09d415cc5b7,0.00,0.00,0.00,55.31,12.00,84.00
c02881b6-a9fa-4b51-a208-9d15046ba43c,60.00,17.00,119.00,0.00,0.00,0.00
c0321cd9-0d5c-493d-bb67-8e39a3590011,60.00,11.52,79.72,0.00,2.48,20.28
c04f2d1a-1226-40a2-860e-c766bf687bd6,60.00,11.48,82.47,0.00,2.50,17.45
c0820624-1748-4590-9d24-10d61e95932f,0.00,0.00,0.00,60.00,12.50,87.50
c086ac53-406c-4788-a65d-6143df542f06,60.00,16.82,117.62,0.00,0.18,1.38
c09ac5c7-1ebb-47cb-a1de-629202c149af,0.00,0.00,0.00,60.00,14.00,100.00
c0a4e372-6b2e-46c3-a119-fff6052d38ee,0.00,0.00,0.00,60.00,14.75,103.50
c0be7fd1-3604-42a5-b2dc-49c82876f315,60.00,8.98,62.93,0.00,2.02,14.07
c0c39c81-08d0-4a5c-b2c5-7982def10942,60.00,10.51,75.66,0.00,2.49,17.34
c0c57fb9-7190-4379-9137-a62c547d74bc,60.00,11.56,83.02,0.00,2.44,16.98
c0cc950d-7a5a-4ea4-ae4b-25d1ca5ba69f,0.00,0.00,0.00,60.00,24.00,168.00
c0dc42f4-eb7f-4a96-8792-b15df445f082,0.00,0.00,0.00,60.00,10.50,75.50
c0e9f7fc-c154-4a20-b7b9-5a2522e0222c,60.00,11.54,79.88,0.00,2.46,20.11
c0f6925f-99aa-469e-a8bc-e60a63151966,60.00,16.91,115.29,0.00,0.09,2.71
c100a5e8-8e70-40d9-aaa4-1fd0a223ed4b,0.00,0.00,0.00,60.00,10.33,72.00
c129334c-ff33-4222-887f-3c80da9b4d1b,0.00,0.00,0.00,60.00,12.00,85.97
c12ac315-4c4b-46a9-b2e5-ee55f48299d3,0.00,0.00,0.00,60.00,11.00,77.00
c1604100-139c-4bab-912c-9a04ea5ae80e,60.00,10.50,73.50,0.00,0.00,0.00
c162f96a-22f1-44ac-b4d1-2fd4a487d132,60.00,16.00,112.00,0.00,0.00,0.00
c16794b0-f64a-49c1-b441-e071769aa7d3,0.00,0.00,0.00,60.00,14.00,100.00
c171ad84-4f0a-4353-bc53-4bf08ae8ceb3,0.00,0.00,0.00,60.00,10.50,75.50
c1bff582-1dc5-489d-802b-d328ab0518ac,60.00,9.72,70.07,0.00,2.78,19.43
c1c855ef-86d6-4032-a2e5-7f191786352b,0.00,0.00,0.00,60.00,10.50,85.50
c1ca4bc6-db2f-48fd-a811-e70d9779d1e7,60.00,9.89,71.29,0.00,2.61,18.21
c1d2ef3f-a582-4602-9d8c-9fbd1bf7a4bd,60.00,9.84,68.97,0.00,2.66,18.53
c1e50b5e-34f4-4ec7-afbe-edb29c53b07b,60.00,8.68,60.83,0.00,2.32,16.17
c1e575b4-7d3a-479f-b279-c8355d970181,60.00,13.37,93.51,0.00,0.11,0.87
c1e8e247-373e-41cb-a395-565103fd024a,60.00,8.60,60.27,0.00,2.07,14.40
c22f53eb-83e5-4bf1-8f07-81f4c4e6c5a5,60.00,17.00,119.00,0.00,0.00,0.00
c2331a14-2c79-4654-8400-2ffd1dab471d,60.00,11.57,83.09,0.00,2.42,16.83
c24d22c9-f3ee-4439-97e8-9ed087d425d2,60.00,6.97,48.91,0.00,2.36,16.42
c28f2d5a-8e02-4b37-ab99-bba402d96b12,0.00,0.00,0.00,60.00,9.75,78.25
c29847cf-966e-47e0-a5bc-6d814fb01fb2,0.00,8.47,92.77,60.00,8.51,26.12
c2a64956-7332-48c9-92d5-7d2bbec30471,60.00,8.84,61.96,0.00,1.83,12.71
c2a7bea8-09ce-445b-b8d3-146f7fd2e1a6,60.00,9.79,46.18,0.00,0.21,25.82
c2f20672-753e-4383-ab51-009a962ead08,0.00,0.00,0.00,60.00,10.50,73.50
c2f235ac-f465-44f5-8f55-6dc3ffe2a4dc,60.00,11.67,81.80,0.00,1.83,12.70
c2f97eb6-5777-415e-82d8-f77a3e5d9003,60.00,14.19,99.11,0.00,2.79,19.78
c3078de6-5b3a-4837-893b-036b0e870095,60.00,9.66,67.65,0.00,2.84,19.85
c308103b-7f0f-4438-8e44-d72c3d4109c6,0.00,0.00,0.00,60.00,17.00,119.00
c325af4d-4f00-42ba-8e27-9c82d607f50a,60.00,9.75,68.75,0.00,0.25,1.75
c3384292-265b-4823-801e-94414bed3bb5,60.00,9.78,68.52,0.00,2.72,18.98
c34366a1-bd16-424f-9d60-7ebe5d6db747,0.00,0.00,0.00,60.00,24.00,168.00
c358d514-9862-42d0-84f3-4ddb33a33481,60.00,8.80,61.70,0.00,1.86,12.97
c3657293-f2fe-4aab-b829-03e76611376f,0.00,0.00,33.30,60.00,11.25,45.45
c3678b52-7755-4384-8be8-468fb6698ab0,0.00,0.00,0.00,60.00,8.00,68.00
c3866b80-7053-4152-9a6f-1b670ae3df2a,60.00,17.00,119.00,0.00,0.00,0.00
c3934de0-ef85-4c16-be43-b341adfba0aa,60.00,17.00,118.00,0.00,0.00,0.00
c39fdc3a-6cb5-4570-915e-3f08c3768039,0.00,0.00,0.00,60.00,24.00,168.00
c3a47814-3ee9-4a52-b6be-a0d7a7919a94,60.00,10.78,75.44,0.00,0.72,5.06
c3a922ce-4d09-4504-a427-13c721a64e17,60.00,8.68,68.59,0.00,1.32,3.41
c3b37dc2-2975-4d71-9cb2-3642d49c2d15,60.00,8.44,59.13,0.00,2.23,15.54
c3c77f5e-ac92-4673-8f18-6e28202ea3bd,0.00,0.00,0.00,60.00,11.50,82.48
c3d48786-b47f-4d1e-af47-777de16db681,0.00,0.00,0.00,60.00,12.00,85.97
c3d8c635-daab-4c1b-b4f5-55a627303945,60.00,10.99,74.77,0.00,1.51,10.73
c3eb2c52-e6c3-4da9-9f75-82bf19697858,60.00,11.39,81.82,0.00,2.60,18.09
c3f09552-f2af-45af-90e0-bf7e31dfd6a5,60.00,11.59,80.21,0.00,2.41,19.78
c3f6c744-e5ab-4416-950a-1e15b5c9efcd,60.00,8.67,62.75,0.00,1.83,12.75
c404e701-5110-42f6-806c-f617a4eb6eb1,60.00,11.98,86.15,0.00,1.02,6.82
c4133cfc-610d-4c6b-a97a-057426889f14,0.00,0.00,0.00,60.00,11.25,78.75
c42d5d22-b84b-4acd-9c03-047dbd1ae848,0.00,0.00,0.00,60.00,13.50,94.50
c432a18d-bc40-4d17-ac17-74dd64a6b923,60.00,9.96,69.83,0.00,2.54,17.67
c454688d-9bc8-4e52-9d07-b5ae39234a72,0.00,0.00,35.08,60.00,13.00,55.92
c45cf5cf-f910-4095-a970-bd86faa58772,0.00,0.00,0.00,60.00,13.50,94.50
c45f3d8d-7120-4848-898f-fd6d2d676d97,60.00,9.72,68.10,0.00,2.78,19.40
c45f9292-3b5d-4326-9878-115e8bb6deb9,60.00,12.50,89.50,0.00,0.00,0.00
c464706e-76c7-4951-8c2d-68777f84115c,60.00,10.18,71.38,0.00,2.32,16.12
c4b7b374-bcd8-4034-a6fb-1c44d8eb0b99,60.00,12.51,89.41,0.00,0.49,3.55
c4bbd343-2202-433f-a428-7ddb9b12aa79,0.00,0.00,0.00,60.00,13.00,103.00
c4c44665-96f9-4cc0-b510-68e8f85db17e,60.00,9.86,71.08,0.00,2.64,18.42
c4c8a2fa-421c-49b4-8e6f-fb064f3b2463,60.00,10.13,72.97,0.00,2.87,20.00
c4cea598-d44b-4fb5-8a74-4c9768719209,60.00,9.73,70.20,0.00,2.77,19.30
c4d8706a-9633-47bb-a401-151343293de1,0.00,0.00,0.00,60.00,14.50,97.50
c4e24003-6716-4147-8e45-676fba26f276,60.00,24.00,168.00,0.00,0.00,0.00
c512ed97-757e-473f-91b6-8d93a5e696e5,0.00,0.00,0.00,60.00,10.42,75.42
c5272cc6-e503-42a1-a424-536d02c109eb,60.00,9.85,69.01,0.00,2.65,18.49
c54c22a7-7a91-4ce0-a32d-194bdf45b2c6,60.00,10.51,73.62,0.00,0.49,3.38
c57d55d0-eb11-4555-9212-91aab2df9f3f,60.00,12.74,90.90,0.00,0.26,2.06
c58ad4f9-2e5c-4fd3-9a86-d2795b091a56,2.45,11.00,77.89,52.87,1.00,6.11
c5935bc6-7dbc-43a9-b383-4b6827aba7c7,60.00,9.68,66.28,0.00,2.82,23.22
c59bc57f-8558-488e-a4db-8bcbe2bad315,60.00,12.50,114.50,0.00,0.00,0.00
c5cc038f-eecb-4a09-b765-1123be3151fa,0.00,0.00,0.00,60.00,13.50,94.50
c5d22b77-a3b6-48c5-a958-55dd5e760c91,60.00,8.29,58.11,0.00,2.21,15.39
c5e163c4-905f-4a17-a591-1743bbb3f0bf,60.00,16.88,115.09,0.00,0.60,7.30
c5e4880b-c99b-404c-baf4-a39e338bed47,60.00,8.50,61.58,0.00,2.00,13.92
c5e4b48a-2424-457c-a49f-c29b9a25b3dc,60.00,9.68,67.86,0.00,2.82,19.64
c5e8a80f-77b4-4ea7-8f4d-13d1ad5b32bd,60.00,12.43,88.74,0.00,0.57,4.26
c6087b7c-93ef-40d9-b8fe-78a7005fa78e,60.00,17.00,119.00,0.00,0.00,0.00
c60dc5fc-c56f-4f79-bb47-0ee185973138,60.00,10.32,72.30,0.00,2.52,17.53
c6199a91-cf4b-4896-bb45-3537e01ed432,60.00,10.36,72.60,0.00,2.47,17.24
c62a7bfd-5d07-4cd4-a962-01a4844d20e3,60.00,8.31,58.23,0.00,2.36,16.44
c684c01b-e0ab-4fac-9aa2-230a7397f9d0,0.00,0.00,0.00,60.00,11.00,77.00
c6aadad9-16ea-4fa7-a645-6cd463b9d82e,60.00,9.87,69.18,0.00,2.63,18.32
c6ad9035-2f27-450f-9029-3f6450e8fa4a,60.00,8.69,60.88,0.00,2.31,16.12
c6e9961d-0499-4460-b4fb-1fc2b929bb48,60.00,7.46,49.33,0.00,1.37,12.50
c70b0ef3-cffb-4c65-b4b8-b3b8972edd3b,0.00,0.00,0.00,60.00,24.00,168.00
c716d0ce-f75d-45ed-9d87-6256bec40551,60.00,11.54,82.84,0.00,2.46,17.16
c7a75ce8-640a-4b5d-81a3-5d68e1e0e1dc,60.00,9.22,64.63,0.00,1.78,12.37
c7a9d57e-ea9b-4978-b141-863e4cc45345,60.00,16.80,114.54,0.00,0.20,3.46
c7b7eb66-567b-4deb-aa0c-bdc312ef8a68,60.00,10.38,72.75,0.00,2.60,18.13
c7d23c93-7119-4f15-9fbf-0ba6d895b35a,60.00,8.85,59.00,0.00,1.82,15.67
c7db4587-2966-4ce3-bbf7-d797ec2920ef,0.00,0.00,0.00,60.00,11.00,77.00
c7df090f-bb36-4b77-badd-ff1159f669e3,60.00,8.96,62.79,0.00,2.04,14.21
c80c40ee-25c8-4472-8477-86103463660a,60.00,10.66,74.71,0.00,2.84,19.79
c8368fdf-1af4-4d30-8a08-9e758a65dc6c,0.00,0.00,0.00,0.00,0.00,1.00
c86be0e4-6aca-4fe7-ae10-967463fe1002,60.00,9.88,69.25,0.00,2.62,18.25
c8bf5437-1047-4209-a932-15c30c8066a4,0.00,0.00,0.00,55.31,12.00,84.00
c8d67b38-f24b-4261-bacd-54c497554825,60.00,8.81,61.75,0.00,1.86,12.91
c8e42d10-b8f4-4e85-b1c0-e7e7db8a00c5,60.00,17.50,122.50,0.00,0.00,0.00
c8e4b364-6b94-44d9-aa47-0d0e586e3166,60.00,6.49,42.83,0.00,1.93,13.42
c9028d1d-1098-4bee-bbfa-a18472e0ff8d,60.00,24.00,165.00,0.00,0.00,3.00
c91f4dd8-7322-4849-b65a-9de8eea06488,60.00,8.57,60.04,0.00,2.10,14.62
c98c1c3f-b02e-44f4-949a-739613bcfa25,60.00,9.75,70.33,0.00,2.75,19.17
c9902203-cfdc-4658-b9f0-4f411cca1bd7,0.00,0.00,0.00,60.00,13.92,91.00
c990bb3c-6a0e-43ab-a99b-0b197e8dabe8,60.00,11.58,80.13,0.00,2.42,19.87
c992a4f4-cdac-4cb8-9656-dbae28122d86,60.00,8.17,58.85,0.00,2.33,16.65
c996351e-1240-43c3-9941-8b54116881f2,0.00,0.00,0.00,60.00,14.00,100.00
c9964902-9f21-4540-b14f-f49dbd03355d,60.00,11.40,81.94,0.00,2.58,17.98
c99aa7cf-53e7-496e-9f21-a301eca6a779,60.00,13.16,92.14,0.00,0.32,2.25
c9a3588b-15eb-4d9d-a0c2-33ac8ebe49ce,60.00,13.28,92.76,0.00,0.22,1.74
c9a763d7-5eab-44a1-bd3a-86e76d27dba2,60.00,13.21,94.32,0.00,0.29,2.18
c9b38f1e-a4cf-42c2-97fb-5996f80a5d2a,0.00,0.00,0.00,60.00,24.00,168.00
c9d35a3e-9f73-430e-b419-fdc215f79fb5,60.00,9.84,69.11,0.00,2.66,20.39
c9d97090-d7ec-4dd4-a43b-14b569c7f71c,60.00,9.86,68.19,0.00,2.64,19.31
c9ec0fba-d5c7-4002-b223-fb16266a332d,60.00,12.25,84.66,0.00,0.75,7.30
ca145653-989a-49bc-a571-c950ccad12bd,60.00,8.51,59.65,0.00,2.49,17.35
ca63ab0e-8379-40ee-94e2-b8f7b94f7a49,60.00,16.90,115.22,0.00,0.10,2.78
ca793240-b974-4551-ba0b-649d1a52956c,60.00,8.45,61.23,0.00,2.05,14.27
ca9a6ab8-2146-4a61-a6b7-42ff3a6d488a,60.00,11.64,77.65,0.00,2.86,19.78
ca9e07ff-d79b-4e06-b10f-d31ba130775f,60.00,16.76,111.23,0.00,0.22,6.65
caad8099-e13f-45ee-aac0-e62bf4003d2b,60.00,12.50,89.50,0.00,0.00,0.00
cae5a716-fba3-41b3-8776-fad487c21df6,60.00,10.56,76.01,0.00,2.44,16.99
cb1e04c9-f075-4d42-9fcf-f2d5435bc581,0.00,0.00,0.00,60.00,13.00,92.00
cb597e88-bec9-4ac7-ad22-52e1c9b03728,60.00,11.58,81.14,0.00,2.42,16.85
cb5db9f2-3e2c-45fd-8d31-2e9f43bba973,60.00,13.12,90.83,0.00,0.87,8.08
cb5e9401-df71-4ce4-b2a0-3b0f8ada543b,0.00,0.00,0.00,60.00,12.50,93.50
cb70712c-2c12-4791-a0fb-f35fc6ac564c,0.00,0.00,0.00,60.00,13.50,94.50
cb772e81-8af8-427f-9cc2-18fcf38b0799,60.00,9.68,77.69,0.00,0.07,0.56
cb86f905-fc21-418d-8d7c-c91e13994ddb,60.00,13.28,92.75,0.00,0.22,1.75
cb8cd7d7-431d-40c8-86dc-08bd23d534b3,60.00,9.99,72.02,0.00,2.51,17.48
cbb80276-5ce3-4770-ab22-c71af6a9007c,60.00,14.22,91.45,0.00,1.28,13.55
cbbc8ff5-73f6-4499-bbe7-a379179ee5fc,60.00,8.86,62.07,0.00,2.64,18.43
cbcac7dd-311f-4c08-94de-b8f12476d509,60.00,8.96,62.76,0.00,2.04,14.24
cbd176a5-a71d-4ddb-8153-eed4fe1c883d,60.00,10.15,71.11,0.00,2.35,16.39
cbd459b1-62a1-481b-a70f-59e2938febd4,60.00,8.21,57.57,0.00,2.29,15.93
cbd51f2a-e843-4aad-81e1-3f6480c701f1,60.00,12.61,90.39,0.00,1.37,9.52
cbe84273-04e7-436d-a07f-e69fe1df7e60,60.00,12.43,88.76,0.00,0.57,4.24
cbf5fc7c-3e18-430c-b470-4c5334a2a683,60.00,10.52,76.55,0.00,2.96,17.84
cc629734-fe17-457e-a434-0295d24343a7,60.00,8.23,57.69,0.00,2.27,15.81
cc7bcd3f-09d7-4aa3-a7f1-5c2685722fe9,60.00,9.04,63.35,0.00,1.96,13.65
cc89b056-8433-4ec5-8d72-ed69f1150a5a,60.00,10.45,73.21,0.00,2.54,17.67
cc9bdba3-e477-4a2a-9224-cc305b1f43eb,60.00,8.69,60.89,0.00,2.31,16.11
ccb5fcaa-f7c0-4f2d-ac91-82b6466d0a3e,60.00,11.68,83.90,0.00,2.30,16.02
ccf2bb44-9eb7-4e72-b397-23db553e4ff7,60.00,10.08,70.63,0.00,2.75,19.21
cd02ffc4-aa18-4eba-85d8-bcce3e19ed12,60.00,11.55,82.91,0.00,2.45,17.09
cd16925d-e384-4d6c-8a85-3fafa1984483,60.00,16.98,118.75,0.00,0.01,0.13
cd3eb6a2-31d3-404b-a22c-8d95f84bbd34,60.00,10.18,73.31,0.00,2.32,16.19
cd707fec-44da-4b64-97d9-4db0c294f76c,0.00,0.00,0.00,60.00,11.00,77.00
cd7773ff-7f8a-4e9d-9647-1d6bc3c18631,60.00,8.66,60.67,0.00,2.01,14.00
cd874b92-61cf-44e4-a8a1-e0792d4b333c,60.00,17.00,119.00,0.00,0.00,0.00
cd948be1-ce0b-4473-bcdc-f5354ca02e1a,60.00,9.38,67.74,0.00,1.12,7.76
cdc83b31-a7b9-410b-8bca-5272806a85ac,60.00,8.48,59.46,0.00,2.18,15.21
cdcff29a-e257-48b2-a765-35f552e81a39,60.00,9.87,71.16,0.00,2.63,18.34
cdd819ee-875a-48da-b61e-9d32f202ae6e,60.00,7.16,56.20,0.00,1.84,12.80
cde9b22e-3d8f-43b3-818f-4e0aba3ad5f6,60.00,10.44,73.18,0.00,2.39,16.65
cdfc9a63-2a90-4710-bb12-9d492e70f94a,60.00,12.53,89.80,0.00,2.47,17.20
ce0f24a5-20b5-487d-a103-9f1cede32e0b,60.00,11.54,82.83,0.00,2.46,17.16
ce384bbc-4aec-40da-b192-5d77cbee27c0,60.00,8.31,58.24,0.00,2.36,16.43
ce4cbb8e-da06-4f8d-9775-70bf428ba1a2,60.00,14.71,103.91,0.00,1.29,12.09
ce6a9096-9d57-42ef-9d5d-9791bdf22582,60.00,9.80,70.57,0.00,0.20,1.43
ce6d39f5-f3f6-40fd-aab4-a55382064977,60.00,10.09,70.73,0.00,2.74,19.10
ce941f48-c687-4984-a5fd-34992953b4cd,60.00,10.00,70.50,0.00,0.00,0.00
ce965ce4-4bab-4eb5-97cc-a265d8add032,0.00,0.00,0.00,0.00,8.83,68.75
cea09f34-e0ce-4d9d-8fae-4d04a8f1f302,60.00,16.89,113.26,0.00,0.09,4.62
ced971bc-e7de-4f51-a12a-3dc4f3dca432,0.00,0.00,0.00,60.00,7.00,69.00
cef2a699-c03a-464c-83b6-302178be6b21,0.00,0.00,0.00,60.00,13.50,100.50
cef8e455-14ac-49e7-820e-4cda8bcc78fc,60.00,9.14,66.05,0.00,2.36,16.45
cef98c3c-3f8d-40e0-982c-fc0cddd550b0,0.00,0.00,0.00,60.00,24.00,168.00
cf2ee804-8151-4a1a-966f-642890fb5b7a,60.00,10.38,74.62,0.00,0.37,2.63
cf30ad0f-a305-46d9-92ef-4af5222d9bf7,60.00,10.56,75.95,0.00,2.44,17.02
cf3131c6-3180-4298-b22e-9ab06a31dc14,0.00,0.00,0.00,60.00,12.50,83.50
cf3764f7-c67c-492a-aead-ad7ddb06b3f7,60.00,9.59,67.61,0.00,0.41,2.89
cf432ddc-a5d7-4b57-86f4-4d12f08e1c6d,60.00,8.44,59.16,0.00,2.23,15.51
cf5801ab-09ed-4e35-8679-e47f49a0a464,60.00,12.50,89.50,0.00,0.00,0.00
cf67a5e6-d7a1-4d31-be19-f365646bd429,0.00,0.00,0.00,60.00,13.50,96.50
cf6c5bf2-1bac-4757-ad45-28e47edfefff,60.00,12.50,89.50,0.00,0.00,0.00
cf737fea-3cb6-43ef-9947-ee3cf14afbd9,60.00,8.15,59.13,0.00,2.35,16.37
cf83864a-56a9-416a-b646-b63b1da28720,60.00,10.81,75.67,0.00,0.44,3.08
cf8ae6d5-980d-463e-b362-eebc99d399a5,60.00,11.33,78.38,0.00,2.65,21.54
cf96ebde-e9f7-47c6-8b9a-f12d69399cbd,60.00,11.44,82.12,0.00,2.56,17.88
cf9fc9a6-93ac-4988-b860-40fbffe0607a,60.00,8.90,62.37,0.00,1.77,12.30
cfa4cfdc-6a36-4ffe-9000-74df4181fb5b,0.00,0.00,0.00,60.00,16.00,114.00
cfab682d-b72b-4d6d-90a5-21e30b01b2aa,60.00,12.50,89.50,0.00,0.00,0.00
cfb18211-9aed-44ed-bc0c-03535be37b48,60.00,11.49,82.49,0.00,2.51,17.50
cfc6686d-49a1-4a81-acd7-f61cf903d84e,60.00,8.30,55.84,0.00,2.37,18.82
cfcbb207-d714-454b-b911-eac8ef2f69d7,60.00,11.56,80.00,0.00,2.44,20.00
cfd6d5bf-d404-433d-8596-72c62a8fe5d3,0.00,0.00,0.00,60.00,11.50,80.50
cfdb3ee8-8f08-456f-a227-d27a4b3835e4,60.00,8.65,57.98,0.00,1.85,15.52
cfdbbc0e-8500-4f87-82e0-45b86ade3b69,60.00,11.57,83.09,0.00,2.42,16.82
d01c40c7-61b0-42ec-a4ca-30de8bf778a8,0.00,0.00,0.00,60.00,10.00,73.00
d04a37a4-31dd-4155-80f5-522c8191e4d3,0.00,0.00,0.00,60.00,12.50,87.50
d04ac7d4-a8bf-4361-89a7-4eabcce9c0a4,0.00,0.00,0.00,60.00,12.00,83.00
d04e656c-a6b5-48a4-b6a0-09d7b681e953,60.00,9.69,67.92,0.00,2.81,19.58
d056756f-5b52-4dca-a4df-638266355748,0.00,0.00,0.00,60.00,10.42,75.42
d0569dc4-596b-4b7c-9bac-db83be27ea47,0.00,0.00,0.00,60.00,13.00,93.00
d07cd380-7079-4bb1-ab09-e503b9a3c62f,0.00,0.00,0.00,60.00,10.50,73.50
d07f1454-682f-44c5-840f-35e99919b42b,60.00,8.17,57.25,0.00,2.33,16.25
d08b5351-844d-449e-b37c-49b2be3d9509,60.00,8.57,60.05,0.00,2.10,14.61
d08e5163-32c8-47a9-afff-e9946b23df37,0.00,0.00,0.00,60.00,10.50,73.50
d090cf31-065f-44f2-9664-258f84ef682d,60.00,9.92,69.55,0.00,2.58,17.95
d09c9c66-791c-465f-ad56-169d4173b52c,60.00,10.19,71.41,0.00,2.31,16.09
d0c9d353-7cf0-4fe0-a45b-292670304ffa,60.00,10.42,74.95,0.00,0.33,2.30
d0f11599-9f35-48bd-8bae-0b4efe732013,60.00,9.99,70.04,0.00,2.51,17.46
d1091536-b502-49d8-bc21-6a554a2d3eef,0.00,0.00,0.00,60.00,11.50,80.50
d15d285e-c3e4-4a89-b187-69742acec1b7,0.00,0.00,0.00,60.00,10.00,72.00
d162ee2e-a7f0-4cb9-8662-55c8cf2a7ebb,60.00,11.56,82.97,0.00,2.44,17.03
d18296e8-a000-4236-a21b-fa4b7ec85ca6,0.00,0.00,0.00,60.00,13.00,87.00
d1af2f84-a307-4b98-877d-9e614899663f,60.00,13.31,93.22,0.00,2.19,15.28
d1b302f4-5593-4482-b410-61c5ad784dbf,0.00,0.00,0.00,60.00,9.00,73.00
d1d17eaa-4168-46e3-8358-8fb6e5b2320a,60.00,11.04,77.10,0.00,0.46,3.40
d1dfc8df-53a0-4697-ac30-a309a6826503,60.00,10.50,73.50,0.00,0.00,0.00
d20e15d8-d5e7-456a-927f-6ea5ba5e00c8,0.00,0.00,0.00,60.00,12.50,83.50
d2100073-fd01-4a8e-91eb-e572f36f45e8,0.00,0.00,0.00,60.00,11.50,80.50
d21ab619-7559-49cd-ae37-50eb7ef88774,60.00,17.00,119.00,0.00,0.00,0.00
d229ca55-86df-4a73-ba3b-39de9e53a577,60.00,14.73,103.26,0.00,1.27,24.74
d22ba0f8-40f5-4446-a5c2-887237ff9304,60.00,8.77,61.48,0.00,2.23,15.52
d241945c-f110-4577-b98e-f29ef5d3ce8a,0.00,0.00,0.00,60.00,17.00,118.00
d24aa387-1bda-478f-9233-e781118702b2,60.00,6.85,48.05,0.00,2.65,18.45
d24be012-291e-4d57-8127-a52ec901b2ad,0.00,0.00,0.00,60.00,12.50,89.50
d2522432-2b64-4960-bef9-f3ad67fd75fa,60.00,10.58,76.92,0.00,2.91,17.47
d25ebc4b-8024-4292-bd18-ed05d66cbfb9,60.00,12.62,90.41,0.00,1.38,9.59
d26299c6-8b83-4240-99f9-dc4391246595,60.00,10.40,80.79,0.00,2.60,18.15
d268469a-efb8-417b-8ead-d3db7c38ba36,60.00,10.10,70.74,0.00,2.74,19.09
d275fa77-13d0-413d-bcbc-97ea8058df0a,60.00,10.16,73.22,0.00,2.34,16.28
d289d61a-d4f3-4851-82ca-f8ac35d3abb8,60.00,10.01,69.85,0.00,0.33,2.15
d2ac11ee-86d7-47de-ae79-193a5127f333,60.00,13.42,92.68,0.00,0.58,6.31
d2b1929f-2fe9-4f21-a671-7027ecb42be9,60.00,10.59,78.19,0.00,2.41,16.81
d2b46d42-5229-4d3f-ae28-833edb986bb6,60.00,9.76,68.41,0.00,2.74,19.09
d2b95c61-02c4-4119-ae7c-8868d0e6d738,60.00,14.23,99.39,0.00,2.75,18.50
d2db4296-674a-49e9-83ad-26c3babc7c6d,60.00,13.22,89.63,0.00,2.28,18.87
d31e86ec-ab37-44a6-ad4c-3fae926a645c,60.00,11.20,78.46,0.00,2.30,16.04
d325a71d-a172-44bc-9bd7-dce55ac84e15,60.00,17.00,119.00,0.00,0.00,0.00
d33153c9-5431-4c6f-949f-8594a5153361,0.00,0.00,0.00,60.00,16.00,112.00
d33ce2be-26a9-4e35-b134-a3d8b431fa17,60.00,11.57,77.08,0.00,2.43,22.92
d36aa160-7605-4050-9f25-1a31fc4a1026,0.00,0.00,0.00,60.00,9.50,66.50
d3759e9f-abc9-4370-9bea-5af88c708544,0.00,0.00,0.00,60.00,10.33,72.00
d3866435-17e5-46c4-900f-46f08785c85e,60.00,9.68,77.70,0.00,0.07,0.55
d388c599-4ee8-499e-ab2a-a1d6230aed54,60.00,8.98,59.94,0.00,2.60,21.14
d39e26ea-cd3a-4a1f-8b01-0bd1e0b6d14a,0.00,0.00,0.00,60.00,11.50,80.50
d3c629fd-ed2a-4fee-9af2-62ca99f37cfd,60.00,9.72,70.08,0.00,2.78,19.42
d3db3f0c-dd76-4d7c-a918-b805cfe2bb0c,60.00,16.76,114.22,0.00,0.22,3.67
d41d8b69-5425-4f96-bf63-721c42c83dd0,60.00,11.56,79.45,0.00,2.44,20.55
d426c21e-2b3c-4523-9bea-c47dceb93932,60.00,9.52,68.74,0.00,0.98,6.76
d42826da-1f4b-4984-a265-1a312b5d15ff,60.00,14.07,102.38,0.00,1.68,11.87
d43719f4-a173-49a0-8db5-6beaf3f702ad,60.00,17.00,119.00,0.00,0.00,0.00
d43ffaa9-e8bb-4229-9569-b81898dab4d6,60.00,9.75,68.35,0.00,2.75,19.15
d44bc78d-c3e9-4422-b539-f07d3dc19df4,0.00,0.00,0.00,60.00,12.00,94.50
d456f435-8fb9-4fb2-9546-cd6076d51d6d,60.00,12.37,85.48,0.00,0.63,7.49
d45ae8f2-819a-4172-ad4f-7b75c1fd127f,60.00,8.74,61.22,0.00,2.26,15.78
d47111a8-c418-4655-9725-bed8a09fbf92,60.00,11.17,76.92,0.00,2.81,22.99
d47fc872-e1d0-4f21-848b-cf3c424260fb,60.00,17.00,119.00,0.00,0.00,0.00
d4830ec9-a068-4663-bcbe-a4e27fd23138,0.00,0.00,0.00,60.00,15.00,115.00
d488779c-a0a9-4bc3-8155-00024c3e5035,60.00,11.58,83.15,0.00,2.42,16.84
d49154d6-9d93-44f0-9bb4-6f4bd2a45164,60.00,8.98,62.94,0.00,2.85,19.89
d4972ae1-926b-4a61-a355-ad7709a3ced5,60.00,8.87,62.19,0.00,2.13,14.81
d497fe9a-54c1-4706-8b7f-75b062c84a19,0.00,0.00,0.00,0.00,0.00,35.50
d49ae899-f81c-4b33-9258-587484bf8443,60.00,17.00,119.00,0.00,0.00,0.00
d4d8a262-5350-47da-85d6-db6910e1526b,60.00,8.78,61.55,0.00,1.89,13.12
d4dcfe72-4dd6-4e30-a176-4a853bae32d3,0.00,0.00,0.00,60.00,12.00,85.97
d4f5a61b-b3ca-4783-aacf-df4939c541a4,60.00,11.26,80.38,0.00,2.24,16.12
d4f6acc1-6580-4708-922e-7e5e2e69778b,60.00,8.41,58.92,0.00,2.09,14.58
d50544fd-0d63-4353-839b-52f15bd63ae8,60.00,10.09,70.71,0.00,2.74,19.13
d51685e5-4838-47d1-9eeb-91a0eb283d5b,60.00,23.98,155.89,0.00,0.00,11.99
d51f9925-89ff-4e03-96a4-a0767c893460,60.00,13.27,91.88,0.00,0.23,4.61
d5253085-26ba-4a86-a7fd-c0a2b6de101f,0.00,0.00,0.00,60.00,13.50,94.50
d539aa0b-eb16-4b4c-bec9-efd47008cba4,60.00,10.00,71.00,0.00,0.75,6.25
d540d0b6-c354-4219-a475-12fb174b4191,60.00,10.65,76.52,0.00,0.35,2.48
d55b8956-5da0-4a94-9a64-54d53dbd1961,60.00,18.63,116.38,0.00,2.82,16.43
d560e947-5e6d-4f59-ac81-f36b1f15ae43,60.00,11.63,81.48,0.00,1.86,12.90
d564be5d-6b79-4915-95cf-2b6dbb4467c1,60.00,17.00,118.00,0.00,0.00,0.00
d569fb4d-9701-48b7-8ed3-57bf5a24330e,0.00,0.00,0.00,60.00,5.00,43.00
d5766687-8f47-4ea6-87a6-7699a30c4ee6,60.00,13.23,92.47,0.00,0.26,2.03
d58d3735-3173-497d-88ff-bc567c32cfd0,60.00,13.28,93.45,0.00,0.22,3.05
d598ea94-eade-43cb-b212-e3ce3037fb49,60.00,9.87,69.16,0.00,2.63,18.34
d5a4e4e8-acab-4829-8b02-59b89703ee52,60.00,17.00,119.00,0.00,0.00,0.00
d5a7d56d-3532-404a-a2d1-191dc2342426,0.00,0.00,0.00,60.00,13.50,94.50
d5b19093-b5cf-4553-a461-fdca96852a05,60.00,8.92,59.57,0.00,2.08,17.43
d5d1acb2-4a75-47cf-ab39-369022d60821,60.00,14.22,107.08,0.00,1.03,15.92
d5d1d040-8e0a-4d07-bfa2-ce6254d0a88a,0.00,0.00,0.00,60.00,16.00,112.00
d608c50a-4725-4c02-bbaa-3771509914aa,60.00,11.51,81.64,0.00,2.49,18.36
d60c2fc1-890f-4d41-bf87-236d983b8692,60.00,7.56,39.06,0.00,2.94,34.44
d6320e86-65fe-4b66-b16f-851a78f0ab29,0.00,0.00,0.00,60.00,11.00,79.98
d6531357-7042-4b58-b6cf-83c8e5f1ead7,60.00,9.88,69.20,0.00,2.62,18.30
d65bd806-1abd-4927-b898-3c8695ea791f,0.00,0.00,0.00,60.00,12.50,89.50
d65e03aa-1130-4001-8344-2471fe15f846,60.00,8.98,62.94,0.00,2.19,15.23
d65ed7b0-dd0a-4638-adfe-7b9257e392dc,24.39,14.01,112.76,35.61,2.97,5.12
d6655148-c5ea-4a61-a96e-47860ee8b63a,0.00,0.00,0.00,60.00,11.00,79.98
d673a8ea-0c61-4c2f-929d-177faa2cd111,60.00,9.63,67.51,0.00,2.87,19.99
d67671f6-4154-4d84-b675-845c1a790cd2,0.00,0.00,0.00,60.00,24.00,168.00
d68519ed-0b3d-42d5-873e-37b13cdb6573,60.00,12.52,76.96,0.00,0.48,16.01
d686e5f3-c46b-4689-b7f0-5ce6146f72bf,60.00,16.70,116.80,0.00,0.28,2.08
d68adc47-5fad-483f-8b03-2a4458532602,60.00,7.81,65.54,0.00,0.19,2.46
d6a2246d-d9e6-4aeb-a379-89a3ffdd9e12,0.00,0.00,0.00,60.00,13.50,94.50
d6a493ff-c2f5-4c87-bb5f-154678891ea6,0.00,0.00,0.00,60.00,11.50,83.50
d6a55071-b272-4d77-a438-51da5c8ee089,60.00,10.19,73.42,0.00,2.31,16.08
d6d0af79-3c6e-4d76-a7ec-b17456e9d5b5,60.00,11.31,81.28,0.00,2.67,18.64
d6d980e0-27e8-40ff-992f-bf19c9f1cb86,60.00,11.74,82.25,0.00,2.25,15.64
d6fbc481-470c-4a8b-9a0b-9c6235d1d99e,60.00,11.22,73.55,0.00,2.28,20.94
d7230422-59b4-4cba-80cb-61317f4e86c8,60.00,8.13,56.99,0.00,2.87,20.01
d7300d49-d0bb-46d3-8ca7-86f4f90bd6da,60.00,16.91,115.27,0.00,0.09,2.73
d74868cf-0694-4ce4-9dde-c06d1b802594,60.00,11.60,80.30,0.00,2.40,19.70
d7564e8c-0edb-4e6f-aa64-c72b701e3c57,0.00,0.00,0.00,60.00,18.00,126.00
d756644f-dbb4-4f45-b562-d4df3e69b920,60.00,8.16,57.19,0.00,2.34,16.31
d7573288-d6c4-4b52-bd8f-ad61239f7d56,60.00,9.98,71.94,0.00,2.52,17.56
d7597b54-4eae-4ffb-9e96-c41d18089a9a,60.00,12.42,89.05,0.00,1.57,10.95
d7773731-54d9-434a-a187-fd06d62ef270,60.00,8.27,59.94,0.00,2.73,19.06
d7838c3c-b7cb-4b20-bc5b-78f31d5c5a70,60.00,12.63,87.08,0.00,0.37,4.92
d797196d-508f-4959-a072-2d1f4d24414c,0.00,0.00,0.00,60.00,14.00,100.00
d7bd0144-e92f-4fae-a27c-b1f9063c4d0f,60.00,9.97,69.83,0.00,2.87,20.01
d7c2e445-90b4-47c6-ac79-c9fbb153ef7b,60.00,16.97,118.74,0.00,0.01,0.14
d7c3d711-b603-49b9-ad4d-4870dbbe2858,60.00,17.00,118.00,0.00,0.00,0.00
d7ded922-1733-4a41-a6f1-1b0c213b7864,0.00,0.00,0.00,60.00,9.00,59.00
d7e333bd-a69a-4ae1-82a0-6c92570ef6e9,60.00,11.27,78.93,0.00,2.23,15.57
d7f0485c-bd65-4c52-9ace-f5ef3f67ed62,60.00,11.26,80.94,0.00,2.72,18.97
d7f4a564-c183-4264-a9a3-bc965187e038,60.00,8.98,59.94,0.00,2.02,17.06
d7f8ea31-3e40-43f0-bf76-54c594251b42,60.00,10.20,71.50,0.00,2.30,16.00
d7fac1f1-516d-43bd-8b40-901e48f56aee,60.00,8.84,61.96,0.00,1.83,12.71
d809793f-e6a5-41e6-ba65-989a979bfc20,60.00,8.67,32.14,0.00,2.83,48.36
d8297275-20e0-4050-be63-15ef07d0d9d1,60.00,9.87,68.27,0.00,2.63,19.23
d83679e3-4ec9-479a-8e8a-a1fad651b94f,60.00,23.95,167.65,0.00,0.00,-0.00
d84202cb-ac8e-470b-b17f-ffdfd9979d01,60.00,11.26,80.94,0.00,2.72,18.98
d84a4552-3668-4075-ad1d-16840294f818,0.00,0.00,0.00,0.00,0.02,0.12
d8501306-07ce-451e-b234-50efe10dca28,60.00,10.00,70.06,0.00,2.50,17.44
d85e6f8d-6748-4319-99b6-4c3fddd8f639,60.00,13.53,94.77,0.00,1.97,13.73
d8712a7e-0ebc-4767-a31e-00574f4c36b9,60.00,11.18,71.74,0.00,2.81,28.17
d8735d67-a656-4c12-86bc-760ab9a17bdf,60.00,11.37,81.73,0.00,2.61,18.19
d88c85cf-42aa-4d91-8a74-dd847df2a564,0.00,0.00,0.00,60.00,10.50,73.50
d8991984-9696-4f8c-8f10-5a8d1998efd7,60.00,16.89,115.17,0.00,0.11,2.83
d89e5b97-3722-454e-ad23-142886f3ae32,60.00,17.00,119.00,0.00,0.00,0.00
d8b123f3-8fb3-40db-b510-6bbcb9600244,60.00,16.81,117.60,0.00,0.19,1.40
d8c80705-de1b-419a-8e0d-86bb34d29bff,0.00,0.00,0.00,60.00,8.92,60.50
d8c95ab6-a9f7-464f-a4dd-4c7645e96a24,60.00,13.36,95.47,0.00,0.12,0.95
d8e1fd2a-4590-4b3e-9ef4-adeae23dfc70,60.00,8.96,62.78,0.00,2.04,14.22
d8e407db-f58c-4de3-b307-339ddc755abf,0.00,0.00,0.00,60.00,12.98,90.88
d8e6d3ed-cc36-4d86-acf1-a4d811ca1820,60.00,10.04,72.38,0.00,2.46,17.12
d9049e17-4f76-4a27-abbc-01d0c029966b,60.00,7.72,54.10,0.00,1.78,12.40
d9337fcf-f224-4817-848e-f8d4acf4d9f9,0.00,0.00,0.00,60.00,13.00,90.00
d94b1bf1-1a4b-4929-bde9-9f5805aa832f,60.00,11.20,80.04,0.00,2.79,19.87
d952e2c7-c16e-4cfe-b7fa-b45fe7aaad8e,60.00,16.81,114.58,0.00,0.19,3.42
d9545095-b698-4992-9ad8-f477b6ae0cf4,60.00,16.87,120.96,0.00,0.11,0.87
d960bca9-6f88-445c-80b3-ea992e293425,0.00,0.00,0.00,60.00,24.00,168.00
d97e233c-f389-45d4-9560-5c0bebc6013d,60.00,10.15,73.10,0.00,2.85,19.90
d9c03d5b-07e4-4b86-bd88-f6c4fcf3bf3e,60.00,8.39,58.81,0.00,2.11,14.69
d9dd3a02-cd81-4048-ad55-c2e79e8886ba,0.00,0.00,0.00,60.00,8.92,64.50
d9e50697-f282-4b8a-832c-7f991918967e,60.00,11.58,81.14,0.00,1.90,13.24
d9effe44-bb69-4e72-b193-3813885c436f,60.00,8.59,60.23,0.00,2.07,14.44
da06900a-a5e4-43cd-9278-b554e448377e,60.00,10.00,70.50,0.00,0.00,0.00
da0d156c-d0af-4dbe-90b5-ff8e71a2e88a,60.00,8.96,62.80,0.00,2.04,14.20
da12b62a-1ad1-443b-86f6-42fdc972d37f,60.00,14.27,101.86,0.00,1.48,25.60
da1dce88-55df-4960-a34e-9258c92d1a41,60.00,14.90,114.33,0.00,0.10,0.67
da4612b7-aa39-42d3-a88a-341e86d86619,60.00,10.18,73.26,0.00,2.82,19.70
da5a72ef-ba01-4316-8fc4-5b85cd0694e8,60.00,14.61,103.45,0.00,0.39,4.05
da5de28a-bac8-466d-9aba-9881842f3492,60.00,8.16,57.19,0.00,2.34,16.31
da6a8a48-cf95-4fef-aef4-c4e7e41da8bc,0.00,0.00,0.00,60.00,18.00,126.00
da6b3ba3-0333-40b1-98dc-15d1558c396c,60.00,16.79,114.44,0.00,0.19,3.45
da7501ee-d5b8-40ad-a84e-95db17dc8672,0.00,0.00,0.00,60.00,12.50,89.50
da785e6e-6819-435d-9f77-deba126a916e,60.00,11.59,83.26,0.00,2.39,16.65
da7f3cd9-437e-42ba-969b-4b724eca5c29,60.00,10.60,73.31,0.00,2.40,19.69
da86ec4a-8565-4435-aebf-a9b850203299,0.00,0.00,0.00,60.00,12.98,93.98
da923591-37d7-442d-8aa3-e17970629b66,60.00,9.80,70.61,0.00,0.20,1.39
da93c54d-c0a3-4346-8f9c-0b3d77b5c11c,60.00,10.99,90.10,0.00,1.01,4.40
daa5008f-a2d9-4f9c-afdc-b3eda83a4497,60.00,12.50,89.50,0.00,0.00,0.00
daa6bca9-066b-48b7-8456-6c492f9b31cb,60.00,10.97,76.86,0.00,2.53,17.64
daa8ac63-37f4-484b-911c-a87950760475,60.00,10.50,73.50,0.00,0.00,0.00
daafb9eb-f119-4c24-bda4-37256d941709,60.00,8.20,57.49,0.00,2.80,19.51
dab96043-e270-44cf-983c-35a2597bf448,60.00,10.50,73.50,0.00,0.00,0.00
dabd2847-3fe0-42a9-afe5-259e92df78d7,0.00,0.00,0.00,60.00,13.00,93.00
dac5e49c-c251-4edb-9dad-a8cf3478ddd2,0.00,0.00,0.00,60.00,11.50,82.50
dae72918-9382-4f95-9ebd-1310e1ce8ee8,0.00,0.00,0.00,60.00,13.50,94.50
daf4642e-6485-4d3f-9050-2b2a4141b1b1,60.00,12.50,87.50,0.00,0.00,0.00
daf7f2b2-ff1c-40f6-a774-32992f7b2fdf,60.00,11.27,78.95,0.00,2.21,15.43
dafce860-f048-4b8e-9fba-b43fb4abd0b0,60.00,10.00,72.02,0.00,0.75,5.23
db08742c-fe1e-4a70-bee5-ec1e4f9cb7bf,60.00,15.50,105.00,0.00,0.00,0.00
db116e2f-d211-4970-a2c7-f24e0f817237,60.00,8.98,63.18,0.00,2.02,13.82
db1817f9-79ed-4c47-b7e6-ca3f0dd80153,0.00,0.00,0.00,60.00,12.50,89.50
db1c027c-89c8-4082-8342-ceb66fc54514,0.00,0.00,0.00,60.00,13.50,100.50
db1d24fa-44eb-4966-af04-57a44a19a5bf,0.00,0.00,0.00,60.00,13.50,94.50
db452f62-d903-4542-a163-4d8ee7eaef08,60.00,8.72,61.09,0.00,1.95,13.57
db4b3efc-0367-47fd-a93a-fc6317a48764,60.00,11.19,78.17,0.00,0.81,5.83
db6b1d04-3658-41e6-9087-f5adc166bc38,60.00,11.58,80.12,0.00,2.42,19.88
db8f1271-94e4-4661-b1ca-712e51b40458,0.00,0.00,0.00,60.00,17.48,122.38
dbe0fe74-1c3b-412b-b24e-f75503b6890e,60.00,10.50,73.50,0.00,0.00,0.00
dbfd4198-d72b-4840-a8b9-947fdcc2d25a,60.00,9.73,70.20,0.00,2.77,19.30
dbfe4d60-53ff-4d2c-bfc4-dffa8d0536e9,60.00,16.90,118.24,0.00,0.10,0.76
dc211deb-b0af-408c-acf2-b22900a9f7eb,60.00,13.50,91.50,0.00,0.00,0.00
dc235a18-b1ab-4363-a79c-56b8fb82d301,60.00,9.83,68.88,0.00,2.67,18.62
dc256c1c-0727-4a06-b7ac-c8c79a5fef79,60.00,8.98,71.00,0.00,2.52,15.50
dc352086-d78f-441b-8891-a2d005879881,0.00,0.00,0.00,60.00,12.50,87.50
dc413311-1ace-470e-ae13-607316267290,60.00,16.81,117.61,0.00,0.19,1.39
dc498266-6bc9-455b-8077-910d26b26746,0.00,0.00,0.00,60.00,11.50,82.48
dc63305e-e737-42d4-8731-b07425561ff6,60.00,11.32,81.33,0.00,2.67,18.59
dc6a297e-6636-430a-98d1-2089526a01ed,0.00,0.00,0.00,60.00,11.00,77.00
dc8f201e-a869-4695-9cb4-9ddfb42b3a8c,60.00,14.16,98.77,0.00,2.84,19.23
dca37ba4-0b60-40e2-9b3d-b5bd0165575b,60.00,12.90,102.58,0.00,0.10,0.42
dcbcb85d-f8d4-445d-b005-9a6eb67cb938,26.64,8.42,56.39,33.36,2.58,20.61
dcc52dcb-7e9f-4014-be01-338a0886f5fa,60.00,8.34,58.44,0.00,2.33,16.22
dcd036e6-ba2a-48c2-838b-6b658801bb3f,0.00,0.00,0.00,60.00,24.00,168.00
dcd39bd1-462a-414b-9e06-9fcd988226ac,60.00,10.11,70.83,0.00,2.39,16.67
dd1914c4-326c-4dad-96bb-78eefbb7b225,0.00,0.00,0.00,60.00,9.17,65.50
dd1c59c3-5d18-4d22-ba79-7d0abd047d74,60.00,14.73,100.57,0.00,1.27,15.43
dd1d6d71-9fb7-4da9-be26-4739a1a9a5d2,60.00,9.88,59.30,0.00,2.62,28.20
dd48e457-b41e-4c9f-ac2f-0c823606f120,60.00,11.63,91.29,0.00,0.37,3.21
dd4ac022-ce65-4542-a927-d109403b39d0,60.00,16.46,160.18,0.00,2.52,2.52
dd4ef172-c9e6-4b1f-973d-5f252f1ba0bf,60.00,10.19,71.39,0.00,2.31,16.11
dd66b82e-5f2a-489e-903f-5dfbbe2c6fc7,60.00,13.25,92.69,0.00,0.24,1.69
dd7fd833-e44f-40e2-a6aa-c4d999774ad6,60.00,13.24,92.78,0.00,0.26,1.72
dd91756b-e695-4ca1-aa23-7771e67701f6,43.28,5.99,41.99,16.72,2.01,14.01
dd97795b-c070-4af6-ad21-c665a5231e6a,60.00,9.87,71.17,0.00,2.63,18.33
dda0bf4a-29ca-499e-9246-c52e989e4ae1,34.69,8.67,60.66,0.00,0.83,5.84
dda82fcd-56f1-4dd2-b3fb-c004b121ed5a,60.00,8.87,59.15,0.00,1.80,15.52
dda91dd6-476e-4088-8688-acdcae433f7a,60.00,8.82,61.84,0.00,2.68,18.66
ddb9d255-6465-40b7-8109-c5f7a46a5887,60.00,9.98,71.92,0.00,2.52,17.58
ddc792a6-d8e8-4eb8-804c-9e822a6993eb,60.00,11.60,83.30,0.00,2.39,16.61
ddd5673e-f108-4214-9bbb-664bf6b48eb0,60.00,8.98,78.00,0.00,5.02,22.00
de2d13d8-8a73-46fb-9d4a-b846e5a4149d,60.00,8.55,61.95,0.00,1.95,13.55
de368855-0c20-4274-bfac-9cbb3a4803fa,0.00,0.00,0.00,60.00,13.50,94.50
de41deb3-c348-445e-8171-c78a07d8eb49,60.00,13.91,85.62,0.00,0.01,5.38
de43d684-0bd9-40bf-9ca0-3e42e4f54c1e,60.00,9.82,68.79,0.00,2.68,18.71
de585165-41d0-45ad-bb2a-cdabc43cb82a,60.00,8.85,53.14,0.00,2.15,23.86
de5e90d1-cb9f-4723-84ed-becfb1756c9e,0.00,0.00,0.00,60.00,12.00,84.00
de63e332-d982-4247-905e-eb1e5646a7e0,60.00,8.45,59.19,0.00,2.22,15.47
de867d2f-2e16-46fd-a669-c21d23b34304,60.00,12.31,88.31,0.00,1.67,11.61
de898270-6875-4e86-8820-ff2423007c8b,0.00,0.00,0.00,60.00,12.50,89.50
de8d03db-d3c5-46f4-8810-2123347a4a63,60.00,17.00,119.00,0.00,0.00,0.00
de930945-4aaf-4b37-b5f9-f39ecc3ee06f,60.00,13.17,92.16,0.00,0.32,2.22
de965fd6-3c71-4a6f-895b-2f2a2cbeb2b1,0.00,0.00,0.00,60.00,24.00,168.00
de9838bb-c0b1-4b76-baee-acd5141f3238,60.00,13.70,91.73,0.00,0.28,7.19
de9a4796-5522-4ae9-9e94-2921982999b9,60.00,10.65,74.79,0.00,2.85,19.71
de9bbfed-89a7-4e29-9e9f-49a10e374bb9,0.00,0.00,0.00,60.00,10.50,73.50
de9cfe81-ab0e-4d8f-8599-f430844dc0a4,60.00,17.00,119.00,0.00,0.00,0.00
dea3684a-87be-43db-86b1-6f6b72ffdfe3,0.00,0.00,0.00,60.00,13.00,90.00
dea630c5-08b0-487f-a928-105d0072f712,60.00,10.09,72.73,0.00,2.41,16.77
deaefc11-63e8-4b06-9108-758ad47e3dc4,60.00,9.86,71.09,0.00,2.64,18.41
dece6049-caa2-4447-a608-858531dd652d,60.00,6.15,63.71,0.00,6.35,23.79
dedb9037-2f5f-4cc0-bdcf-7dae9ff76d2f,0.00,0.00,0.00,60.00,7.67,65.33
def3388f-fb4c-4b52-973a-54be63e1a99b,60.00,11.57,83.08,0.00,2.43,16.91
df213459-8c00-408e-8975-2d0761c2a692,0.00,0.00,0.00,60.00,11.00,77.00
df6dc796-8ce9-4ccb-a4b0-36371bc382ff,60.00,14.19,103.23,0.00,1.81,12.74
df780386-eba1-45c4-9a33-a6fc44b43c90,0.00,0.00,0.00,60.00,10.75,80.00
df93d952-7b50-4155-a517-9928b838a0f1,60.00,10.55,75.93,0.00,1.45,12.07
dfa202c5-24e8-4a24-8a1a-2d3f63abdbc7,0.00,0.00,0.00,60.00,13.00,93.00
dfb291fd-b2c1-4d7a-9faa-ac9393ba0a1e,60.00,8.20,57.49,0.00,2.80,19.51
dffb9566-1963-4162-8621-802b5cf0deb6,60.00,13.25,94.75,0.00,0.73,5.17
e0023b51-c2cc-453a-ac0b-f07491b1873f,60.00,8.15,57.14,0.00,2.35,16.36
e004727a-5d21-4fc1-9a64-68892222a0a1,60.00,8.71,61.05,0.00,2.29,15.95
e005423c-132b-441a-9eb9-1e474c6ed63b,0.00,0.00,34.97,0.00,0.00,0.53
e016f83b-66ff-499b-a137-da0be925de4f,60.00,10.07,72.60,0.00,2.43,16.90
e0206143-bbc5-4521-a723-ea6b528b5377,60.00,16.80,115.74,0.00,0.20,3.26
e021824c-6ab6-4027-b8af-6a0cf6a08f77,60.00,10.27,71.52,0.00,0.07,0.48
e022795e-9c69-48d6-885b-044f6d380e71,0.00,0.00,0.00,60.00,12.50,89.50
e026fbba-abba-45dd-a13e-f09842b25179,60.00,8.98,62.94,0.00,2.02,14.06
e042a6e1-90c9-475e-883e-ff439efd45de,60.00,11.32,78.93,0.00,0.52,3.91
e04662e5-dc2b-478d-a358-0d70f4563a78,0.00,0.00,0.00,60.00,14.00,100.00
e05211e3-b811-4844-9bb9-840e2b1961c9,60.00,12.50,89.50,0.00,0.00,0.00
e06c912d-222a-4dbc-abe8-f1361e9f760f,60.00,10.73,75.07,0.00,0.77,5.43
e07a4753-ac94-44f3-b4a9-4dd8d46581e5,60.00,10.07,70.60,0.00,2.43,16.90
e0815612-99cd-4cb3-9442-5e3a7dcc4796,60.00,8.76,63.43,0.00,1.74,12.07
e087f69f-61f6-4019-be16-66a91b4f48d4,60.00,8.15,57.14,0.00,2.35,16.36
e096fc01-9a3d-49c0-a37d-52a0b01e0a48,0.00,0.00,0.00,60.00,10.00,73.00
e0cd42b0-ae8c-44c1-a7cb-11ffb821029c,0.00,0.00,0.00,60.00,11.00,77.00
e0fec729-14ff-4d27-8e35-8bcebfb1a15c,0.00,0.00,0.00,60.00,11.50,80.50
e12303fe-4405-4f2c-aefc-97b63b18c848,60.00,11.58,83.17,0.00,2.42,16.82
e12cfa37-ec4c-4138-a8ba-3847c30e1d11,60.00,12.50,87.50,0.00,0.00,0.00
e147166c-13cb-4373-aee0-da61d18428da,60.00,10.08,70.62,0.00,2.75,19.21
e14f061b-dbd8-4b22-b4a8-ff28071fdbd7,0.00,0.00,0.00,60.00,11.00,77.00
e1665084-d5f4-4006-9c07-203ccf933bce,60.00,8.98,77.47,0.00,5.02,22.53
e19692f1-6e67-4ae6-9663-7fc13478a9cf,60.00,8.69,60.90,0.00,1.98,13.77
e1bbf7c1-9472-4f8f-9b1c-28702a3ba9fd,60.00,10.60,73.27,0.00,2.40,19.73
e1be9144-4959-4424-8c7f-df67b4f09eb9,60.00,8.86,62.10,0.00,2.14,14.90
e1c238bb-c081-4884-998d-87a2e5dc7dcf,0.00,0.00,0.00,60.00,7.50,51.00
e1d41bab-ba53-4c9c-874c-f0787a555100,60.00,10.32,72.25,0.00,0.68,4.75
e1dfcc10-9fa7-4ca1-9b4e-9750513c0234,60.00,10.11,72.85,0.00,2.39,16.65
e1efe899-e176-414a-801b-d81e60e98b7c,0.00,0.00,0.00,60.00,12.50,85.50
e1fc8173-3aca-43fc-b58e-ea41e4680ccd,0.00,0.00,0.00,60.00,8.00,68.00
e1ffedf2-d225-4e18-a86a-977c31ce21c1,60.00,8.77,61.48,0.00,2.23,15.52
e20ad392-e4e1-438c-9db5-d85b03bffdf3,0.00,0.00,0.00,0.00,0.00,1.00
e232cdff-de01-4f37-9571-6b62920ada2c,60.00,9.81,69.18,0.00,0.19,1.32
e2447006-e622-4ec5-bcce-fe27455bb1b1,60.00,17.00,119.00,0.00,0.00,0.00
e24bcf9a-e7eb-4e08-b5f6-3ec3de4745b6,60.00,9.58,65.55,0.00,0.42,4.95
e258f35b-deca-4ff8-984f-058e582d3fd4,0.00,0.00,0.00,60.00,11.00,77.00
e2727e6a-10f4-4811-9ac6-947dfde55e62,60.00,9.10,63.75,0.00,2.40,16.75
e29ad0f5-3ba8-423d-acb2-ac0e96defc90,60.00,10.58,76.95,0.00,2.90,17.44
e2c4e7b5-fa9c-40af-ae22-809f113c2ebf,60.00,17.00,118.00,0.00,0.00,0.00
e2c82411-eba0-4d1b-ba27-b0dbd2b1711d,0.00,0.00,0.00,60.00,13.50,94.50
e2d210b9-a22b-40b4-bf2d-2031d6f36400,60.00,17.00,119.00,0.00,0.00,0.00
e2d91feb-3e5a-4e49-9fa5-108528b28ff0,0.00,0.00,0.00,60.00,24.00,168.00
e2d9e92a-e0c8-454a-bd9e-603a4086d5c3,0.00,0.00,0.00,60.00,13.50,94.50
e2e7a7ca-5b59-4165-9fa5-8f551a3d02fe,60.00,13.30,95.09,0.00,0.18,1.33
e2ee905b-d3f3-4127-b280-430c924a2906,60.00,16.81,117.57,0.00,0.19,1.43
e31cadf9-25d8-4e5b-b4dc-a670ced3f35c,60.00,10.03,72.30,0.00,2.47,17.20
e35833d0-52cb-4ead-a589-646a75e7c48a,0.00,0.00,0.00,60.00,11.00,77.00
e367dc58-2978-491b-8240-56ad1b730470,0.00,0.00,0.00,0.00,0.00,35.50
e37316ba-dabe-43c1-91a9-0065d969ac73,60.00,16.98,127.23,0.00,0.00,4.59
e39f1a35-5282-4765-a879-9fe89a0e0404,60.00,10.18,72.16,0.00,2.32,17.34
e3a416c3-ae59-4141-bf4f-3cdf0bd960d2,60.00,10.63,74.70,0.00,2.86,19.80
e3de046b-aada-43bf-9a02-016a4cb5dbdc,60.00,14.11,98.55,0.00,2.88,19.33
e3e0a8b6-a850-4ce9-bf71-0e2f215448f2,60.00,11.66,81.69,0.00,1.84,12.81
e3eaf74a-a2cb-4ef4-a966-586491d01aa4,60.00,8.24,57.79,0.00,2.26,15.71
e414e09e-7155-468f-bc6e-dbaf12cbc4ac,60.00,8.17,59.22,0.00,2.33,16.28
e42c397c-5a68-4ce5-93d9-6cb2d578bc92,0.00,0.00,0.00,60.00,24.00,168.00
e42d3003-5cca-45ab-aaa4-7ff365f53a2f,0.00,0.00,0.00,60.00,12.50,87.50
e439de62-fb51-4554-845e-77de406279a2,0.00,0.00,0.00,60.00,14.00,100.00
e43f2dd9-9457-4b1f-8e39-80307e5c8b6b,60.00,9.08,63.63,0.00,2.42,16.87
e44034d4-99c0-4136-9609-9b38bca3b5d3,60.00,15.00,113.90,0.00,1.00,14.07
e445f11c-428a-4c3a-87a3-92427002ea7f,60.00,9.76,68.37,0.00,2.74,19.13
e44a419b-34db-462f-98e7-ce4932a74634,0.00,0.00,0.00,60.00,13.00,103.00
e471f8a8-8fb6-4ba5-8af7-8b7fe7113227,0.00,0.00,0.00,60.00,15.75,127.50
e472f3b8-613a-4db1-99de-dc2ab79f31e2,60.00,11.18,78.35,0.00,2.32,16.15
e47549cc-45e8-493f-884d-d7c7bc40411e,0.00,0.00,0.00,60.00,14.50,101.50
e47ca6d7-4de1-4878-a2ce-07e297c7ad50,0.00,0.00,0.00,60.00,10.50,73.50
e496f3e3-9cb1-42c2-a175-a52ddda39e02,60.00,11.11,79.88,0.00,2.87,20.03
e49ce4a1-5f5e-4638-9bc6-794d0f1af44c,60.00,8.95,62.73,0.00,2.05,14.27
e4b7a452-5187-4bc0-a407-c501f9ade181,60.00,10.34,47.14,0.00,0.16,26.36
e4c955d0-a293-499b-9024-b8f793d3297f,0.00,0.00,0.00,60.00,13.50,94.50
e4e5a663-c422-4175-be32-49fdd55e988c,0.00,0.00,0.00,60.00,23.98,167.88
e5039465-d25c-4a1f-86a2-d1da0b74ccef,60.00,11.23,78.64,0.00,0.27,1.86
e50f56a0-419a-4813-a6b4-f17b6bca3348,60.00,10.26,71.90,0.00,2.24,15.60
e511445a-9ec3-4f26-833a-e4f3f77d232d,60.00,12.50,87.50,0.00,0.00,0.00
e513d299-1850-4aa7-aff7-1bdcaf2b1d7d,0.00,0.00,0.00,60.00,13.50,96.50
e525d900-c41c-4a6d-ac3f-846425729567,60.00,11.13,79.72,0.00,2.35,16.70
e540351f-738f-4eab-9574-a061d7ec806e,60.00,10.34,74.39,0.00,2.66,18.57
e581769b-49ae-42ea-aee5-36b9ff7b0de5,60.00,10.50,73.50,0.00,0.00,0.00
e58453a2-dc0c-458b-ae52-0af261bd0edd,60.00,10.08,68.42,0.00,2.76,21.41
e59dc5cc-f2f3-420c-bcaf-312fb2dbf548,60.00,11.50,82.61,0.00,2.48,17.31
e5b062d2-9a01-4f6b-ba9b-af469cfb9bb1,60.00,9.98,71.93,0.00,2.52,17.57
e5c86a78-02c7-4cc5-9952-344582f102d2,0.00,0.00,0.00,55.31,12.00,84.00
e5d03d93-75db-4508-b79e-a8d6574d6965,60.00,10.25,71.82,0.00,2.25,15.68
e5d35571-6e31-42b1-a597-1bea7a6aaaa7,0.00,0.00,0.00,60.00,12.98,93.98
e5f0b067-8d03-47fb-ba0f-292047f590da,60.00,12.50,86.00,0.00,0.00,0.00
e5fbcd06-c54e-4de2-af32-cf98e93d6be5,60.00,9.35,65.50,0.00,2.65,18.50
e667c064-d23c-4dbd-82cd-8b55f7267fcb,0.00,0.00,0.00,60.00,10.00,72.00
e6812f40-c99e-4080-98ff-4eca19427347,60.00,16.91,115.31,0.00,0.07,5.52
e692650a-0d9d-47e0-bdc4-02db0c1f5035,60.00,17.00,119.00,0.00,0.00,0.00
e699af9b-1281-4965-8729-cb563d5a2ad4,0.00,0.00,0.00,60.00,12.00,85.97
e69c44fb-54f0-4813-aed2-db564dff42ed,60.00,10.08,70.66,0.00,2.75,19.17
e6a86b3f-d1ed-49a1-a970-ea658e0d25a4,0.00,0.00,0.00,60.00,15.50,108.50
e6b7d714-65e3-405b-aab6-a64414ab37d1,60.00,11.98,83.54,0.00,12.02,84.46
e6c43e5c-0a7e-4029-aa33-71f276cccfcb,0.00,0.00,0.00,60.00,12.50,87.50
e6cdaf9e-a96d-4466-a196-504e9b3ecb03,60.00,11.54,82.84,0.00,2.46,17.15
e6d12c87-cc44-49dc-97df-bb36b7a40841,60.00,8.69,60.88,0.00,2.31,16.12
e6fba4a4-89d3-4590-997e-78645cc7029a,60.00,14.43,104.91,0.00,1.57,10.56
e7063ce3-dfab-4c4e-ad8a-103acd229525,60.00,10.61,74.54,0.00,2.89,19.96
e71c1861-0179-4a95-9795-4e87c8fcde65,60.00,11.44,91.10,0.00,0.56,3.40
e72ecab8-d353-405c-a16d-0b78d032fc01,60.00,9.97,69.82,0.00,2.87,20.01
e7484a16-dfda-431e-a31a-47cdf2ef82dc,60.00,9.53,70.73,0.00,0.22,1.52
e751bac9-dc16-45ec-93b1-ea1ece991721,0.00,0.00,0.00,60.00,15.98,113.88
e756d3fd-2a9b-4376-a259-cbece75b3d4c,0.00,0.00,0.00,60.00,19.00,133.00
e78b052f-a63d-4ec4-b3cd-8bd91391c5fc,0.00,0.00,0.00,60.00,24.00,168.00
e799f4ae-ff48-493a-8880-66c15d8147cb,60.00,8.51,59.61,0.00,1.99,13.89
e7a47ccb-91db-4dfe-96ed-00427280c8c2,0.00,0.00,0.00,60.00,13.00,91.00
e7da3371-26c8-40bd-8e72-72b02ce5e59e,0.00,0.00,0.00,60.00,10.00,70.50
e7ea7ffb-87b6-4198-9c88-1babd2d2fe2d,60.00,16.82,117.64,0.00,0.18,1.36
e7fdcecc-6e9d-4009-a174-de5186444904,60.00,9.74,68.65,0.00,0.26,1.85
e808df89-82c7-4ac2-b6f8-1ff1f62a2e6e,60.00,9.74,68.29,0.00,2.26,15.71
e83a139c-9e4c-424a-9780-0c8d5895521f,60.00,7.52,32.83,0.00,2.98,40.67
e84003c9-a02a-4da5-988b-f3fd7827ab78,60.00,11.27,78.94,0.00,2.23,15.56
e8464366-fa82-4802-8f8a-a4a15315c18f,0.00,6.04,45.05,60.00,16.46,112.45
e847b666-c68b-4b12-a110-4de044a4f52a,60.00,16.82,117.66,0.00,0.18,1.34
e891e0c8-6018-4172-8373-54463bb4fa92,60.00,15.88,111.07,0.00,0.10,0.82
e89c4078-d92d-4dba-8465-c452e91b3170,60.00,15.85,112.59,0.00,0.15,1.40
e89d67d7-39fa-4ef8-8413-0335f24662db,60.00,8.50,59.60,0.00,2.00,13.90
e8afb299-172b-4310-a46a-fa131c284b36,0.00,0.00,0.00,60.00,17.00,119.00
e8d86d9e-7f09-4a9a-871f-d515fdda7d04,60.00,14.59,103.93,0.00,0.41,3.07
e8f1a06d-3df9-4e47-b65a-a2f620638ff4,0.00,0.00,0.00,60.00,13.50,94.50
e9024ecd-a311-4754-9e8b-73ff30150924,60.00,10.19,73.42,0.00,2.31,16.08
e929ae0f-498d-41bd-9ce4-96bdbab2f562,0.00,0.00,0.00,60.00,19.00,133.00
e93f9c64-556e-41a1-a062-9702689c16e6,60.00,9.80,68.68,0.00,2.70,18.82
e9423b59-05b0-4380-aa82-42a18d5b0d4d,60.00,14.72,103.00,0.00,1.28,9.00
e94cc620-62fa-483a-9f59-71b6664136e5,0.00,0.00,0.00,60.00,12.50,87.50
e94e5f42-43e4-4a1b-be8c-d9bf2bf965bf,60.00,16.80,114.52,0.00,0.20,3.48
e95f7e52-6b54-4837-8991-31e63a9c2084,60.00,8.15,57.08,0.00,2.35,16.42
e9785e63-747d-48b4-9024-0f04cd8158da,60.00,9.74,66.64,0.00,0.26,3.86
e979b376-5e51-4a8b-bf5c-9ce8b3c7ff4e,60.00,8.98,62.94,0.00,2.02,14.06
e98a34e7-ac2d-42a2-8920-e4a2e74856b6,0.00,0.00,0.00,60.00,13.50,94.50
e98f7356-f377-4cdd-8e14-38ae5bfdfd9f,60.00,9.17,64.25,0.00,2.33,16.25
e992da45-deb0-467f-98ac-378aa2d10566,60.00,10.50,73.50,0.00,0.00,0.00
e99b0f6a-5786-46d6-8f27-d74238f55f1a,0.00,0.00,0.00,55.31,9.75,70.25
e9a51f15-4563-4270-9596-dbc8cb958c08,60.00,11.58,83.12,0.00,2.42,16.88
e9b76e28-0dd2-48bf-bbbe-89013c5cb471,60.00,8.98,62.93,0.00,2.02,14.07
e9ba42b6-877d-4d50-8ab3-acd7813f2a83,60.00,9.08,63.62,0.00,1.92,13.38
e9bcc88c-a2bb-4a50-a4a9-1bc4db8b4723,0.00,0.00,0.00,60.00,24.00,168.00
e9d22f1f-8e63-4a1e-89c3-b3fa750d0db4,60.00,9.41,65.93,0.00,1.09,7.57
e9d2e6e3-dfbe-4c51-a7d9-8e9d3d11255c,60.00,8.94,62.67,0.00,2.06,14.33
e9e3e068-2bbc-48e2-8ce2-1cd831abbbaa,0.00,0.00,0.00,60.00,10.50,73.50
e9f5a890-e35f-4618-b5c3-f34be897f3d5,60.00,11.64,83.57,0.00,1.85,12.85
e9f7badc-bff5-412d-90b9-3cd19b417572,60.00,13.97,109.67,0.00,3.01,8.21
ea047d9a-3335-4ebd-8aaf-06455ae082b4,60.00,8.75,61.29,0.00,2.25,15.71
ea0e9240-bdf4-4778-9425-eed60860b8e5,60.00,14.84,86.85,0.00,0.66,1.62
ea177507-fbeb-441f-a4b6-6464bf6671ef,0.00,0.00,0.00,60.00,12.98,93.88
ea190b07-1172-45ac-a84e-620221859bbc,0.00,0.00,0.00,60.00,14.00,100.00
ea1b7ba9-148c-4efe-8fca-24506f6d78c4,60.00,14.17,101.88,0.00,2.82,19.95
ea26a67e-0d01-4cdd-9487-659e6d43f445,60.00,9.60,71.18,0.00,0.40,2.82
ea5a8158-21e1-4253-ab62-5381b49a5e16,0.00,2.58,53.49,0.00,0.00,12.51
ea72a531-854b-4d19-8bf5-f173906b52e8,60.00,9.86,69.06,0.00,2.64,18.44
ea730bc6-ec35-4b10-b19a-0952a58d4649,60.00,8.81,61.72,0.00,1.86,12.94
ea7ad756-e909-4c49-b13d-8c50b4bd48b5,0.00,0.00,0.00,60.00,12.50,87.50
eaa2db83-c2be-47c7-a0fc-392cd29e763f,60.00,8.98,53.95,0.00,2.02,23.05
eaa96e22-5ab5-4fc5-bb16-4d3943346b40,0.00,0.00,0.00,60.00,8.92,44.00
eab06b42-cb30-4b0a-90b8-adf59339acb6,60.00,8.35,58.54,0.00,1.65,11.46
eabd6698-da6b-4334-b36a-e83db00af880,60.00,13.27,92.68,0.00,0.23,1.82
ead054c4-5290-4e3c-a84f-626f0f029902,0.00,0.00,0.00,60.00,15.00,105.00
ead1d797-772d-4bdc-af67-bb87f7a0329f,60.00,6.58,63.02,0.00,6.25,26.81
eafc494d-ce26-4943-9c52-256f3152aa6e,60.00,8.98,68.82,0.00,15.02,99.18
eb06a2b7-13be-44f4-adb0-48aa74be4b08,60.00,9.78,70.51,0.00,2.72,18.99
eb20fad2-4856-493a-93a4-ea9935de4a71,0.00,0.00,0.00,60.00,11.00,80.97
eb55948d-5d54-45e0-ad0e-a5716b98fb37,0.00,0.00,0.00,60.00,7.73,60.13
eb596971-cf19-4c8c-afb3-eabe0550c8ed,60.00,9.79,68.62,0.00,2.71,18.88
eb63f178-98d1-4cfe-8f6a-7117dcf3de72,60.00,8.72,61.11,0.00,2.78,19.39
eb7574dc-2e05-414c-9b77-54c06e098354,60.00,8.48,55.92,0.00,2.36,21.91
eb7c8f9a-64b5-4cff-b76a-a4e8c7ec7ec6,60.00,13.19,92.41,0.00,0.31,2.09
eb87cde8-3bfa-4ce7-b129-b62aa1f8e50c,60.00,8.51,59.62,0.00,1.99,13.88
eb9390d1-d437-44a2-954c-e604f7941a0e,60.00,8.83,61.89,0.00,2.17,15.11
eb9c7cd7-e2be-4641-9feb-bd75d25ba809,60.00,6.24,60.98,0.00,2.68,16.02
ebe09aeb-700d-421b-a944-cd2866502ae0,60.00,10.18,63.53,0.00,2.32,25.97
ebef8ab1-5345-41cb-9b6d-1abe5e80e89b,60.00,10.14,70.07,0.00,2.36,19.43
ebf009fa-e787-4e8c-ae27-5149a6857e67,60.00,8.67,62.75,0.00,1.83,12.75
ebf8a4c0-5ab0-4049-9f6a-6d0313692ea3,60.00,6.48,59.98,0.00,4.52,17.02
ec04b1f7-ba23-447c-90b8-154c5b76f6c1,60.00,11.98,86.27,0.00,1.02,6.70
ec1be024-235a-4703-ae1d-cc1c22ee5b3d,60.00,14.72,109.55,0.00,1.28,18.45
ec28b913-d0a5-44e0-895a-87da8b0770c6,0.00,0.00,0.00,60.00,15.75,114.25
ec2e0fde-adae-4b4f-b2fc-7b5ff3a48ced,0.00,0.00,0.00,60.00,14.50,101.50
ec42a2c7-fa28-43f8-89f3-7d79b9908b40,60.00,11.55,79.90,0.00,2.45,20.10
ec6d9a3e-1572-4738-9845-1b06abc2b290,0.00,0.00,0.00,60.00,10.50,75.50
ec843efc-1a2a-497b-a3a2-b0e5a6b83dd6,60.00,10.40,72.79,0.00,0.85,5.96
ec950f40-e230-4f7e-aac1-b7a54b2c3bde,60.00,9.27,64.95,0.00,2.23,15.55
ecc729d1-62c9-4ed0-ac09-2d9a7bea0f53,60.00,8.15,59.11,0.00,2.35,16.39
ecdbe12a-4c8c-43ce-ae1f-db9c62cec304,0.00,0.00,0.00,60.00,12.00,85.97
ed02a3d0-048c-48ce-9ea5-ea5b4bd43056,60.00,10.19,71.44,0.00,2.31,16.06
ed0ded74-276b-4972-9269-d4aa91adad98,60.00,9.80,68.64,0.00,2.70,18.86
ed14b1b3-baa2-4567-b161-d9f42e501ced,0.00,0.00,0.00,60.00,11.50,80.50
ed41034b-f842-469d-8a15-9c6ce983ffa8,60.00,16.00,116.00,0.00,0.00,0.00
ed574fb4-14b3-40f5-842e-07cf1077d842,0.00,0.00,0.00,60.00,17.00,119.00
ed777f9d-f702-4b26-b099-c8da00c04f9e,60.00,8.17,49.17,0.00,2.83,27.83
ed90f929-b650-4db8-8a54-d74b91ceecc1,60.00,12.50,89.50,0.00,0.00,0.00
ed934535-5d26-4343-b963-0d6a0e4a5655,0.00,0.00,0.00,60.00,24.00,168.00
ed9bb4a5-1b1c-4aeb-bc5c-bb57efcc8389,60.00,10.50,73.50,0.00,0.00,0.00
ed9cbf35-2600-4bec-a7b6-5bf0abc77455,60.00,8.31,58.20,0.00,2.36,16.46
edb35e8a-7567-42df-a780-536b47fbb120,60.00,10.19,71.43,0.00,2.31,16.07
edc2d397-6852-4df3-8135-ce60089c6302,60.00,11.50,82.58,0.00,2.50,17.42
edc6de1a-ddd4-4dc2-b7ec-c0b339963780,0.00,0.00,0.00,60.00,12.50,87.50
edf5fcb3-09ae-4493-9569-274545d3ba40,60.00,10.60,74.17,0.00,0.40,2.83
ee36f53d-de2f-4939-b95e-2d976d606d80,60.00,10.10,36.87,0.00,2.40,50.63
ee393086-5079-44e5-8e4a-74070100bfbc,60.00,16.65,116.42,0.00,0.35,2.58
ee5a7cd0-fde9-488a-9bf1-b0ef00f044f1,60.00,9.16,66.17,0.00,1.34,9.33
ee7e7e58-cf14-43d4-8ad5-f7ff1f7d5c88,60.00,15.50,108.50,0.00,0.00,0.00
ee89d5ef-fc34-4daf-a20e-9e8f1322dc05,0.00,0.00,0.00,60.00,12.00,84.00
eec2f7cc-a679-41b5-afa5-7eed38423356,0.00,0.00,0.00,60.00,24.00,168.00
eec74816-9766-49bb-a232-2c3ce814a9be,60.00,9.63,69.41,0.00,0.37,2.59
eeeee0ab-4d27-4816-930e-3397cef61a17,0.00,0.00,0.00,0.00,0.00,1.00
ef050194-517b-49f7-92b7-265b4312e376,60.00,12.50,87.50,0.00,0.00,0.00
ef055fc4-b717-451b-a668-a784f5ccbcab,60.00,8.36,58.61,0.00,2.30,16.05
ef06b3df-016f-46ae-bf0e-a4f29de45e26,0.00,0.00,0.00,60.00,12.98,90.88
ef0f0211-07ff-44f7-9261-0ff1acc6e5db,0.00,0.00,0.00,60.00,13.50,94.50
ef1af76e-3716-42b2-9ae8-2eee5fc0e4bb,0.00,0.00,0.00,60.00,13.50,96.50
ef324889-d677-494b-b149-6de470526bb7,60.00,14.42,102.69,0.00,0.58,4.31
ef36f13c-90ea-4da7-82d6-475a5bde4241,60.00,16.81,129.39,0.00,0.17,3.43
ef62ad72-2290-4557-b762-577b6fc58ec8,60.00,6.67,60.93,0.00,4.33,16.07
ef80e4f5-6cba-413c-8f18-2b5cb7a17bcf,60.00,12.44,82.34,0.00,0.56,10.65
ef969cbb-ae17-458f-b6f2-fbd683799285,60.00,10.78,75.40,0.00,0.72,5.10
ef97fdcb-80c9-472c-9f39-13729b8a361c,0.00,0.00,0.00,60.00,14.00,100.00
ef9985e2-f576-423b-9c7f-a6867c98e865,60.00,10.68,77.58,0.00,2.81,16.80
efc918a0-fbdc-48a5-9277-b4953f5b23f7,60.00,9.98,71.92,0.00,2.52,17.58
efd2613e-8382-4ba6-9382-674d8277b220,0.00,0.00,0.00,60.00,17.00,119.00
efe84b1b-beae-459b-8fa8-3850a424df8c,0.00,0.00,0.00,60.00,10.50,73.50
efee00c3-fe4c-4dd2-a90f-71d18cafeb5a,60.00,10.16,75.19,0.00,2.84,19.81
f00d8a04-a07c-4db0-9812-f18a5b2612d4,60.00,12.50,87.50,0.00,0.00,0.00
f01481f7-7f96-4bb2-af82-aac59d7e72cb,0.00,0.00,0.00,60.00,12.98,93.98
f02204d9-0fa5-49f6-86c8-83a65792f28b,0.00,0.00,0.00,60.00,12.50,87.50
f02a54f8-f3fe-4c28-b7e7-370f9515dcc4,60.00,14.21,99.21,0.00,2.78,19.67
f03c16f1-a573-4c9a-96a2-79c9c4d87ba9,60.00,12.71,101.08,0.00,3.29,26.88
f03c26f0-c115-445d-a92f-58ea44359bb7,60.00,9.99,72.01,0.00,2.51,17.49
f044ec1a-a4a6-4758-8118-cc4aa68ad47c,60.00,16.84,117.81,0.00,0.14,1.07
f05d7c8c-59d5-4682-8a66-22ae6950b37a,60.00,10.67,77.55,0.00,2.81,16.84
f077f6f8-8be4-4a2f-b858-cc2182f2c458,60.00,16.65,116.48,0.00,0.35,2.52
f07dd09a-5888-4fc1-9317-5d9b46388120,60.00,17.00,119.00,0.00,0.00,0.00
f0ce2609-a0ae-4318-8afb-8bc84f785ccd,60.00,13.33,93.10,0.00,0.17,1.39
f0d6ff3b-79c2-422f-bd0f-9deeadd1fdcc,60.00,12.50,87.50,0.00,0.00,0.00
f1037416-f07e-4bfb-88ec-bb7600627392,60.00,14.73,104.02,0.00,1.27,11.98
f18b461b-bb09-4661-8ed8-bccfdb9ea77c,60.00,12.64,113.97,0.00,11.36,54.03
f18f465a-012e-4f15-b2b1-97396bb70423,60.00,11.60,80.32,0.00,2.40,19.68
f191b9f5-ce23-4f01-a990-3bd0b55e5d24,60.00,10.71,75.07,0.00,1.29,8.93
f193e754-24ec-4f4d-b7e3-09957f29d455,60.00,9.02,63.25,0.00,1.98,13.75
f1b3b89a-6aaf-4080-bf62-85fb00c88492,0.00,0.00,0.00,60.00,14.50,100.48
f1b6c9a6-5c5b-4eeb-8ac8-ed9961523318,0.00,0.00,0.00,60.00,12.50,87.50
f1bbcfa9-8877-49d7-b25f-fef4f1e72dad,60.00,9.85,71.05,0.00,2.65,18.45
f1c8d9fc-c386-45ab-bd13-bb0bad43d7af,60.00,9.76,68.77,0.00,0.24,1.73
f1e6663c-87cc-4d81-8092-360f93b45b91,60.00,12.42,89.00,0.00,1.58,10.99
f1e8a224-4732-46a3-96c5-b698bfe98ff0,60.00,12.50,87.50,0.00,0.00,0.00
f20aed39-019f-4d8a-9877-3c564efbbd29,60.00,9.25,64.85,0.00,2.25,15.65
f2137b08-fe17-4ac6-b567-10af21f1ef04,60.00,11.38,81.76,0.00,2.60,18.16
f226c398-9b39-47a2-9b9c-457befee25f7,0.00,0.00,0.00,60.00,13.50,94.50
f22f3a44-eb35-440e-b3ac-ecaffa84d2d6,0.00,0.00,0.00,60.00,13.50,94.50
f2686184-3b91-4236-9498-1150b28ced78,60.00,13.42,92.65,0.00,0.58,6.35
f2b972e3-64af-41e0-a723-8696289e3cb5,0.00,0.00,0.00,60.00,13.00,91.00
f2c3ff35-4650-4f3c-a96d-89c1855b9170,60.00,13.20,91.38,0.00,0.79,7.53
f2d74cdb-bde6-431e-a2be-8e501ff0054c,60.00,8.62,60.42,0.00,1.88,13.08
f2eb40ff-e596-42d4-a763-b0eb470392a4,0.00,0.00,0.00,60.00,13.00,99.00
f2f347e1-cda9-4b80-be9c-2eb0a4491d5a,60.00,10.44,75.13,0.00,2.56,17.87
f307fbe0-93c8-452b-b225-8febfd5299bb,0.00,0.00,0.00,60.00,13.50,96.50
f31b405c-70a2-4ae4-80f5-19e81af6219a,0.00,0.00,0.00,60.00,10.50,73.50
f34b5124-d482-43fa-9884-d00ddd087ac9,0.00,0.00,0.00,60.00,11.50,80.50
f3577721-412a-4fad-9967-27d50e5862c0,60.00,14.30,100.01,0.00,1.70,11.99
f366cb4c-bc87-47b7-80c9-56018009064a,0.00,0.00,0.00,60.00,11.50,82.48
f37be88f-5355-4bd2-bed8-1dd7ee9af201,60.00,17.00,118.00,0.00,0.00,0.00
f380b090-0724-43e4-ac52-58abd6bee401,60.00,8.69,62.94,0.00,1.81,12.56
f38e4a04-abf6-4875-bd09-ea3b46e4e61c,60.00,12.57,89.77,0.00,0.43,3.20
f394ed47-ebc2-4e24-847c-25d66ed27666,0.00,0.00,33.91,60.00,11.25,44.84
f3b26d90-e36c-4236-8c03-11ad57a96822,60.00,17.00,119.00,0.00,0.00,0.00
f3b8d18d-0136-4189-baf2-ba4e016da11e,60.00,11.59,83.20,0.00,2.41,16.80
f3ba2008-50a3-4e30-b956-7f1bd1bb7188,60.00,16.71,116.89,0.00,0.29,2.11
f3bc3ebb-e78e-4135-99ec-402252c7418f,60.00,11.32,81.37,0.00,2.66,18.54
f3c75161-a9e6-48cc-8793-3199206c4422,60.00,14.22,97.04,0.00,2.76,21.84
f3c9f8f0-ae09-40c5-9020-17a4137c0001,60.00,14.18,101.99,0.00,2.80,18.84
f3cfc707-4408-49cc-b52f-87dec2eb3178,60.00,12.02,87.48,0.00,1.96,12.44
f3d466c1-8f97-445c-b161-5da6eddf38d1,0.00,2.62,18.54,0.00,2.88,19.96
f3dcee45-b22e-4ebf-aab2-64020efeb33b,60.00,10.14,71.04,0.00,2.36,16.46
f3dd8edc-2ca9-4358-a325-21f1829f2c86,0.00,0.00,0.00,0.00,0.00,35.50
f3dda818-3c7b-4b29-a0c2-1ee88487bb63,0.00,0.00,0.00,60.00,12.50,87.50
f3e8cdc1-c4d2-4992-816d-ccd7f5769e86,60.00,16.47,115.24,0.00,0.01,0.14
f3e8d4e3-3603-4681-8d1c-b2537ac996f7,60.00,10.33,66.70,0.00,2.67,20.30
f3eab10f-d668-4d91-949f-940bb6be4bb7,60.00,10.05,72.40,0.00,2.45,17.10
f3ee2f9b-ec02-4419-971e-28d1c0ce026c,20.03,13.94,115.25,39.97,3.05,3.63
f3fbb62a-1fa2-4ae7-a67e-fc0e4374e894,0.00,0.00,0.00,60.00,14.48,101.38
f4031478-c362-4564-a7e1-b786351f8858,60.00,16.82,117.66,0.00,0.18,1.34
f4070647-2de8-4146-90f2-ba4cb5d39d05,60.00,23.98,167.88,0.00,0.00,0.00
f40ba546-c15c-48f0-9e90-da1b0b5534c2,60.00,14.05,91.22,0.00,1.45,13.78
f413f1b7-81c3-4fd8-8fa6-1eba51365b59,60.00,8.71,61.01,0.00,2.29,15.99
f43c46e1-5176-45e9-af64-417ad1da31c1,0.00,0.00,0.00,60.00,13.50,94.50
f447d672-c954-4a15-abdc-b1d168834620,60.00,10.65,72.61,0.00,0.60,6.14
f462e19d-77ba-43f6-aae6-41bfaaddcbfd,60.00,11.13,79.70,0.00,2.85,20.22
f4718f77-b7aa-4170-9b98-ad41313f1cab,60.00,16.66,113.54,0.00,0.32,4.34
f473ec10-4dc0-45c0-ba8b-112ac988677d,0.00,0.00,0.00,60.00,12.50,86.00
f48594fc-ff52-4f8b-82c4-b380aa50dc38,60.00,12.42,85.67,0.00,0.58,6.33
f49af67e-776a-4bc8-8811-45c9d0e6e7e9,60.00,8.66,60.70,0.00,2.01,13.97
f49b56ef-d21f-4ea3-8227-cc6167a7988d,0.00,0.00,0.00,60.00,8.00,68.00
f4a2eb29-4cd8-46bf-b338-c4dc3e31f0f9,60.00,11.19,78.25,0.00,0.81,5.75
f4da140c-9066-42a9-a18b-9aafe5e2ab04,60.00,12.50,87.50,0.00,0.00,0.00
f4deb05e-88e8-4890-a8d8-478cbda3aefe,60.00,11.27,82.83,0.00,0.23,1.63
f4ea0362-6040-4e5d-be0e-8e1c4edfc2f9,60.00,9.81,69.94,0.00,2.69,19.56
f4ed03a0-1b52-41ee-877a-c6505c890927,60.00,9.89,69.27,0.00,2.61,18.23
f4f360c8-b869-4836-aad5-41ef26021c1b,0.00,0.00,0.00,60.00,10.33,72.00
f4f60eab-60ab-4948-bd0d-dd07389b84cb,60.00,8.84,70.88,0.00,0.91,7.36
f51bfbe4-d117-4b88-89e6-829c3cff612b,0.00,0.00,0.00,0.00,0.00,35.50
f52c96e6-3658-48d4-b8a8-ff1651189dcd,60.00,7.35,51.50,0.00,2.15,15.00
f53adfbe-7229-4098-bf4b-a1b242a3aa6c,60.00,9.81,68.72,0.00,0.44,3.03
f561fb54-96ef-482f-9cc5-18ecfc64cc0d,60.00,14.89,114.22,0.00,0.11,0.78
f5870ce4-3e9c-4988-ade4-1d7c7d06585c,60.00,10.17,73.30,0.00,2.33,16.20
f5a47d98-3ff7-4729-9f8d-1972c08878bb,60.00,10.45,70.23,0.00,2.38,19.60
f5bc404b-d0a6-4e29-b5ce-13cb35493164,0.00,0.00,0.00,60.00,12.00,85.97
f5db9d9e-5f57-4a92-9c98-52f742eaa417,60.00,9.10,66.37,0.00,0.65,3.88
f5ec1b1e-46f5-42f6-8d97-33e91a01dfad,0.00,0.00,0.00,60.00,8.25,69.75
f5ed6629-9a29-4429-afdf-122eb29866e0,60.00,16.65,116.49,0.00,0.35,2.51
f5f631ea-e22d-4aa1-a844-10c07dec831b,60.00,10.42,74.93,0.00,0.33,2.32
f5f70424-9832-4f5e-a28f-aa0dd56fa039,60.00,17.08,117.98,0.00,0.92,8.02
f5f90cfb-ddb0-4172-a34e-d25ca4914f2f,60.00,11.57,80.09,0.00,2.43,19.91
f5fbae5c-2669-4b4c-a84f-e0e9cf7bdc76,60.00,8.69,60.87,0.00,2.31,16.13
f61a6624-f15e-49aa-85e4-6a5f8c4f0368,0.00,0.00,0.00,60.00,10.50,75.50
f6369e14-2d43-4df0-8a2b-f49fa848b653,60.00,16.80,98.13,0.00,0.18,20.76
f6370d4e-c759-4b76-9716-405e6a8129b6,60.00,8.98,62.94,0.00,2.85,19.90
f63a2db2-b1c9-47d7-99b7-4b1252528458,60.00,11.48,82.49,0.00,2.50,17.42
f640024e-93cb-4e71-90ed-3699620cd3d4,0.00,0.00,0.00,60.00,13.00,103.00
f65ba669-3b84-432c-94a1-6f27c8af7702,60.00,11.95,106.19,0.00,4.53,9.20
f660ed62-e1d2-4e4f-ab29-9104fb0224e3,60.00,12.02,86.59,0.00,2.48,16.91
f684b326-7ca2-46bb-a29e-69fcdf527392,60.00,8.15,56.16,0.00,2.35,19.34
f68cac2a-530d-4c27-a294-d2e7161cc471,60.00,9.44,68.14,0.00,1.06,7.36
f69571d4-046c-4862-85d2-3dbf3e064b3e,60.00,12.50,87.68,0.00,0.48,3.20
f6a12787-d2d8-47da-a88e-014577dfd7ec,0.00,0.00,0.00,60.00,16.00,114.00
f6b268f4-6b76-4bad-9640-044057c8fe51,60.00,16.88,98.27,0.00,0.10,20.61
f6b5dd36-17e2-484c-af5d-3c9bed5ebff4,60.00,8.41,58.91,0.00,2.26,15.75
f6cd6a15-b007-4210-9198-43787048cf91,0.00,0.00,0.00,60.00,17.00,119.00
f6df14f4-8942-42cd-8ce2-238682bdaa9b,0.00,0.00,0.00,60.00,10.50,75.50
f6e4d870-a273-49cf-be4d-1bf529e26ff3,60.00,12.45,89.29,0.00,1.53,10.63
f70f93a1-4ee1-45c9-b262-481e83bca404,60.00,8.95,62.70,0.00,2.05,14.30
f70fcc46-8a01-44a3-a64e-a1086393f0ce,60.00,13.77,96.27,0.00,1.73,11.23
f72c0bcf-a71d-4ddf-870d-a1f7b9a2f09e,60.00,13.42,86.36,0.00,0.07,8.02
f72caa4b-016d-47b8-ba23-648716a026e3,60.00,11.35,79.40,0.00,0.65,4.60
f7315382-429c-41d5-8537-1c8922fd850c,60.00,9.89,61.40,0.00,2.61,28.10
f732ea06-7302-4620-95d0-f71131fde890,60.00,13.21,92.28,0.00,0.29,2.22
f74fc445-3876-4b59-a378-1b079c1fc5ef,60.00,13.32,90.26,0.00,0.18,4.23
f75a2ea6-5753-40a6-91c2-4443f1f87175,60.00,8.49,56.47,0.00,2.01,17.03
f75dcf24-ea4b-41e1-a908-6f8da16b32cd,60.00,12.51,91.59,0.00,0.24,1.66
f75e6574-7dac-4ce8-ad61-5f15ea6dccc9,60.00,10.05,70.44,0.00,2.45,17.06
f773aa22-eac6-48d5-a77d-d004d5834fee,0.00,0.00,0.00,60.00,19.00,133.00
f7812b3c-0c0c-448b-8574-f17b29c64ca3,60.00,9.40,65.88,0.00,2.60,18.12
f7878002-4f12-4a13-8d11-02f3430bbb3c,60.00,10.75,77.37,0.00,2.73,19.05
f7a6b6d7-6de8-4f8b-8e08-2115bc6295f0,0.00,0.00,0.00,60.00,14.00,100.00
f7aa3ab9-3eb9-4f49-8010-18927ca7752e,60.00,9.37,81.11,0.00,4.61,18.80
f7b11ae0-72be-4161-990d-388720005ce7,60.00,12.50,87.50,0.00,0.00,0.00
f7c32817-52f8-4d1d-ad34-bf53bce0a08a,60.00,8.85,62.06,0.00,1.81,12.60
f7e6fee5-374a-4768-bac2-9c2cb393506e,60.00,13.15,124.50,0.00,1.35,5.45
f7e70a1c-0015-4240-a7c9-c970ded9aa78,0.00,0.00,0.00,60.00,11.83,82.83
f7f97ab9-bd6a-4947-bcf7-21ddf5b232db,60.00,11.23,78.70,0.00,2.27,15.80
f810e7be-8bff-44ea-a7e2-e6106fe7664e,60.00,11.21,78.51,0.00,2.29,15.99
f8205f74-b1db-462d-a285-771d71247c22,60.00,9.94,48.79,0.00,2.56,38.71
f85dc857-55e9-46f7-826d-ce70d1cbf074,0.00,0.00,0.00,60.00,12.98,102.88
f85fa026-e231-4026-8b03-ab1a119f6743,60.00,8.98,70.10,0.00,2.52,16.40
f8888beb-8b5d-4b97-b392-330645d64fc6,60.00,23.98,167.88,0.00,-0.00,-0.00
f895efca-793a-43f8-a99f-5134e653fa15,60.00,8.74,61.23,0.00,2.26,15.77
f89c5820-db74-4798-ab14-ada78d5277c8,60.00,8.94,62.67,0.00,2.06,14.33
f8d68797-2323-47b7-919f-47951b6a108f,0.00,0.00,0.00,60.00,10.75,80.00
f8e62b3f-c624-4597-9bcf-c11514bb1224,60.00,16.95,118.56,0.00,0.03,0.32
f8ed9dd4-e81c-4623-86e3-089f153242e1,60.00,10.28,73.96,0.00,1.72,14.00
f8efbce2-754b-4a9e-88e9-f08833bc2b80,0.00,0.00,0.00,60.00,24.00,168.00
f9014e07-d4c9-4ae5-b4e8-39a62c7a7798,0.00,0.00,0.00,60.00,13.00,93.00
f940086a-eb3d-47f2-8234-ebd78266400a,60.00,8.83,18.09,0.00,2.17,58.91
f95fe721-932a-43f3-8229-091afa0318aa,60.00,9.49,66.51,0.00,2.01,13.99
f9a43aba-32fd-4b77-8ae8-946d79fc5c60,0.00,0.00,0.00,60.00,14.00,100.00
f9d73b16-3b92-45f6-b482-15983f447969,60.00,8.98,62.90,0.00,2.02,14.10
f9e572e2-03b6-4052-b5f1-33ecf804f30d,0.00,0.00,0.00,60.00,13.00,93.00
f9faa922-6eac-41c7-bdeb-4853c9ac3c14,60.00,8.98,59.93,0.00,2.02,17.07
fa073601-305e-4a36-8191-b172dd362147,60.00,11.28,80.44,0.00,2.22,16.06
fa1002c9-cd56-465e-a620-46867baab7d1,60.00,8.39,58.78,0.00,1.61,11.22
fa158f72-0eb4-4026-8307-1a7cc67f88b6,60.00,16.00,116.00,0.00,0.00,0.00
fa22ab08-0cf1-44a6-9409-30df3dffee63,0.00,0.00,0.00,60.00,11.50,80.50
fa400892-09e3-4451-94db-8f28c7bd165e,60.00,12.50,89.50,0.00,0.00,0.00
fa465696-40bc-411a-aa45-0e60b2cc282f,60.00,8.52,56.75,0.00,1.98,16.75
fa761f78-5293-488f-b718-51e08e195980,60.00,11.45,82.26,0.00,2.53,17.66
fa868c38-b0e2-4569-86e1-79ee68680f72,60.00,11.55,78.83,0.00,2.45,21.17
faa0674b-2470-4aad-852f-8549d6bb90ee,60.00,12.67,90.42,0.00,0.33,2.54
faa47482-54a6-4aaf-a2fb-0e43341ca328,60.00,9.70,67.95,0.00,2.80,19.55
faab0eb8-287a-4fb1-abe6-9e6527bc646e,60.00,10.58,76.14,0.00,2.42,16.86
fab8bdd8-96ff-40a4-85ad-460b91ee9d37,60.00,8.06,56.44,0.00,2.44,19.06
fabca05b-3721-4a4e-8957-28165959b958,0.00,0.00,0.00,60.00,13.00,93.00
fac46099-349f-42f9-b9f1-2a74404b6247,60.00,16.65,116.43,0.00,0.85,6.07
facc4a1b-4247-4ec7-943a-4fcae8a3e03a,0.00,0.00,0.00,60.00,24.00,168.00
fb1ce487-93f7-485c-8a91-42cbad973386,60.00,9.99,72.03,0.00,2.51,17.47
fb2015f5-81e1-413f-9bb0-0ca25ee3b682,0.00,0.00,0.00,60.00,11.00,77.00
fb21cb05-b184-4a15-b707-f979450d8ba3,0.00,0.00,0.00,60.00,12.75,93.25
fb40c5ca-ad68-4e11-a689-a7a7a72896f8,60.00,23.95,161.65,0.00,0.00,6.00
fb5d4428-9c5c-41e4-8af2-6a1e7b07d0fd,60.00,11.46,82.34,0.00,2.52,17.58
fb77321b-4401-45d0-b6ab-06e795367d00,60.00,11.59,83.24,0.00,2.39,16.67
fb7d515d-264c-4527-be85-f524f264cbfe,60.00,13.61,93.99,0.00,0.39,5.01
fb961b68-4f75-4304-9a30-80b714559f63,60.00,15.71,95.07,0.00,0.29,32.93
fbb0f36a-7223-45a5-9489-7186c59605f7,60.00,11.33,80.69,0.00,2.17,15.81
fbcf2fbb-648e-48e5-ae4b-aaf2b6870913,60.00,11.35,81.53,0.00,2.64,18.39
fbf38bdf-ff1c-4221-9442-7c13c72579fb,0.00,0.00,0.00,60.00,11.00,83.00
fbf48fb5-dcdc-4ad4-ba54-c2f63f18f033,60.00,12.50,87.50,0.00,0.00,0.00
fc0bc6de-6bf6-41c8-ab34-a178a9a82781,60.00,8.86,62.07,0.00,1.81,12.60
fc2b8a01-9291-4b09-a98a-738d2a9f4dca,60.00,10.52,76.55,0.00,2.96,17.83
fc3a9a2f-b29b-40b0-bc46-a80f25d81d10,60.00,8.98,62.94,0.00,2.85,19.89
fc3aaaee-b3a0-4adb-877e-f4df6ddbb349,60.00,8.69,60.90,0.00,2.31,16.10
fc3b81ec-24f1-4d48-a6a5-8eea79f1362c,60.00,11.60,83.30,0.00,2.40,16.70
fc43d054-ffa2-4715-a461-cbf250119994,60.00,7.50,50.82,0.00,0.00,0.18
fc4ae4ba-17fb-4588-a386-c8b22beef227,0.00,0.00,0.00,60.00,11.00,79.98
fc5d22e6-595a-4cab-9abe-6ed539d17a6a,60.00,11.46,80.32,0.00,2.02,14.06
fc98d60f-8fea-4560-aed6-d4a7ce6128c3,0.00,0.00,0.00,60.00,14.00,100.00
fca22568-98bf-449b-89ed-15a37ab475e1,0.00,0.00,0.00,60.00,24.00,168.00
fca8e945-c932-414b-9ea3-a2d88f27881b,60.00,17.00,119.00,0.00,0.00,0.00
fcb1eb9f-8b7b-4772-ad3d-b8997b0f0611,0.00,0.00,0.00,60.00,14.00,100.00
fcbbd353-3cf9-4815-85b2-777b1eb0390c,60.00,14.22,99.30,0.00,2.76,19.59
fcebe2b1-44e3-4026-9a36-335d1603c3e0,60.00,11.56,80.03,0.00,2.44,19.97
fcf6fd98-7a11-4e9b-92f5-dfdcc6f5cc25,60.00,9.80,70.59,0.00,0.20,1.41
fd336c29-0dac-4ce8-81f3-526455fa5fec,0.00,0.00,0.00,60.00,13.00,90.00
fd347892-e02a-4936-9b62-d899223047b3,60.00,17.17,120.14,0.00,0.33,2.36
fd85a9e3-6ffc-439d-8884-888748a60bd8,60.00,9.93,69.57,0.00,2.57,17.93
fd97abfa-6522-4f4a-b567-b7c077c24b93,60.00,12.50,89.50,0.00,0.00,0.00
fdc0fcf2-b733-404d-9743-6c98b326f44e,60.00,9.50,66.55,0.00,2.34,16.28
fdd3b171-0d83-4d71-b291-ff13883fb227,60.00,8.66,60.70,0.00,1.84,12.80
fddb1888-d460-42f4-ba68-2d8c03b2528a,60.00,10.09,70.72,0.00,2.74,19.11
fde12d51-fe22-4a62-8025-b2ba06f2c1db,60.00,24.00,168.00,0.00,0.00,0.00
fde780ae-d0ca-4eda-86eb-615ef07088df,60.00,8.95,62.70,0.00,2.05,14.30
fdf52a02-7dc7-404f-9a9d-24ab40a20578,60.00,9.24,64.77,0.00,1.76,12.23
fdfb1960-bb0a-410d-a8f2-a5c8adc0159c,60.00,11.74,84.27,0.00,2.25,15.65
fe1a340e-928a-483a-8ec6-8ab0d48d3793,60.00,8.69,60.86,0.00,2.31,16.14
fe1c8063-2a9e-4533-98e8-5c6acef21f6c,60.00,10.01,70.12,0.00,2.49,17.38
fe21583b-cdb9-49c6-938e-5b52cb086880,60.00,15.91,111.32,0.00,0.59,4.18
fe2fe979-a98d-4338-97a7-d7bfb748ee5e,60.00,10.54,77.77,0.00,2.46,21.23
fe4d6193-1364-4540-a472-4060fde22ef9,0.00,0.00,0.00,60.00,11.50,80.50
fe4e40d3-9fc4-4c37-bd19-ea2f20768b0b,0.00,0.00,0.00,0.00,0.00,35.50
fe545592-47c3-4d31-8c56-32ebc6b540fa,60.00,14.12,95.61,0.00,2.87,22.27
fe7eebc7-4b4d-4a0f-8dbd-633c8f87d703,34.69,6.18,47.37,0.00,1.32,11.13
fe83cc48-bc69-4d8b-8aea-5b5de4560776,60.00,15.72,103.07,0.00,0.28,24.93
fea1e335-dbaf-4313-9bb2-64dc8f513b24,60.00,16.69,113.73,0.00,0.29,4.16
feb7f91b-d276-4307-8134-0a6ce6a9ce5c,0.00,0.00,0.00,60.00,24.00,168.00
febbc75c-9697-445f-8cd5-b96b4c703470,60.00,9.59,65.58,0.00,0.41,4.92
fee7a7a1-958f-44e5-abc5-1f4ebecc36da,54.69,9.48,66.03,0.00,0.35,2.80
fefabd23-83ac-418e-a84e-90c74fb0a3f7,0.00,0.00,0.00,60.00,11.00,77.00
fefec6c9-1b0d-4e0f-b5dc-86711c84e42f,60.00,10.51,75.57,0.00,0.24,1.68
ff08747f-2709-440e-abe4-43578b3bd962,60.00,13.63,94.09,0.00,0.37,4.91
ff1765bf-7e60-455a-9c17-af6db49d1280,0.00,0.00,0.00,60.00,11.50,82.52
ff2140ad-7b57-4e33-9e56-d984b9267ef5,60.00,9.65,67.63,0.00,2.85,19.87
ff26d650-3db3-4adf-9000-8b25df0cc5e1,60.00,10.03,70.31,0.00,2.47,17.19
ff36b220-0edf-44ae-959e-714c49f0cdb1,0.00,0.00,0.00,60.00,11.50,79.50
ff546a01-1076-4a32-940b-cdca27dee2b5,60.00,12.34,72.61,0.00,11.66,80.82
ff59ad5a-b30f-4d2d-bbef-0cbb6c375424,60.00,16.94,118.49,0.00,0.04,0.39
ff5a8b11-1177-4d81-a5b0-62e7285da3b2,0.00,0.00,0.00,60.00,7.92,56.97
ff5c598b-b5e0-4309-9ba0-3a2efdb69d2a,0.00,0.00,0.00,60.00,12.50,87.50
ff5d3ee0-1574-4a8e-8f21-e8a1aa4e70a6,0.00,0.00,0.00,60.00,14.00,100.00
ff63b15c-9a9c-4f43-b606-efbbf9101440,60.00,9.64,67.51,0.00,2.86,19.99
ff6503b6-820b-4bec-951b-07938c85f157,60.00,8.80,61.69,0.00,2.20,15.31
ff7b6d7a-a407-4f57-b6c1-91cf7f84c1be,60.00,11.52,80.73,0.00,1.98,13.76
ffbcd26a-5986-4dd5-846f-45d16b441c4b,0.00,0.00,0.00,60.00,11.50,80.50
ffc39621-4499-411e-950b-00246a6c1f11,60.00,11.46,82.35,0.00,2.52,17.57
ffcd6653-ee5c-4cef-88be-688d2c5dd563,0.00,0.00,0.00,60.00,11.50,80.50
fff3f0a9-f536-49f3-949c-29278470d803,0.00,0.00,0.00,60.00,24.00,168.00
fffa45a6-0bb6-4c88-8c55-532354e7db34,60.00,11.41,81.97,0.00,2.59,18.03
fffefad8-f538-44f5-a774-3cf2b3b225ba,0.00,0.00,0.00,60.00,24.00,168.00
